
11:12:31.536  [warn] Setting signal handler USR1. Use to write status info to the named pipe.
11:12:31.537  [warn] Setting signal handler SIGINT (Ctrl-C). Use a single SIGINT to enter the Inspector, or multiple SIGINTs for an immediate shutdown.
11:12:31.537  [info] Initializing...
11:12:31.537  [info] 
11:12:31.537  [info]        |    \      \  |     \    ___ \   
11:12:31.537  [info]        |   _ \      \ |    _ \      ) |
11:12:31.537  [info]    \   |  ___ \   |\  |   ___ \    __/
11:12:31.537  [info]   \___/ _/    _\ _| \_| _/    _\ _____|
11:12:31.537  [info] 
11:12:31.537  [info]   JANA2 version:   2026.3.1  (unknown git status)
11:12:31.537  [info]   Install prefix:  /opt/software/linux-x86_64_v2/jana2-2026.03.01-wg4z33kaqyktxtyigvhxefkco7c3rng2
11:12:31.537  [info]   Optional deps:   Podio ROOT 
11:12:31.537  [info] 
11:12:31.538  [info] JWiringService: No wiring file used
11:12:31.539  [info] Loading plugin 'log' from '/opt/local/lib/EICrecon/plugins/log.so'
11:12:31.612  [info] Loading plugin 'dd4hep' from '/opt/local/lib/EICrecon/plugins/dd4hep.so'
11:12:31.612  [info] Loading plugin 'evaluator' from '/opt/local/lib/EICrecon/plugins/evaluator.so'
11:12:31.837  [info] Loading plugin 'acts' from '/opt/local/lib/EICrecon/plugins/acts.so'
11:12:31.838  [info] Loading plugin 'algorithms_init' from '/opt/local/lib/EICrecon/plugins/algorithms_init.so'
11:12:31.839  [info] Loading plugin 'pid_lut' from '/opt/local/lib/EICrecon/plugins/pid_lut.so'
11:12:31.840  [info] Loading plugin 'richgeo' from '/opt/local/lib/EICrecon/plugins/richgeo.so'
11:12:31.840  [info] Loading plugin 'rootfile' from '/opt/local/lib/EICrecon/plugins/rootfile.so'
11:12:31.841  [info] Loading plugin 'beam' from '/opt/local/lib/EICrecon/plugins/beam.so'
11:12:31.855  [info] Loading plugin 'reco' from '/opt/local/lib/EICrecon/plugins/reco.so'
11:12:31.857  [info] Loading plugin 'tracking' from '/opt/local/lib/EICrecon/plugins/tracking.so'
11:12:31.858  [info] Loading plugin 'particle_flow' from '/opt/local/lib/EICrecon/plugins/particle_flow.so'
11:12:31.859  [info] Loading plugin 'pid' from '/opt/local/lib/EICrecon/plugins/pid.so'
11:12:31.860  [info] Loading plugin 'global_pid_lut' from '/opt/local/lib/EICrecon/plugins/global_pid_lut.so'
11:12:31.863  [info] Loading plugin 'EEMC' from '/opt/local/lib/EICrecon/plugins/EEMC.so'
11:12:31.867  [info] Loading plugin 'BEMC' from '/opt/local/lib/EICrecon/plugins/BEMC.so'
11:12:31.869  [info] Loading plugin 'FEMC' from '/opt/local/lib/EICrecon/plugins/FEMC.so'
[] [dd4hep] [info] Loading DD4hep geometry from 1 files
[] [dd4hep] [info]   - loading geometry file:  '/opt/software/linux-x86_64_v2/epic-git.08121aea8b4a9c61b6c405e02e85d18c2353fc91_main-p3pqfrnr5qa7ry42b7yejml3kk63dgn2/share/epic/epic_craterlake_5x41_He3.xml' (patience ....)
[] [dd4hep] [info] Geometry successfully loaded.
[] [FEMC] [info] Homogeneous geometry loaded
11:12:41.559  [info] Loading plugin 'EHCAL' from '/opt/local/lib/EICrecon/plugins/EHCAL.so'
11:12:41.561  [info] Loading plugin 'BHCAL' from '/opt/local/lib/EICrecon/plugins/BHCAL.so'
11:12:41.563  [info] Loading plugin 'FHCAL' from '/opt/local/lib/EICrecon/plugins/FHCAL.so'
11:12:41.564  [info] Loading plugin 'B0ECAL' from '/opt/local/lib/EICrecon/plugins/B0ECAL.so'
11:12:41.566  [info] Loading plugin 'ZDC' from '/opt/local/lib/EICrecon/plugins/ZDC.so'
11:12:41.567  [info] Loading plugin 'BTRK' from '/opt/local/lib/EICrecon/plugins/BTRK.so'
11:12:41.568  [info] Loading plugin 'BVTX' from '/opt/local/lib/EICrecon/plugins/BVTX.so'
11:12:41.569  [info] Loading plugin 'PFRICH' from '/opt/local/lib/EICrecon/plugins/PFRICH.so'
11:12:41.570  [info] Loading plugin 'DIRC' from '/opt/local/lib/EICrecon/plugins/DIRC.so'
11:12:41.571  [info] Loading plugin 'DRICH' from '/opt/local/lib/EICrecon/plugins/DRICH.so'
11:12:41.572  [info] Loading plugin 'ECTRK' from '/opt/local/lib/EICrecon/plugins/ECTRK.so'
11:12:41.573  [info] Loading plugin 'MPGD' from '/opt/local/lib/EICrecon/plugins/MPGD.so'
[] [tracking] [info] pixel XML loaded for "InnerMPGDBarrel"
[] [tracking] [info] pixel XML loaded for "MPGDOuterBarrel"
[] [tracking] [info] pixel digitization will be applied to "InnerMPGDBarrel"
[] [tracking] [info] pixel digitization will be applied to "MPGDOuterBarrel"
11:12:41.575  [info] Loading plugin 'B0TRK' from '/opt/local/lib/EICrecon/plugins/B0TRK.so'
11:12:41.577  [info] Loading plugin 'RPOTS' from '/opt/local/lib/EICrecon/plugins/RPOTS.so'
11:12:41.578  [info] Loading plugin 'FOFFMTRK' from '/opt/local/lib/EICrecon/plugins/FOFFMTRK.so'
11:12:41.579  [info] Loading plugin 'BTOF' from '/opt/local/lib/EICrecon/plugins/BTOF.so'
11:12:41.581  [info] Loading plugin 'ECTOF' from '/opt/local/lib/EICrecon/plugins/ECTOF.so'
11:12:41.584  [info] Loading plugin 'LOWQ2' from '/opt/local/lib/EICrecon/plugins/LOWQ2.so'
11:12:41.585  [info] Loading plugin 'LUMISPECCAL' from '/opt/local/lib/EICrecon/plugins/LUMISPECCAL.so'
11:12:41.620  [info] Loading plugin 'podio' from '/opt/local/lib/EICrecon/plugins/podio.so'
11:12:41.620  [info] Loading plugin 'janatop' from '/opt/local/lib/EICrecon/plugins/janatop.so'
[] [GeoSvc] [info] Initializing geometry service from pre-initialized detector
[] [acts] [info] loading materials map from file: 'calibrations/materials-map.cbor'
[] [acts] [info] Converting DD4Hep geometry to ACTS...
[] [acts] [info] CONV           Translating DD4hep geometry into Acts geometry
[] [acts] [info] CONV           Translating DD4hep sub detector: acts_beampipe_central
[] [acts] [info] CONV           Translating DD4hep sub detector: VertexBarrelSubAssembly
[] [acts] [info] CONV           Translating DD4hep sub detector: InnerSiTrackerSubAssembly
[] [acts] [info] CONV           Translating DD4hep sub detector: MiddleSiBarrelSubAssembly
[] [acts] [info] CONV           Translating DD4hep sub detector: OuterSiBarrelSubAssembly
[] [acts] [info] CONV           Translating DD4hep sub detector: MiddleSiEndcapSubAssembly
[] [acts] [info] CONV           Translating DD4hep sub detector: OuterSiEndcapSubAssembly
[] [acts] [info] CONV           Translating DD4hep sub detector: EndcapMPGDSubAssembly
[] [acts] [info] CONV           Translating DD4hep sub detector: InnerMPGDBarrelSubAssembly
[] [acts] [info] CONV           Translating DD4hep sub detector: EndcapTOFSubAssembly
[] [acts] [info] CONV           Translating DD4hep sub detector: BarrelTOFSubAssembly
[] [acts] [info] CONV           Translating DD4hep sub detector: OuterBarrelMPGDSubAssembly
[] [acts] [info] CONV           Translating DD4hep sub detector: EcalBarrelTrackerSubAssembly
[] [acts] [info] CONV           Translating DD4hep sub detector: B0TrackerSubAssembly
[] [acts] [info] DD4Hep geometry converted!
[] [acts] [info] Checking surfaces...
[] [acts] [info] Loading magnetic field...
[] [acts] [info] ActsGeometryProvider initialization complete
[] [RandomSvc] [info] Custom random seed requested: 1
[] [PIDLookupTableSvc] [info] Loading PID lookup table "calibrations/pfrich.lut"
[] [PIDLookupTableSvc] [info] Loading PID lookup table "calibrations/tof.lut"
[] [PIDLookupTableSvc] [info] Loading PID lookup table "calibrations/hpdirc.lut.gz"
[] [PIDLookupTableSvc] [info] Loading PID lookup table "calibrations/drich.lut.gz"
[] [BEMC:EcalBarrelScFiProtoClusters] [info] Clustering uses localDistXZ with distances <= [80,80]
[] [BEMC:EcalBarrelScFiProtoTopoClusters] [info] Same-layer clustering (same sector and same layer): Local [x, y, z] distance between hits <= [80.0000 mm, 80.0000 mm, 40.0000 mm].
[] [BEMC:EcalBarrelScFiProtoTopoClusters] [info] Neighbour layers clustering (same sector and layer id within +- 2): Global [x, y, z] distance between hits <= [80.0000 mm, 80.0000 mm, 40.0000 mm].
[] [BEMC:EcalBarrelScFiProtoTopoClusters] [info] Neighbour sectors clustering (different sector): Global distance between hits <= 50.0000 mm.
[] [BEMC:EcalBarrelImagingProtoClusters] [info] Same-layer clustering (same sector and same layer): Global [t, z] distance between hits <= [2.0000 mm, 2.0000 mm].
[] [BEMC:EcalBarrelImagingProtoClusters] [info] Neighbour layers clustering (same sector and layer id within +- 2): Global [eta, phi] distance between hits <= [0.0100, 0.0100 rad].
[] [BEMC:EcalBarrelImagingProtoClusters] [info] Neighbour sectors clustering (different sector): Global distance between hits <= 30.0000 mm.
[] [FEMC:EcalEndcapPIslandProtoClusters] [info] Clustering uses dimScaledLocalDistXY with distances <= [1.5,1.5]
[] [EHCAL:HcalEndcapNIslandProtoClusters] [info] Clustering uses localDistXY with distances <= [150,150]
[] [FHCAL:HcalEndcapPInsertImagingProtoClusters] [info] Same-layer clustering (same sector and same layer): Local [x, y] distance between hits <= [15.5000 mm, 13.4234 mm].
[] [FHCAL:HcalEndcapPInsertImagingProtoClusters] [info] Neighbour layers clustering (same sector and layer id within +- 1): Global [x, y] distance between hits <= [7.7500 mm, 6.7117 mm].
[] [FHCAL:HcalEndcapPInsertImagingProtoClusters] [info] Neighbour sectors clustering (different sector): Global distance between hits <= 100.0000 mm.
[] [B0ECAL:B0ECalIslandProtoClusters] [info] Clustering uses dimScaledLocalDistXY with distances <= [1.8,1.8]
[] [ZDC:EcalFarForwardZDCIslandProtoClusters] [info] Clustering uses localDistXY with distances <= [500,500]
[] [ZDC:HcalFarForwardZDCImagingProtoClusters] [info] Same-layer clustering (same sector and same layer): Local [x, y] distance between hits <= [36.6000 mm, 36.6000 mm].
[] [ZDC:HcalFarForwardZDCImagingProtoClusters] [info] Neighbour layers clustering (same sector and layer id within +- 1): Global [x, y] distance between hits <= [36.6000 mm, 36.6000 mm].
[] [ZDC:HcalFarForwardZDCImagingProtoClusters] [info] Neighbour sectors clustering (different sector): Global distance between hits <= 100.0000 mm.
[] [ZDC:HcalFarForwardZDCIslandProtoClusters] [info] Clustering uses localDistXY with distances <= [26.84,26.84]
[] [ZDC:HcalFarForwardZDCIslandProtoClustersBaseline] [info] Clustering uses localDistXY with distances <= [500,500]
[] [BTRK:SiBarrelNoiseRawHits] [info] RandomNoisePixel geometry: detector='OuterSiBarrel' layer=1 components=5600 pixels=5733352800 expected_hits=1146.67056
[] [BTRK:SiBarrelNoiseRawHits] [info] RandomNoisePixel geometry: detector='SagittaSiBarrel' layer=1 components=1760 pixels=2161827360 expected_hits=432.36547199999995
[] [BTRK:SiBarrelNoiseRawHits] [info] RandomNoisePixel 'BTRK:SiBarrelNoiseRawHits': cached 7360 sensitive components and 2 layer groups for readout 'SiBarrelHits'
[] [BVTX:SiBarrelVertexNoiseRawHits] [info] RandomNoisePixel geometry: detector='VertexBarrel' layer=0 components=1728 pixels=142128864 expected_hits=28.425772799999997
[] [BVTX:SiBarrelVertexNoiseRawHits] [info] RandomNoisePixel geometry: detector='VertexBarrel' layer=1 components=2304 pixels=189505152 expected_hits=37.901030399999996
[] [BVTX:SiBarrelVertexNoiseRawHits] [info] RandomNoisePixel geometry: detector='VertexBarrel' layer=2 components=5760 pixels=473762880 expected_hits=94.75257599999999
[] [BVTX:SiBarrelVertexNoiseRawHits] [info] RandomNoisePixel 'BVTX:SiBarrelVertexNoiseRawHits': cached 9792 sensitive components and 3 layer groups for readout 'VertexBarrelHits'
[] [richgeo] [error] ReadoutGeo is not defined for detector 'PFRICH'
[] [ECTRK:SiEndcapTrackerNoiseRawHits] [info] RandomNoisePixel geometry: detector='InnerTrackerEndcapN' layer=1 components=36 pixels=439489044 expected_hits=87.89780879999999
[] [ECTRK:SiEndcapTrackerNoiseRawHits] [info] RandomNoisePixel geometry: detector='InnerTrackerEndcapP' layer=1 components=36 pixels=439489044 expected_hits=87.89780879999999
[] [ECTRK:SiEndcapTrackerNoiseRawHits] [info] RandomNoisePixel geometry: detector='MiddleTrackerEndcapN' layer=1 components=36 pixels=1335160332 expected_hits=267.03206639999996
[] [ECTRK:SiEndcapTrackerNoiseRawHits] [info] RandomNoisePixel geometry: detector='MiddleTrackerEndcapP' layer=1 components=36 pixels=1335160332 expected_hits=267.03206639999996
[] [ECTRK:SiEndcapTrackerNoiseRawHits] [info] RandomNoisePixel geometry: detector='OuterTrackerEndcapN' layer=2 components=36 pixels=1376932788 expected_hits=275.3865576
[] [ECTRK:SiEndcapTrackerNoiseRawHits] [info] RandomNoisePixel geometry: detector='OuterTrackerEndcapN' layer=3 components=36 pixels=1375003980 expected_hits=275.000796
[] [ECTRK:SiEndcapTrackerNoiseRawHits] [info] RandomNoisePixel geometry: detector='OuterTrackerEndcapN' layer=4 components=36 pixels=1370766708 expected_hits=274.1533416
[] [ECTRK:SiEndcapTrackerNoiseRawHits] [info] RandomNoisePixel geometry: detector='OuterTrackerEndcapP' layer=2 components=36 pixels=1375990020 expected_hits=275.19800399999997
[] [ECTRK:SiEndcapTrackerNoiseRawHits] [info] RandomNoisePixel geometry: detector='OuterTrackerEndcapP' layer=3 components=36 pixels=1367146836 expected_hits=273.4293672
[] [ECTRK:SiEndcapTrackerNoiseRawHits] [info] RandomNoisePixel geometry: detector='OuterTrackerEndcapP' layer=4 components=36 pixels=1355967684 expected_hits=271.1935368
[] [ECTRK:SiEndcapTrackerNoiseRawHits] [info] RandomNoisePixel 'ECTRK:SiEndcapTrackerNoiseRawHits': cached 360 sensitive components and 10 layer groups for readout 'TrackerEndcapHits'
11:12:50.362  [info] Arrow topology is:
11:12:50.362  [info]   -----------------------------------------------------
11:12:50.362  [info]         Arrow         Parallel  Port  Place   ID  Order  
11:12:50.362  [info]   ------------------  --------  ----  ------  --  -----  
11:12:50.362  [info]   PhysicsEventSource     0      in    Pool    0          
11:12:50.362  [info]                                 out   Queue   1   Est    
11:12:50.362  [info]   PhysicsEventMap1       1      in    Queue   1          
11:12:50.362  [info]                                 out   Pool    0          
11:12:50.362  [info]   -----------------------------------------------------
11:12:50.362  [info] 
11:12:50.362  [warn] To pause processing and inspect, press Ctrl-C.
11:12:50.363  [warn] For a clean shutdown, press Ctrl-C twice.
11:12:50.363  [warn] For a hard shutdown, press Ctrl-C three times.
11:12:50.363  [warn] For worker status information, press Ctrl-Z, or run `jana-status 3816521`
11:12:50.363  [info] Initialized JEventSource 'JEventSourcePODIO' ('/work/eic/users/aabhishe/EIC_3He_5x41_bc.hepmc3.tree_sim_output.root')
[] [JEventProcessorPODIO] [info] Using 'root' backend for output file: /work/eic/users/aabhishe/EIC_3He_5x41_bc.hepmc3.tree_sim_output_recon_test.root
11:12:50.371  [info] Initialized JEventProcessor 'JEventProcessorPODIO'
11:12:50.371  [info] Initialized JEventProcessor 'JEventProcessorJANATOP'
11:12:50.371  [info] Configuration Parameters
11:12:50.371  [info] 
11:12:50.371  [info]  - key:         dd4hep:xml_files
11:12:50.371  [info]    value:       /opt/software/linux-x86_64_v2/epic-git.08121aea8b4a9c61b6c405e02e85d18c2353fc91_main-p3pqfrnr5qa7ry42b7yejml3kk63dgn2/share/epic/epic_craterlake_5x41_He3.xml
11:12:50.371  [info]    default:     /opt/software/linux-x86_64_v2/epic-git.08121aea8b4a9c61b6c405e02e85d18c2353fc91_main-p3pqfrnr5qa7ry42b7yejml3kk63dgn2/share/epic/epic.xml
11:12:50.372  [info]    description: Comma separated list of XML files describing the DD4hep geometry. (Defaults to ${DETECTOR_PATH}/${DETECTOR_CONFIG}.xml using envars.)
11:12:50.372  [info] 
11:12:50.372  [info]  - key:         jana:nevents
11:12:50.372  [info]    value:       100
11:12:50.373  [info]    default:     0
11:12:50.373  [info]    description: Max number of events that sources can emit
11:12:50.374  [info] 
11:12:50.374  [info]  - key:         jana:parameter_strictness
11:12:50.374  [info]    value:       2
11:12:50.375  [info]    default:     1
11:12:50.375  [info]    description: 0: Ignore unused parameters
11:12:50.375  [info]                 1: Warn on unused parameters
11:12:50.376  [info]                 2: Throw on unused parameters
11:12:50.376  [info] 
11:12:50.376  [info]  - key:         jana:timeout
11:12:50.378  [info]    value:       180
11:12:50.378  [info]    default:     8
11:12:50.378  [info]    description: Max time (in seconds) JANA will wait for a thread to update its heartbeat before hard-exiting. 0 to disable timeout completely.
11:12:50.379  [info] 
11:12:50.379  [info]  - key:         jana:warmup_timeout
11:12:50.380  [info]    value:       180
11:12:50.380  [info]    default:     30
11:12:50.381  [info]    description: Max time (in seconds) JANA will wait for 'initial' events to complete before hard-exiting.
11:12:50.381  [info] 
11:12:50.381  [info]  - key:         plugins
11:12:50.381  [info]    value:       log,dd4hep,evaluator,acts,algorithms_init,pid_lut,richgeo,rootfile,beam,reco,tracking,particle_flow,pid,global_pid_lut,EEMC,BEMC,FEMC,EHCAL,BHCAL,FHCAL,B0ECAL,ZDC,BTRK,BVTX,PFRICH,DIRC,DRICH,ECTRK,MPGD,B0TRK,RPOTS,FOFFMTRK,BTOF,ECTOF,LOWQ2,LUMISPECCAL,podio,janatop
11:12:50.381  [info]    default:     
11:12:50.381  [info]    description: Comma-separated list of plugins to load.
11:12:50.381  [info] 
11:12:50.381  [info]  - key:         podio:output_file
11:12:50.381  [info]    value:       /work/eic/users/aabhishe/EIC_3He_5x41_bc.hepmc3.tree_sim_output_recon_test.root
11:12:50.381  [info]    default:     podio_output.root
11:12:50.381  [info]    description: Name of EDM4hep/podio output file to write to. Setting this will cause the output file to be created and written to.
11:12:50.381  [info] 
11:12:50.381  [info]  - key:         RECORD_CALL_STACK
11:12:50.381  [info]    value:       1
11:12:50.381  [info]    default:     0
11:12:50.381  [info]    description: Records a trace of who called each factory. Reduces performance but necessary for plugins such as janadot.
11:12:50.381  [warn]    warning:     RECORD_CALL_STACK: Advanced
11:12:50.381  [info] 
11:12:50.381  [warn] Starting processing with 1 threads requested...
11:12:50.381  [info] Status: 0 events processed at 0.0 Hz (0.0 Hz avg)
[] [JEventSourcePODIO] [info] PODIO version: file=1.7.99 (executable=1.7.99)
[] [JEventSourcePODIO] [info] Opened PODIO file "/work/eic/users/aabhishe/EIC_3He_5x41_bc.hepmc3.tree_sim_output.root" with 1000 events (format auto-detected)
11:12:50.389  [info] Opened JEventSource 'JEventSourcePODIO' ('/work/eic/users/aabhishe/EIC_3He_5x41_bc.hepmc3.tree_sim_output.root')
[] [B0ECAL:B0ECalIslandProtoClusters] [info] Clustering uses dimScaledLocalDistXY with distances <= [1.8,1.8]
[e:0] [BTRK:SiBarrelNoiseRawHits] [info] RandomNoisePixel geometry: detector='OuterSiBarrel' layer=1 components=5600 pixels=5733352800 expected_hits=1146.67056
[e:0] [BTRK:SiBarrelNoiseRawHits] [info] RandomNoisePixel geometry: detector='SagittaSiBarrel' layer=1 components=1760 pixels=2161827360 expected_hits=432.36547199999995
[e:0] [BTRK:SiBarrelNoiseRawHits] [info] RandomNoisePixel 'BTRK:SiBarrelNoiseRawHits': cached 7360 sensitive components and 2 layer groups for readout 'SiBarrelHits'
[e:0] [BVTX:SiBarrelVertexNoiseRawHits] [info] RandomNoisePixel geometry: detector='VertexBarrel' layer=0 components=1728 pixels=142128864 expected_hits=28.425772799999997
[e:0] [BVTX:SiBarrelVertexNoiseRawHits] [info] RandomNoisePixel geometry: detector='VertexBarrel' layer=1 components=2304 pixels=189505152 expected_hits=37.901030399999996
[e:0] [BVTX:SiBarrelVertexNoiseRawHits] [info] RandomNoisePixel geometry: detector='VertexBarrel' layer=2 components=5760 pixels=473762880 expected_hits=94.75257599999999
[e:0] [BVTX:SiBarrelVertexNoiseRawHits] [info] RandomNoisePixel 'BVTX:SiBarrelVertexNoiseRawHits': cached 9792 sensitive components and 3 layer groups for readout 'VertexBarrelHits'
[e:0] [ECTRK:SiEndcapTrackerNoiseRawHits] [info] RandomNoisePixel geometry: detector='InnerTrackerEndcapN' layer=1 components=36 pixels=439489044 expected_hits=87.89780879999999
[e:0] [ECTRK:SiEndcapTrackerNoiseRawHits] [info] RandomNoisePixel geometry: detector='InnerTrackerEndcapP' layer=1 components=36 pixels=439489044 expected_hits=87.89780879999999
[e:0] [ECTRK:SiEndcapTrackerNoiseRawHits] [info] RandomNoisePixel geometry: detector='MiddleTrackerEndcapN' layer=1 components=36 pixels=1335160332 expected_hits=267.03206639999996
[e:0] [ECTRK:SiEndcapTrackerNoiseRawHits] [info] RandomNoisePixel geometry: detector='MiddleTrackerEndcapP' layer=1 components=36 pixels=1335160332 expected_hits=267.03206639999996
[e:0] [ECTRK:SiEndcapTrackerNoiseRawHits] [info] RandomNoisePixel geometry: detector='OuterTrackerEndcapN' layer=2 components=36 pixels=1376932788 expected_hits=275.3865576
[e:0] [ECTRK:SiEndcapTrackerNoiseRawHits] [info] RandomNoisePixel geometry: detector='OuterTrackerEndcapN' layer=3 components=36 pixels=1375003980 expected_hits=275.000796
[e:0] [ECTRK:SiEndcapTrackerNoiseRawHits] [info] RandomNoisePixel geometry: detector='OuterTrackerEndcapN' layer=4 components=36 pixels=1370766708 expected_hits=274.1533416
[e:0] [ECTRK:SiEndcapTrackerNoiseRawHits] [info] RandomNoisePixel geometry: detector='OuterTrackerEndcapP' layer=2 components=36 pixels=1375990020 expected_hits=275.19800399999997
[e:0] [ECTRK:SiEndcapTrackerNoiseRawHits] [info] RandomNoisePixel geometry: detector='OuterTrackerEndcapP' layer=3 components=36 pixels=1367146836 expected_hits=273.4293672
[e:0] [ECTRK:SiEndcapTrackerNoiseRawHits] [info] RandomNoisePixel geometry: detector='OuterTrackerEndcapP' layer=4 components=36 pixels=1355967684 expected_hits=271.1935368
[e:0] [ECTRK:SiEndcapTrackerNoiseRawHits] [info] RandomNoisePixel 'ECTRK:SiEndcapTrackerNoiseRawHits': cached 360 sensitive components and 10 layer groups for readout 'TrackerEndcapHits'
[e:0] [BEMC:EcalBarrelScFiProtoClusters] [info] Clustering uses localDistXZ with distances <= [80,80]
[e:0] [BEMC:EcalBarrelImagingProtoClusters] [info] Same-layer clustering (same sector and same layer): Global [t, z] distance between hits <= [2.0000 mm, 2.0000 mm].
[e:0] [BEMC:EcalBarrelImagingProtoClusters] [info] Neighbour layers clustering (same sector and layer id within +- 2): Global [eta, phi] distance between hits <= [0.0100, 0.0100 rad].
[e:0] [BEMC:EcalBarrelImagingProtoClusters] [info] Neighbour sectors clustering (different sector): Global distance between hits <= 30.0000 mm.
[e:0] [BEMC:EcalBarrelScFiProtoTopoClusters] [info] Same-layer clustering (same sector and same layer): Local [x, y, z] distance between hits <= [80.0000 mm, 80.0000 mm, 40.0000 mm].
[e:0] [BEMC:EcalBarrelScFiProtoTopoClusters] [info] Neighbour layers clustering (same sector and layer id within +- 2): Global [x, y, z] distance between hits <= [80.0000 mm, 80.0000 mm, 40.0000 mm].
[e:0] [BEMC:EcalBarrelScFiProtoTopoClusters] [info] Neighbour sectors clustering (different sector): Global distance between hits <= 50.0000 mm.
[e:0] [FEMC:EcalEndcapPIslandProtoClusters] [info] Clustering uses dimScaledLocalDistXY with distances <= [1.5,1.5]
[e:0] [ZDC:EcalFarForwardZDCIslandProtoClusters] [info] Clustering uses localDistXY with distances <= [500,500]
[e:0] [EHCAL:HcalEndcapNIslandProtoClusters] [info] Clustering uses localDistXY with distances <= [150,150]
[e:0] [FHCAL:HcalEndcapPInsertImagingProtoClusters] [info] Same-layer clustering (same sector and same layer): Local [x, y] distance between hits <= [15.5000 mm, 13.4234 mm].
[e:0] [FHCAL:HcalEndcapPInsertImagingProtoClusters] [info] Neighbour layers clustering (same sector and layer id within +- 1): Global [x, y] distance between hits <= [7.7500 mm, 6.7117 mm].
[e:0] [FHCAL:HcalEndcapPInsertImagingProtoClusters] [info] Neighbour sectors clustering (different sector): Global distance between hits <= 100.0000 mm.
[e:0] [FOFFMTRK:ForwardOffMRecParticles] [error] No beam protons found
[e:0] [JEventProcessorPODIO] [error] Omitting PODIO collection 'ForwardOffMRecParticles' due to exception: No beam protons found.
[e:0] [RPOTS:ForwardRomanPotRecParticles] [error] No beam protons found
[e:0] [JEventProcessorPODIO] [error] Omitting PODIO collection 'ForwardRomanPotRecParticles' due to exception: No beam protons found.
[e:0] [RPOTS:ForwardRomanPotStaticRecParticles] [error] No beam protons found
[e:0] [JEventProcessorPODIO] [error] Omitting PODIO collection 'ForwardRomanPotStaticRecParticles' due to exception: No beam protons found.
[e:0] [JEventProcessorPODIO] [error] Omitting PODIO collection 'GeneratedBreitFrameParticles' due to exception: JOmniFactory: Failed to get collection InclusiveKinematicsElectron: JOmniFactory: Failed to get collection HadronicFinalState: round_beam_four_momentum: no match for beam momentum 5.000 GeV within 10% of any of the allowed values.
[e:0] [JEventProcessorPODIO] [error] Omitting PODIO collection 'GeneratedCentauroJets' due to exception: JOmniFactory: Failed to get collection GeneratedBreitFrameParticles: JOmniFactory: Failed to get collection InclusiveKinematicsElectron: JOmniFactory: Failed to get collection HadronicFinalState: round_beam_four_momentum: no match for beam momentum 5.000 GeV within 10% of any of the allowed values.
#--------------------------------------------------------------------------
#                         FastJet release 3.5.0
#                 M. Cacciari, G.P. Salam and G. Soyez                  
#     A software package for jet finding and analysis at colliders      
#                           https://fastjet.fr                           
#	                                                                      
# Please cite EPJC72(2012)1896 [arXiv:1111.6097] if you use this package
# for scientific work and optionally PLB641(2006)57 [hep-ph/0512210].   
#                                                                       
# FastJet is provided without warranty under the GNU GPL v2 or higher.  
# It uses T. Chan's closest pair algorithm, S. Fortune's Voronoi code
# and 3rd party plugin jet algorithms. See COPYING file for details.
#--------------------------------------------------------------------------
[e:0] [JEventProcessorPODIO] [error] Omitting PODIO collection 'HadronicFinalState' due to exception: round_beam_four_momentum: no match for beam momentum 5.000 GeV within 10% of any of the allowed values.
[e:0] [ZDC:HcalFarForwardZDCImagingProtoClusters] [info] Same-layer clustering (same sector and same layer): Local [x, y] distance between hits <= [36.6000 mm, 36.6000 mm].
[e:0] [ZDC:HcalFarForwardZDCImagingProtoClusters] [info] Neighbour layers clustering (same sector and layer id within +- 1): Global [x, y] distance between hits <= [36.6000 mm, 36.6000 mm].
[e:0] [ZDC:HcalFarForwardZDCImagingProtoClusters] [info] Neighbour sectors clustering (different sector): Global distance between hits <= 100.0000 mm.
[e:0] [ZDC:HcalFarForwardZDCIslandProtoClustersBaseline] [info] Clustering uses localDistXY with distances <= [500,500]
[e:0] [JEventProcessorPODIO] [error] Omitting PODIO collection 'InclusiveKinematicsDA' due to exception: JOmniFactory: Failed to get collection HadronicFinalState: round_beam_four_momentum: no match for beam momentum 5.000 GeV within 10% of any of the allowed values.
[e:0] [JEventProcessorPODIO] [error] Omitting PODIO collection 'InclusiveKinematicsESigma' due to exception: JOmniFactory: Failed to get collection HadronicFinalState: round_beam_four_momentum: no match for beam momentum 5.000 GeV within 10% of any of the allowed values.
[e:0] [JEventProcessorPODIO] [error] Omitting PODIO collection 'InclusiveKinematicsElectron' due to exception: JOmniFactory: Failed to get collection HadronicFinalState: round_beam_four_momentum: no match for beam momentum 5.000 GeV within 10% of any of the allowed values.
[e:0] [JEventProcessorPODIO] [error] Omitting PODIO collection 'InclusiveKinematicsJB' due to exception: JOmniFactory: Failed to get collection HadronicFinalState: round_beam_four_momentum: no match for beam momentum 5.000 GeV within 10% of any of the allowed values.
[e:0] [JEventProcessorPODIO] [error] Omitting PODIO collection 'InclusiveKinematicsML' due to exception: JOmniFactory: Failed to get collection InclusiveKinematicsElectron: JOmniFactory: Failed to get collection HadronicFinalState: round_beam_four_momentum: no match for beam momentum 5.000 GeV within 10% of any of the allowed values.
[e:0] [JEventProcessorPODIO] [error] Omitting PODIO collection 'InclusiveKinematicsSigma' due to exception: JOmniFactory: Failed to get collection HadronicFinalState: round_beam_four_momentum: no match for beam momentum 5.000 GeV within 10% of any of the allowed values.
[e:0] [JEventProcessorPODIO] [error] Omitting PODIO collection 'InclusiveKinematicseSigma' due to exception: JOmniFactory: Failed to get collection InclusiveKinematicsESigma: JOmniFactory: Failed to get collection HadronicFinalState: round_beam_four_momentum: no match for beam momentum 5.000 GeV within 10% of any of the allowed values.
[e:0] [JEventProcessorPODIO] [error] Omitting PODIO collection 'ReconstructedBreitFrameParticles' due to exception: JOmniFactory: Failed to get collection InclusiveKinematicsElectron: JOmniFactory: Failed to get collection HadronicFinalState: round_beam_four_momentum: no match for beam momentum 5.000 GeV within 10% of any of the allowed values.
[e:0] [JEventProcessorPODIO] [error] Omitting PODIO collection 'ReconstructedCentauroJets' due to exception: JOmniFactory: Failed to get collection ReconstructedBreitFrameParticles: JOmniFactory: Failed to get collection InclusiveKinematicsElectron: JOmniFactory: Failed to get collection HadronicFinalState: round_beam_four_momentum: no match for beam momentum 5.000 GeV within 10% of any of the allowed values.
11:12:50.881  [info] Status: 0 events processed at 0.0 Hz (0.0 Hz avg)
[e:0] [FOFFMTRK:ForwardOffMRecParticles] [error] No beam protons found
[e:0] [JEventProcessorPODIO] [error] Omitting PODIO collection 'ForwardOffMRecParticles' due to exception: No beam protons found.
[e:0] [RPOTS:ForwardRomanPotRecParticles] [error] No beam protons found
[e:0] [JEventProcessorPODIO] [error] Omitting PODIO collection 'ForwardRomanPotRecParticles' due to exception: No beam protons found.
[e:0] [RPOTS:ForwardRomanPotStaticRecParticles] [error] No beam protons found
[e:0] [JEventProcessorPODIO] [error] Omitting PODIO collection 'ForwardRomanPotStaticRecParticles' due to exception: No beam protons found.
[e:0] [JEventProcessorPODIO] [error] Omitting PODIO collection 'GeneratedBreitFrameParticles' due to exception: JOmniFactory: Failed to get collection InclusiveKinematicsElectron: JOmniFactory: Failed to get collection HadronicFinalState: round_beam_four_momentum: no match for beam momentum 5.000 GeV within 10% of any of the allowed values.
[e:0] [JEventProcessorPODIO] [error] Omitting PODIO collection 'GeneratedCentauroJets' due to exception: JOmniFactory: Failed to get collection GeneratedBreitFrameParticles: JOmniFactory: Failed to get collection InclusiveKinematicsElectron: JOmniFactory: Failed to get collection HadronicFinalState: round_beam_four_momentum: no match for beam momentum 5.000 GeV within 10% of any of the allowed values.
[e:0] [JEventProcessorPODIO] [error] Omitting PODIO collection 'HadronicFinalState' due to exception: round_beam_four_momentum: no match for beam momentum 5.000 GeV within 10% of any of the allowed values.
[e:0] [JEventProcessorPODIO] [error] Omitting PODIO collection 'InclusiveKinematicsDA' due to exception: JOmniFactory: Failed to get collection HadronicFinalState: round_beam_four_momentum: no match for beam momentum 5.000 GeV within 10% of any of the allowed values.
[e:0] [JEventProcessorPODIO] [error] Omitting PODIO collection 'InclusiveKinematicsESigma' due to exception: JOmniFactory: Failed to get collection HadronicFinalState: round_beam_four_momentum: no match for beam momentum 5.000 GeV within 10% of any of the allowed values.
[e:0] [JEventProcessorPODIO] [error] Omitting PODIO collection 'InclusiveKinematicsElectron' due to exception: JOmniFactory: Failed to get collection HadronicFinalState: round_beam_four_momentum: no match for beam momentum 5.000 GeV within 10% of any of the allowed values.
[e:0] [JEventProcessorPODIO] [error] Omitting PODIO collection 'InclusiveKinematicsJB' due to exception: JOmniFactory: Failed to get collection HadronicFinalState: round_beam_four_momentum: no match for beam momentum 5.000 GeV within 10% of any of the allowed values.
[e:0] [JEventProcessorPODIO] [error] Omitting PODIO collection 'InclusiveKinematicsML' due to exception: JOmniFactory: Failed to get collection InclusiveKinematicsElectron: JOmniFactory: Failed to get collection HadronicFinalState: round_beam_four_momentum: no match for beam momentum 5.000 GeV within 10% of any of the allowed values.
[e:0] [JEventProcessorPODIO] [error] Omitting PODIO collection 'InclusiveKinematicsSigma' due to exception: JOmniFactory: Failed to get collection HadronicFinalState: round_beam_four_momentum: no match for beam momentum 5.000 GeV within 10% of any of the allowed values.
[e:0] [JEventProcessorPODIO] [error] Omitting PODIO collection 'InclusiveKinematicseSigma' due to exception: JOmniFactory: Failed to get collection InclusiveKinematicsESigma: JOmniFactory: Failed to get collection HadronicFinalState: round_beam_four_momentum: no match for beam momentum 5.000 GeV within 10% of any of the allowed values.
[e:0] [JEventProcessorPODIO] [error] Omitting PODIO collection 'ReconstructedBreitFrameParticles' due to exception: JOmniFactory: Failed to get collection InclusiveKinematicsElectron: JOmniFactory: Failed to get collection HadronicFinalState: round_beam_four_momentum: no match for beam momentum 5.000 GeV within 10% of any of the allowed values.
[e:0] [JEventProcessorPODIO] [error] Omitting PODIO collection 'ReconstructedCentauroJets' due to exception: JOmniFactory: Failed to get collection ReconstructedBreitFrameParticles: JOmniFactory: Failed to get collection InclusiveKinematicsElectron: JOmniFactory: Failed to get collection HadronicFinalState: round_beam_four_momentum: no match for beam momentum 5.000 GeV within 10% of any of the allowed values.
[e:0] [FOFFMTRK:ForwardOffMRecParticles] [error] No beam protons found
[e:0] [JEventProcessorPODIO] [error] Omitting PODIO collection 'ForwardOffMRecParticles' due to exception: No beam protons found.
[e:0] [RPOTS:ForwardRomanPotRecParticles] [error] No beam protons found
[e:0] [JEventProcessorPODIO] [error] Omitting PODIO collection 'ForwardRomanPotRecParticles' due to exception: No beam protons found.
[e:0] [RPOTS:ForwardRomanPotStaticRecParticles] [error] No beam protons found
[e:0] [JEventProcessorPODIO] [error] Omitting PODIO collection 'ForwardRomanPotStaticRecParticles' due to exception: No beam protons found.
[e:0] [JEventProcessorPODIO] [error] Omitting PODIO collection 'GeneratedBreitFrameParticles' due to exception: JOmniFactory: Failed to get collection InclusiveKinematicsElectron: JOmniFactory: Failed to get collection HadronicFinalState: round_beam_four_momentum: no match for beam momentum 5.000 GeV within 10% of any of the allowed values.
[e:0] [JEventProcessorPODIO] [error] Omitting PODIO collection 'GeneratedCentauroJets' due to exception: JOmniFactory: Failed to get collection GeneratedBreitFrameParticles: JOmniFactory: Failed to get collection InclusiveKinematicsElectron: JOmniFactory: Failed to get collection HadronicFinalState: round_beam_four_momentum: no match for beam momentum 5.000 GeV within 10% of any of the allowed values.
[e:0] [JEventProcessorPODIO] [error] Omitting PODIO collection 'HadronicFinalState' due to exception: round_beam_four_momentum: no match for beam momentum 5.000 GeV within 10% of any of the allowed values.
[e:0] [JEventProcessorPODIO] [error] Omitting PODIO collection 'InclusiveKinematicsDA' due to exception: JOmniFactory: Failed to get collection HadronicFinalState: round_beam_four_momentum: no match for beam momentum 5.000 GeV within 10% of any of the allowed values.
[e:0] [JEventProcessorPODIO] [error] Omitting PODIO collection 'InclusiveKinematicsESigma' due to exception: JOmniFactory: Failed to get collection HadronicFinalState: round_beam_four_momentum: no match for beam momentum 5.000 GeV within 10% of any of the allowed values.
[e:0] [JEventProcessorPODIO] [error] Omitting PODIO collection 'InclusiveKinematicsElectron' due to exception: JOmniFactory: Failed to get collection HadronicFinalState: round_beam_four_momentum: no match for beam momentum 5.000 GeV within 10% of any of the allowed values.
[e:0] [JEventProcessorPODIO] [error] Omitting PODIO collection 'InclusiveKinematicsJB' due to exception: JOmniFactory: Failed to get collection HadronicFinalState: round_beam_four_momentum: no match for beam momentum 5.000 GeV within 10% of any of the allowed values.
[e:0] [JEventProcessorPODIO] [error] Omitting PODIO collection 'InclusiveKinematicsML' due to exception: JOmniFactory: Failed to get collection InclusiveKinematicsElectron: JOmniFactory: Failed to get collection HadronicFinalState: round_beam_four_momentum: no match for beam momentum 5.000 GeV within 10% of any of the allowed values.
[e:0] [JEventProcessorPODIO] [error] Omitting PODIO collection 'InclusiveKinematicsSigma' due to exception: JOmniFactory: Failed to get collection HadronicFinalState: round_beam_four_momentum: no match for beam momentum 5.000 GeV within 10% of any of the allowed values.
[e:0] [JEventProcessorPODIO] [error] Omitting PODIO collection 'InclusiveKinematicseSigma' due to exception: JOmniFactory: Failed to get collection InclusiveKinematicsESigma: JOmniFactory: Failed to get collection HadronicFinalState: round_beam_four_momentum: no match for beam momentum 5.000 GeV within 10% of any of the allowed values.
[e:0] [JEventProcessorPODIO] [error] Omitting PODIO collection 'ReconstructedBreitFrameParticles' due to exception: JOmniFactory: Failed to get collection InclusiveKinematicsElectron: JOmniFactory: Failed to get collection HadronicFinalState: round_beam_four_momentum: no match for beam momentum 5.000 GeV within 10% of any of the allowed values.
[e:0] [JEventProcessorPODIO] [error] Omitting PODIO collection 'ReconstructedCentauroJets' due to exception: JOmniFactory: Failed to get collection ReconstructedBreitFrameParticles: JOmniFactory: Failed to get collection InclusiveKinematicsElectron: JOmniFactory: Failed to get collection HadronicFinalState: round_beam_four_momentum: no match for beam momentum 5.000 GeV within 10% of any of the allowed values.
[e:0] [FOFFMTRK:ForwardOffMRecParticles] [error] No beam protons found
[e:0] [JEventProcessorPODIO] [error] Omitting PODIO collection 'ForwardOffMRecParticles' due to exception: No beam protons found.
[e:0] [RPOTS:ForwardRomanPotRecParticles] [error] No beam protons found
[e:0] [JEventProcessorPODIO] [error] Omitting PODIO collection 'ForwardRomanPotRecParticles' due to exception: No beam protons found.
[e:0] [RPOTS:ForwardRomanPotStaticRecParticles] [error] No beam protons found
[e:0] [JEventProcessorPODIO] [error] Omitting PODIO collection 'ForwardRomanPotStaticRecParticles' due to exception: No beam protons found.
[e:0] [JEventProcessorPODIO] [error] Omitting PODIO collection 'GeneratedBreitFrameParticles' due to exception: JOmniFactory: Failed to get collection InclusiveKinematicsElectron: JOmniFactory: Failed to get collection HadronicFinalState: round_beam_four_momentum: no match for beam momentum 5.000 GeV within 10% of any of the allowed values.
[e:0] [JEventProcessorPODIO] [error] Omitting PODIO collection 'GeneratedCentauroJets' due to exception: JOmniFactory: Failed to get collection GeneratedBreitFrameParticles: JOmniFactory: Failed to get collection InclusiveKinematicsElectron: JOmniFactory: Failed to get collection HadronicFinalState: round_beam_four_momentum: no match for beam momentum 5.000 GeV within 10% of any of the allowed values.
[e:0] [JEventProcessorPODIO] [error] Omitting PODIO collection 'HadronicFinalState' due to exception: round_beam_four_momentum: no match for beam momentum 5.000 GeV within 10% of any of the allowed values.
[e:0] [JEventProcessorPODIO] [error] Omitting PODIO collection 'InclusiveKinematicsDA' due to exception: JOmniFactory: Failed to get collection HadronicFinalState: round_beam_four_momentum: no match for beam momentum 5.000 GeV within 10% of any of the allowed values.
[e:0] [JEventProcessorPODIO] [error] Omitting PODIO collection 'InclusiveKinematicsESigma' due to exception: JOmniFactory: Failed to get collection HadronicFinalState: round_beam_four_momentum: no match for beam momentum 5.000 GeV within 10% of any of the allowed values.
[e:0] [JEventProcessorPODIO] [error] Omitting PODIO collection 'InclusiveKinematicsElectron' due to exception: JOmniFactory: Failed to get collection HadronicFinalState: round_beam_four_momentum: no match for beam momentum 5.000 GeV within 10% of any of the allowed values.
[e:0] [JEventProcessorPODIO] [error] Omitting PODIO collection 'InclusiveKinematicsJB' due to exception: JOmniFactory: Failed to get collection HadronicFinalState: round_beam_four_momentum: no match for beam momentum 5.000 GeV within 10% of any of the allowed values.
[e:0] [JEventProcessorPODIO] [error] Omitting PODIO collection 'InclusiveKinematicsML' due to exception: JOmniFactory: Failed to get collection InclusiveKinematicsElectron: JOmniFactory: Failed to get collection HadronicFinalState: round_beam_four_momentum: no match for beam momentum 5.000 GeV within 10% of any of the allowed values.
[e:0] [JEventProcessorPODIO] [error] Omitting PODIO collection 'InclusiveKinematicsSigma' due to exception: JOmniFactory: Failed to get collection HadronicFinalState: round_beam_four_momentum: no match for beam momentum 5.000 GeV within 10% of any of the allowed values.
[e:0] [JEventProcessorPODIO] [error] Omitting PODIO collection 'InclusiveKinematicseSigma' due to exception: JOmniFactory: Failed to get collection InclusiveKinematicsESigma: JOmniFactory: Failed to get collection HadronicFinalState: round_beam_four_momentum: no match for beam momentum 5.000 GeV within 10% of any of the allowed values.
[e:0] [JEventProcessorPODIO] [error] Omitting PODIO collection 'ReconstructedBreitFrameParticles' due to exception: JOmniFactory: Failed to get collection InclusiveKinematicsElectron: JOmniFactory: Failed to get collection HadronicFinalState: round_beam_four_momentum: no match for beam momentum 5.000 GeV within 10% of any of the allowed values.
[e:0] [JEventProcessorPODIO] [error] Omitting PODIO collection 'ReconstructedCentauroJets' due to exception: JOmniFactory: Failed to get collection ReconstructedBreitFrameParticles: JOmniFactory: Failed to get collection InclusiveKinematicsElectron: JOmniFactory: Failed to get collection HadronicFinalState: round_beam_four_momentum: no match for beam momentum 5.000 GeV within 10% of any of the allowed values.
[e:0] [FOFFMTRK:ForwardOffMRecParticles] [error] No beam protons found
[e:0] [JEventProcessorPODIO] [error] Omitting PODIO collection 'ForwardOffMRecParticles' due to exception: No beam protons found.
[e:0] [RPOTS:ForwardRomanPotRecParticles] [error] No beam protons found
[e:0] [JEventProcessorPODIO] [error] Omitting PODIO collection 'ForwardRomanPotRecParticles' due to exception: No beam protons found.
[e:0] [RPOTS:ForwardRomanPotStaticRecParticles] [error] No beam protons found
[e:0] [JEventProcessorPODIO] [error] Omitting PODIO collection 'ForwardRomanPotStaticRecParticles' due to exception: No beam protons found.
[e:0] [JEventProcessorPODIO] [error] Omitting PODIO collection 'GeneratedBreitFrameParticles' due to exception: JOmniFactory: Failed to get collection InclusiveKinematicsElectron: JOmniFactory: Failed to get collection HadronicFinalState: round_beam_four_momentum: no match for beam momentum 5.000 GeV within 10% of any of the allowed values.
[e:0] [JEventProcessorPODIO] [error] Omitting PODIO collection 'GeneratedCentauroJets' due to exception: JOmniFactory: Failed to get collection GeneratedBreitFrameParticles: JOmniFactory: Failed to get collection InclusiveKinematicsElectron: JOmniFactory: Failed to get collection HadronicFinalState: round_beam_four_momentum: no match for beam momentum 5.000 GeV within 10% of any of the allowed values.
[e:0] [JEventProcessorPODIO] [error] Omitting PODIO collection 'HadronicFinalState' due to exception: round_beam_four_momentum: no match for beam momentum 5.000 GeV within 10% of any of the allowed values.
[e:0] [JEventProcessorPODIO] [error] Omitting PODIO collection 'InclusiveKinematicsDA' due to exception: JOmniFactory: Failed to get collection HadronicFinalState: round_beam_four_momentum: no match for beam momentum 5.000 GeV within 10% of any of the allowed values.
[e:0] [JEventProcessorPODIO] [error] Omitting PODIO collection 'InclusiveKinematicsESigma' due to exception: JOmniFactory: Failed to get collection HadronicFinalState: round_beam_four_momentum: no match for beam momentum 5.000 GeV within 10% of any of the allowed values.
[e:0] [JEventProcessorPODIO] [error] Omitting PODIO collection 'InclusiveKinematicsElectron' due to exception: JOmniFactory: Failed to get collection HadronicFinalState: round_beam_four_momentum: no match for beam momentum 5.000 GeV within 10% of any of the allowed values.
[e:0] [JEventProcessorPODIO] [error] Omitting PODIO collection 'InclusiveKinematicsJB' due to exception: JOmniFactory: Failed to get collection HadronicFinalState: round_beam_four_momentum: no match for beam momentum 5.000 GeV within 10% of any of the allowed values.
[e:0] [JEventProcessorPODIO] [error] Omitting PODIO collection 'InclusiveKinematicsML' due to exception: JOmniFactory: Failed to get collection InclusiveKinematicsElectron: JOmniFactory: Failed to get collection HadronicFinalState: round_beam_four_momentum: no match for beam momentum 5.000 GeV within 10% of any of the allowed values.
[e:0] [JEventProcessorPODIO] [error] Omitting PODIO collection 'InclusiveKinematicsSigma' due to exception: JOmniFactory: Failed to get collection HadronicFinalState: round_beam_four_momentum: no match for beam momentum 5.000 GeV within 10% of any of the allowed values.
[e:0] [JEventProcessorPODIO] [error] Omitting PODIO collection 'InclusiveKinematicseSigma' due to exception: JOmniFactory: Failed to get collection InclusiveKinematicsESigma: JOmniFactory: Failed to get collection HadronicFinalState: round_beam_four_momentum: no match for beam momentum 5.000 GeV within 10% of any of the allowed values.
[e:0] [JEventProcessorPODIO] [error] Omitting PODIO collection 'ReconstructedBreitFrameParticles' due to exception: JOmniFactory: Failed to get collection InclusiveKinematicsElectron: JOmniFactory: Failed to get collection HadronicFinalState: round_beam_four_momentum: no match for beam momentum 5.000 GeV within 10% of any of the allowed values.
[e:0] [JEventProcessorPODIO] [error] Omitting PODIO collection 'ReconstructedCentauroJets' due to exception: JOmniFactory: Failed to get collection ReconstructedBreitFrameParticles: JOmniFactory: Failed to get collection InclusiveKinematicsElectron: JOmniFactory: Failed to get collection HadronicFinalState: round_beam_four_momentum: no match for beam momentum 5.000 GeV within 10% of any of the allowed values.
[e:0] [FOFFMTRK:ForwardOffMRecParticles] [error] No beam protons found
[e:0] [JEventProcessorPODIO] [error] Omitting PODIO collection 'ForwardOffMRecParticles' due to exception: No beam protons found.
[e:0] [RPOTS:ForwardRomanPotRecParticles] [error] No beam protons found
[e:0] [JEventProcessorPODIO] [error] Omitting PODIO collection 'ForwardRomanPotRecParticles' due to exception: No beam protons found.
[e:0] [RPOTS:ForwardRomanPotStaticRecParticles] [error] No beam protons found
[e:0] [JEventProcessorPODIO] [error] Omitting PODIO collection 'ForwardRomanPotStaticRecParticles' due to exception: No beam protons found.
[e:0] [JEventProcessorPODIO] [error] Omitting PODIO collection 'GeneratedBreitFrameParticles' due to exception: JOmniFactory: Failed to get collection InclusiveKinematicsElectron: JOmniFactory: Failed to get collection HadronicFinalState: round_beam_four_momentum: no match for beam momentum 5.000 GeV within 10% of any of the allowed values.
[e:0] [JEventProcessorPODIO] [error] Omitting PODIO collection 'GeneratedCentauroJets' due to exception: JOmniFactory: Failed to get collection GeneratedBreitFrameParticles: JOmniFactory: Failed to get collection InclusiveKinematicsElectron: JOmniFactory: Failed to get collection HadronicFinalState: round_beam_four_momentum: no match for beam momentum 5.000 GeV within 10% of any of the allowed values.
[e:0] [JEventProcessorPODIO] [error] Omitting PODIO collection 'HadronicFinalState' due to exception: round_beam_four_momentum: no match for beam momentum 5.000 GeV within 10% of any of the allowed values.
[e:0] [JEventProcessorPODIO] [error] Omitting PODIO collection 'InclusiveKinematicsDA' due to exception: JOmniFactory: Failed to get collection HadronicFinalState: round_beam_four_momentum: no match for beam momentum 5.000 GeV within 10% of any of the allowed values.
[e:0] [JEventProcessorPODIO] [error] Omitting PODIO collection 'InclusiveKinematicsESigma' due to exception: JOmniFactory: Failed to get collection HadronicFinalState: round_beam_four_momentum: no match for beam momentum 5.000 GeV within 10% of any of the allowed values.
[e:0] [JEventProcessorPODIO] [error] Omitting PODIO collection 'InclusiveKinematicsElectron' due to exception: JOmniFactory: Failed to get collection HadronicFinalState: round_beam_four_momentum: no match for beam momentum 5.000 GeV within 10% of any of the allowed values.
[e:0] [JEventProcessorPODIO] [error] Omitting PODIO collection 'InclusiveKinematicsJB' due to exception: JOmniFactory: Failed to get collection HadronicFinalState: round_beam_four_momentum: no match for beam momentum 5.000 GeV within 10% of any of the allowed values.
[e:0] [JEventProcessorPODIO] [error] Omitting PODIO collection 'InclusiveKinematicsML' due to exception: JOmniFactory: Failed to get collection InclusiveKinematicsElectron: JOmniFactory: Failed to get collection HadronicFinalState: round_beam_four_momentum: no match for beam momentum 5.000 GeV within 10% of any of the allowed values.
[e:0] [JEventProcessorPODIO] [error] Omitting PODIO collection 'InclusiveKinematicsSigma' due to exception: JOmniFactory: Failed to get collection HadronicFinalState: round_beam_four_momentum: no match for beam momentum 5.000 GeV within 10% of any of the allowed values.
[e:0] [JEventProcessorPODIO] [error] Omitting PODIO collection 'InclusiveKinematicseSigma' due to exception: JOmniFactory: Failed to get collection InclusiveKinematicsESigma: JOmniFactory: Failed to get collection HadronicFinalState: round_beam_four_momentum: no match for beam momentum 5.000 GeV within 10% of any of the allowed values.
[e:0] [JEventProcessorPODIO] [error] Omitting PODIO collection 'ReconstructedBreitFrameParticles' due to exception: JOmniFactory: Failed to get collection InclusiveKinematicsElectron: JOmniFactory: Failed to get collection HadronicFinalState: round_beam_four_momentum: no match for beam momentum 5.000 GeV within 10% of any of the allowed values.
[e:0] [JEventProcessorPODIO] [error] Omitting PODIO collection 'ReconstructedCentauroJets' due to exception: JOmniFactory: Failed to get collection ReconstructedBreitFrameParticles: JOmniFactory: Failed to get collection InclusiveKinematicsElectron: JOmniFactory: Failed to get collection HadronicFinalState: round_beam_four_momentum: no match for beam momentum 5.000 GeV within 10% of any of the allowed values.
11:12:51.381  [info] Status: 6 events processed at 12.0 Hz (6.0 Hz avg)
[e:0] [FOFFMTRK:ForwardOffMRecParticles] [error] No beam protons found
[e:0] [JEventProcessorPODIO] [error] Omitting PODIO collection 'ForwardOffMRecParticles' due to exception: No beam protons found.
[e:0] [RPOTS:ForwardRomanPotRecParticles] [error] No beam protons found
[e:0] [JEventProcessorPODIO] [error] Omitting PODIO collection 'ForwardRomanPotRecParticles' due to exception: No beam protons found.
[e:0] [RPOTS:ForwardRomanPotStaticRecParticles] [error] No beam protons found
[e:0] [JEventProcessorPODIO] [error] Omitting PODIO collection 'ForwardRomanPotStaticRecParticles' due to exception: No beam protons found.
[e:0] [JEventProcessorPODIO] [error] Omitting PODIO collection 'GeneratedBreitFrameParticles' due to exception: JOmniFactory: Failed to get collection InclusiveKinematicsElectron: JOmniFactory: Failed to get collection HadronicFinalState: round_beam_four_momentum: no match for beam momentum 5.000 GeV within 10% of any of the allowed values.
[e:0] [JEventProcessorPODIO] [error] Omitting PODIO collection 'GeneratedCentauroJets' due to exception: JOmniFactory: Failed to get collection GeneratedBreitFrameParticles: JOmniFactory: Failed to get collection InclusiveKinematicsElectron: JOmniFactory: Failed to get collection HadronicFinalState: round_beam_four_momentum: no match for beam momentum 5.000 GeV within 10% of any of the allowed values.
[e:0] [JEventProcessorPODIO] [error] Omitting PODIO collection 'HadronicFinalState' due to exception: round_beam_four_momentum: no match for beam momentum 5.000 GeV within 10% of any of the allowed values.
[e:0] [JEventProcessorPODIO] [error] Omitting PODIO collection 'InclusiveKinematicsDA' due to exception: JOmniFactory: Failed to get collection HadronicFinalState: round_beam_four_momentum: no match for beam momentum 5.000 GeV within 10% of any of the allowed values.
[e:0] [JEventProcessorPODIO] [error] Omitting PODIO collection 'InclusiveKinematicsESigma' due to exception: JOmniFactory: Failed to get collection HadronicFinalState: round_beam_four_momentum: no match for beam momentum 5.000 GeV within 10% of any of the allowed values.
[e:0] [JEventProcessorPODIO] [error] Omitting PODIO collection 'InclusiveKinematicsElectron' due to exception: JOmniFactory: Failed to get collection HadronicFinalState: round_beam_four_momentum: no match for beam momentum 5.000 GeV within 10% of any of the allowed values.
[e:0] [JEventProcessorPODIO] [error] Omitting PODIO collection 'InclusiveKinematicsJB' due to exception: JOmniFactory: Failed to get collection HadronicFinalState: round_beam_four_momentum: no match for beam momentum 5.000 GeV within 10% of any of the allowed values.
[e:0] [JEventProcessorPODIO] [error] Omitting PODIO collection 'InclusiveKinematicsML' due to exception: JOmniFactory: Failed to get collection InclusiveKinematicsElectron: JOmniFactory: Failed to get collection HadronicFinalState: round_beam_four_momentum: no match for beam momentum 5.000 GeV within 10% of any of the allowed values.
[e:0] [JEventProcessorPODIO] [error] Omitting PODIO collection 'InclusiveKinematicsSigma' due to exception: JOmniFactory: Failed to get collection HadronicFinalState: round_beam_four_momentum: no match for beam momentum 5.000 GeV within 10% of any of the allowed values.
[e:0] [JEventProcessorPODIO] [error] Omitting PODIO collection 'InclusiveKinematicseSigma' due to exception: JOmniFactory: Failed to get collection InclusiveKinematicsESigma: JOmniFactory: Failed to get collection HadronicFinalState: round_beam_four_momentum: no match for beam momentum 5.000 GeV within 10% of any of the allowed values.
[e:0] [JEventProcessorPODIO] [error] Omitting PODIO collection 'ReconstructedBreitFrameParticles' due to exception: JOmniFactory: Failed to get collection InclusiveKinematicsElectron: JOmniFactory: Failed to get collection HadronicFinalState: round_beam_four_momentum: no match for beam momentum 5.000 GeV within 10% of any of the allowed values.
[e:0] [JEventProcessorPODIO] [error] Omitting PODIO collection 'ReconstructedCentauroJets' due to exception: JOmniFactory: Failed to get collection ReconstructedBreitFrameParticles: JOmniFactory: Failed to get collection InclusiveKinematicsElectron: JOmniFactory: Failed to get collection HadronicFinalState: round_beam_four_momentum: no match for beam momentum 5.000 GeV within 10% of any of the allowed values.
[e:0] [FOFFMTRK:ForwardOffMRecParticles] [error] No beam protons found
[e:0] [JEventProcessorPODIO] [error] Omitting PODIO collection 'ForwardOffMRecParticles' due to exception: No beam protons found.
[e:0] [RPOTS:ForwardRomanPotRecParticles] [error] No beam protons found
[e:0] [JEventProcessorPODIO] [error] Omitting PODIO collection 'ForwardRomanPotRecParticles' due to exception: No beam protons found.
[e:0] [RPOTS:ForwardRomanPotStaticRecParticles] [error] No beam protons found
[e:0] [JEventProcessorPODIO] [error] Omitting PODIO collection 'ForwardRomanPotStaticRecParticles' due to exception: No beam protons found.
[e:0] [JEventProcessorPODIO] [error] Omitting PODIO collection 'GeneratedBreitFrameParticles' due to exception: JOmniFactory: Failed to get collection InclusiveKinematicsElectron: JOmniFactory: Failed to get collection HadronicFinalState: round_beam_four_momentum: no match for beam momentum 5.000 GeV within 10% of any of the allowed values.
[e:0] [JEventProcessorPODIO] [error] Omitting PODIO collection 'GeneratedCentauroJets' due to exception: JOmniFactory: Failed to get collection GeneratedBreitFrameParticles: JOmniFactory: Failed to get collection InclusiveKinematicsElectron: JOmniFactory: Failed to get collection HadronicFinalState: round_beam_four_momentum: no match for beam momentum 5.000 GeV within 10% of any of the allowed values.
[e:0] [JEventProcessorPODIO] [error] Omitting PODIO collection 'HadronicFinalState' due to exception: round_beam_four_momentum: no match for beam momentum 5.000 GeV within 10% of any of the allowed values.
[e:0] [JEventProcessorPODIO] [error] Omitting PODIO collection 'InclusiveKinematicsDA' due to exception: JOmniFactory: Failed to get collection HadronicFinalState: round_beam_four_momentum: no match for beam momentum 5.000 GeV within 10% of any of the allowed values.
[e:0] [JEventProcessorPODIO] [error] Omitting PODIO collection 'InclusiveKinematicsESigma' due to exception: JOmniFactory: Failed to get collection HadronicFinalState: round_beam_four_momentum: no match for beam momentum 5.000 GeV within 10% of any of the allowed values.
[e:0] [JEventProcessorPODIO] [error] Omitting PODIO collection 'InclusiveKinematicsElectron' due to exception: JOmniFactory: Failed to get collection HadronicFinalState: round_beam_four_momentum: no match for beam momentum 5.000 GeV within 10% of any of the allowed values.
[e:0] [JEventProcessorPODIO] [error] Omitting PODIO collection 'InclusiveKinematicsJB' due to exception: JOmniFactory: Failed to get collection HadronicFinalState: round_beam_four_momentum: no match for beam momentum 5.000 GeV within 10% of any of the allowed values.
[e:0] [JEventProcessorPODIO] [error] Omitting PODIO collection 'InclusiveKinematicsML' due to exception: JOmniFactory: Failed to get collection InclusiveKinematicsElectron: JOmniFactory: Failed to get collection HadronicFinalState: round_beam_four_momentum: no match for beam momentum 5.000 GeV within 10% of any of the allowed values.
[e:0] [JEventProcessorPODIO] [error] Omitting PODIO collection 'InclusiveKinematicsSigma' due to exception: JOmniFactory: Failed to get collection HadronicFinalState: round_beam_four_momentum: no match for beam momentum 5.000 GeV within 10% of any of the allowed values.
[e:0] [JEventProcessorPODIO] [error] Omitting PODIO collection 'InclusiveKinematicseSigma' due to exception: JOmniFactory: Failed to get collection InclusiveKinematicsESigma: JOmniFactory: Failed to get collection HadronicFinalState: round_beam_four_momentum: no match for beam momentum 5.000 GeV within 10% of any of the allowed values.
[e:0] [JEventProcessorPODIO] [error] Omitting PODIO collection 'ReconstructedBreitFrameParticles' due to exception: JOmniFactory: Failed to get collection InclusiveKinematicsElectron: JOmniFactory: Failed to get collection HadronicFinalState: round_beam_four_momentum: no match for beam momentum 5.000 GeV within 10% of any of the allowed values.
[e:0] [JEventProcessorPODIO] [error] Omitting PODIO collection 'ReconstructedCentauroJets' due to exception: JOmniFactory: Failed to get collection ReconstructedBreitFrameParticles: JOmniFactory: Failed to get collection InclusiveKinematicsElectron: JOmniFactory: Failed to get collection HadronicFinalState: round_beam_four_momentum: no match for beam momentum 5.000 GeV within 10% of any of the allowed values.
[e:0] [FOFFMTRK:ForwardOffMRecParticles] [error] No beam protons found
[e:0] [JEventProcessorPODIO] [error] Omitting PODIO collection 'ForwardOffMRecParticles' due to exception: No beam protons found.
[e:0] [RPOTS:ForwardRomanPotRecParticles] [error] No beam protons found
[e:0] [JEventProcessorPODIO] [error] Omitting PODIO collection 'ForwardRomanPotRecParticles' due to exception: No beam protons found.
[e:0] [RPOTS:ForwardRomanPotStaticRecParticles] [error] No beam protons found
[e:0] [JEventProcessorPODIO] [error] Omitting PODIO collection 'ForwardRomanPotStaticRecParticles' due to exception: No beam protons found.
[e:0] [JEventProcessorPODIO] [error] Omitting PODIO collection 'GeneratedBreitFrameParticles' due to exception: JOmniFactory: Failed to get collection InclusiveKinematicsElectron: JOmniFactory: Failed to get collection HadronicFinalState: round_beam_four_momentum: no match for beam momentum 5.000 GeV within 10% of any of the allowed values.
[e:0] [JEventProcessorPODIO] [error] Omitting PODIO collection 'GeneratedCentauroJets' due to exception: JOmniFactory: Failed to get collection GeneratedBreitFrameParticles: JOmniFactory: Failed to get collection InclusiveKinematicsElectron: JOmniFactory: Failed to get collection HadronicFinalState: round_beam_four_momentum: no match for beam momentum 5.000 GeV within 10% of any of the allowed values.
[e:0] [JEventProcessorPODIO] [error] Omitting PODIO collection 'HadronicFinalState' due to exception: round_beam_four_momentum: no match for beam momentum 5.000 GeV within 10% of any of the allowed values.
[e:0] [JEventProcessorPODIO] [error] Omitting PODIO collection 'InclusiveKinematicsDA' due to exception: JOmniFactory: Failed to get collection HadronicFinalState: round_beam_four_momentum: no match for beam momentum 5.000 GeV within 10% of any of the allowed values.
[e:0] [JEventProcessorPODIO] [error] Omitting PODIO collection 'InclusiveKinematicsESigma' due to exception: JOmniFactory: Failed to get collection HadronicFinalState: round_beam_four_momentum: no match for beam momentum 5.000 GeV within 10% of any of the allowed values.
[e:0] [JEventProcessorPODIO] [error] Omitting PODIO collection 'InclusiveKinematicsElectron' due to exception: JOmniFactory: Failed to get collection HadronicFinalState: round_beam_four_momentum: no match for beam momentum 5.000 GeV within 10% of any of the allowed values.
[e:0] [JEventProcessorPODIO] [error] Omitting PODIO collection 'InclusiveKinematicsJB' due to exception: JOmniFactory: Failed to get collection HadronicFinalState: round_beam_four_momentum: no match for beam momentum 5.000 GeV within 10% of any of the allowed values.
[e:0] [JEventProcessorPODIO] [error] Omitting PODIO collection 'InclusiveKinematicsML' due to exception: JOmniFactory: Failed to get collection InclusiveKinematicsElectron: JOmniFactory: Failed to get collection HadronicFinalState: round_beam_four_momentum: no match for beam momentum 5.000 GeV within 10% of any of the allowed values.
[e:0] [JEventProcessorPODIO] [error] Omitting PODIO collection 'InclusiveKinematicsSigma' due to exception: JOmniFactory: Failed to get collection HadronicFinalState: round_beam_four_momentum: no match for beam momentum 5.000 GeV within 10% of any of the allowed values.
[e:0] [JEventProcessorPODIO] [error] Omitting PODIO collection 'InclusiveKinematicseSigma' due to exception: JOmniFactory: Failed to get collection InclusiveKinematicsESigma: JOmniFactory: Failed to get collection HadronicFinalState: round_beam_four_momentum: no match for beam momentum 5.000 GeV within 10% of any of the allowed values.
[e:0] [JEventProcessorPODIO] [error] Omitting PODIO collection 'ReconstructedBreitFrameParticles' due to exception: JOmniFactory: Failed to get collection InclusiveKinematicsElectron: JOmniFactory: Failed to get collection HadronicFinalState: round_beam_four_momentum: no match for beam momentum 5.000 GeV within 10% of any of the allowed values.
[e:0] [JEventProcessorPODIO] [error] Omitting PODIO collection 'ReconstructedCentauroJets' due to exception: JOmniFactory: Failed to get collection ReconstructedBreitFrameParticles: JOmniFactory: Failed to get collection InclusiveKinematicsElectron: JOmniFactory: Failed to get collection HadronicFinalState: round_beam_four_momentum: no match for beam momentum 5.000 GeV within 10% of any of the allowed values.
[e:0] [FOFFMTRK:ForwardOffMRecParticles] [error] No beam protons found
[e:0] [JEventProcessorPODIO] [error] Omitting PODIO collection 'ForwardOffMRecParticles' due to exception: No beam protons found.
[e:0] [RPOTS:ForwardRomanPotRecParticles] [error] No beam protons found
[e:0] [JEventProcessorPODIO] [error] Omitting PODIO collection 'ForwardRomanPotRecParticles' due to exception: No beam protons found.
[e:0] [RPOTS:ForwardRomanPotStaticRecParticles] [error] No beam protons found
[e:0] [JEventProcessorPODIO] [error] Omitting PODIO collection 'ForwardRomanPotStaticRecParticles' due to exception: No beam protons found.
[e:0] [JEventProcessorPODIO] [error] Omitting PODIO collection 'GeneratedBreitFrameParticles' due to exception: JOmniFactory: Failed to get collection InclusiveKinematicsElectron: JOmniFactory: Failed to get collection HadronicFinalState: round_beam_four_momentum: no match for beam momentum 5.000 GeV within 10% of any of the allowed values.
[e:0] [JEventProcessorPODIO] [error] Omitting PODIO collection 'GeneratedCentauroJets' due to exception: JOmniFactory: Failed to get collection GeneratedBreitFrameParticles: JOmniFactory: Failed to get collection InclusiveKinematicsElectron: JOmniFactory: Failed to get collection HadronicFinalState: round_beam_four_momentum: no match for beam momentum 5.000 GeV within 10% of any of the allowed values.
[e:0] [JEventProcessorPODIO] [error] Omitting PODIO collection 'HadronicFinalState' due to exception: round_beam_four_momentum: no match for beam momentum 5.000 GeV within 10% of any of the allowed values.
[e:0] [JEventProcessorPODIO] [error] Omitting PODIO collection 'InclusiveKinematicsDA' due to exception: JOmniFactory: Failed to get collection HadronicFinalState: round_beam_four_momentum: no match for beam momentum 5.000 GeV within 10% of any of the allowed values.
[e:0] [JEventProcessorPODIO] [error] Omitting PODIO collection 'InclusiveKinematicsESigma' due to exception: JOmniFactory: Failed to get collection HadronicFinalState: round_beam_four_momentum: no match for beam momentum 5.000 GeV within 10% of any of the allowed values.
[e:0] [JEventProcessorPODIO] [error] Omitting PODIO collection 'InclusiveKinematicsElectron' due to exception: JOmniFactory: Failed to get collection HadronicFinalState: round_beam_four_momentum: no match for beam momentum 5.000 GeV within 10% of any of the allowed values.
[e:0] [JEventProcessorPODIO] [error] Omitting PODIO collection 'InclusiveKinematicsJB' due to exception: JOmniFactory: Failed to get collection HadronicFinalState: round_beam_four_momentum: no match for beam momentum 5.000 GeV within 10% of any of the allowed values.
[e:0] [JEventProcessorPODIO] [error] Omitting PODIO collection 'InclusiveKinematicsML' due to exception: JOmniFactory: Failed to get collection InclusiveKinematicsElectron: JOmniFactory: Failed to get collection HadronicFinalState: round_beam_four_momentum: no match for beam momentum 5.000 GeV within 10% of any of the allowed values.
[e:0] [JEventProcessorPODIO] [error] Omitting PODIO collection 'InclusiveKinematicsSigma' due to exception: JOmniFactory: Failed to get collection HadronicFinalState: round_beam_four_momentum: no match for beam momentum 5.000 GeV within 10% of any of the allowed values.
[e:0] [JEventProcessorPODIO] [error] Omitting PODIO collection 'InclusiveKinematicseSigma' due to exception: JOmniFactory: Failed to get collection InclusiveKinematicsESigma: JOmniFactory: Failed to get collection HadronicFinalState: round_beam_four_momentum: no match for beam momentum 5.000 GeV within 10% of any of the allowed values.
[e:0] [JEventProcessorPODIO] [error] Omitting PODIO collection 'ReconstructedBreitFrameParticles' due to exception: JOmniFactory: Failed to get collection InclusiveKinematicsElectron: JOmniFactory: Failed to get collection HadronicFinalState: round_beam_four_momentum: no match for beam momentum 5.000 GeV within 10% of any of the allowed values.
[e:0] [JEventProcessorPODIO] [error] Omitting PODIO collection 'ReconstructedCentauroJets' due to exception: JOmniFactory: Failed to get collection ReconstructedBreitFrameParticles: JOmniFactory: Failed to get collection InclusiveKinematicsElectron: JOmniFactory: Failed to get collection HadronicFinalState: round_beam_four_momentum: no match for beam momentum 5.000 GeV within 10% of any of the allowed values.
[e:0] [FOFFMTRK:ForwardOffMRecParticles] [error] No beam protons found
[e:0] [JEventProcessorPODIO] [error] Omitting PODIO collection 'ForwardOffMRecParticles' due to exception: No beam protons found.
[e:0] [RPOTS:ForwardRomanPotRecParticles] [error] No beam protons found
[e:0] [JEventProcessorPODIO] [error] Omitting PODIO collection 'ForwardRomanPotRecParticles' due to exception: No beam protons found.
[e:0] [RPOTS:ForwardRomanPotStaticRecParticles] [error] No beam protons found
[e:0] [JEventProcessorPODIO] [error] Omitting PODIO collection 'ForwardRomanPotStaticRecParticles' due to exception: No beam protons found.
[e:0] [JEventProcessorPODIO] [error] Omitting PODIO collection 'GeneratedBreitFrameParticles' due to exception: JOmniFactory: Failed to get collection InclusiveKinematicsElectron: JOmniFactory: Failed to get collection HadronicFinalState: round_beam_four_momentum: no match for beam momentum 5.000 GeV within 10% of any of the allowed values.
[e:0] [JEventProcessorPODIO] [error] Omitting PODIO collection 'GeneratedCentauroJets' due to exception: JOmniFactory: Failed to get collection GeneratedBreitFrameParticles: JOmniFactory: Failed to get collection InclusiveKinematicsElectron: JOmniFactory: Failed to get collection HadronicFinalState: round_beam_four_momentum: no match for beam momentum 5.000 GeV within 10% of any of the allowed values.
[e:0] [JEventProcessorPODIO] [error] Omitting PODIO collection 'HadronicFinalState' due to exception: round_beam_four_momentum: no match for beam momentum 5.000 GeV within 10% of any of the allowed values.
[e:0] [JEventProcessorPODIO] [error] Omitting PODIO collection 'InclusiveKinematicsDA' due to exception: JOmniFactory: Failed to get collection HadronicFinalState: round_beam_four_momentum: no match for beam momentum 5.000 GeV within 10% of any of the allowed values.
[e:0] [JEventProcessorPODIO] [error] Omitting PODIO collection 'InclusiveKinematicsESigma' due to exception: JOmniFactory: Failed to get collection HadronicFinalState: round_beam_four_momentum: no match for beam momentum 5.000 GeV within 10% of any of the allowed values.
[e:0] [JEventProcessorPODIO] [error] Omitting PODIO collection 'InclusiveKinematicsElectron' due to exception: JOmniFactory: Failed to get collection HadronicFinalState: round_beam_four_momentum: no match for beam momentum 5.000 GeV within 10% of any of the allowed values.
[e:0] [JEventProcessorPODIO] [error] Omitting PODIO collection 'InclusiveKinematicsJB' due to exception: JOmniFactory: Failed to get collection HadronicFinalState: round_beam_four_momentum: no match for beam momentum 5.000 GeV within 10% of any of the allowed values.
[e:0] [JEventProcessorPODIO] [error] Omitting PODIO collection 'InclusiveKinematicsML' due to exception: JOmniFactory: Failed to get collection InclusiveKinematicsElectron: JOmniFactory: Failed to get collection HadronicFinalState: round_beam_four_momentum: no match for beam momentum 5.000 GeV within 10% of any of the allowed values.
[e:0] [JEventProcessorPODIO] [error] Omitting PODIO collection 'InclusiveKinematicsSigma' due to exception: JOmniFactory: Failed to get collection HadronicFinalState: round_beam_four_momentum: no match for beam momentum 5.000 GeV within 10% of any of the allowed values.
[e:0] [JEventProcessorPODIO] [error] Omitting PODIO collection 'InclusiveKinematicseSigma' due to exception: JOmniFactory: Failed to get collection InclusiveKinematicsESigma: JOmniFactory: Failed to get collection HadronicFinalState: round_beam_four_momentum: no match for beam momentum 5.000 GeV within 10% of any of the allowed values.
[e:0] [JEventProcessorPODIO] [error] Omitting PODIO collection 'ReconstructedBreitFrameParticles' due to exception: JOmniFactory: Failed to get collection InclusiveKinematicsElectron: JOmniFactory: Failed to get collection HadronicFinalState: round_beam_four_momentum: no match for beam momentum 5.000 GeV within 10% of any of the allowed values.
[e:0] [JEventProcessorPODIO] [error] Omitting PODIO collection 'ReconstructedCentauroJets' due to exception: JOmniFactory: Failed to get collection ReconstructedBreitFrameParticles: JOmniFactory: Failed to get collection InclusiveKinematicsElectron: JOmniFactory: Failed to get collection HadronicFinalState: round_beam_four_momentum: no match for beam momentum 5.000 GeV within 10% of any of the allowed values.
[e:0] [FOFFMTRK:ForwardOffMRecParticles] [error] No beam protons found
[e:0] [JEventProcessorPODIO] [error] Omitting PODIO collection 'ForwardOffMRecParticles' due to exception: No beam protons found.
[e:0] [RPOTS:ForwardRomanPotRecParticles] [error] No beam protons found
[e:0] [JEventProcessorPODIO] [error] Omitting PODIO collection 'ForwardRomanPotRecParticles' due to exception: No beam protons found.
[e:0] [RPOTS:ForwardRomanPotStaticRecParticles] [error] No beam protons found
[e:0] [JEventProcessorPODIO] [error] Omitting PODIO collection 'ForwardRomanPotStaticRecParticles' due to exception: No beam protons found.
[e:0] [JEventProcessorPODIO] [error] Omitting PODIO collection 'GeneratedBreitFrameParticles' due to exception: JOmniFactory: Failed to get collection InclusiveKinematicsElectron: JOmniFactory: Failed to get collection HadronicFinalState: round_beam_four_momentum: no match for beam momentum 5.000 GeV within 10% of any of the allowed values.
[e:0] [JEventProcessorPODIO] [error] Omitting PODIO collection 'GeneratedCentauroJets' due to exception: JOmniFactory: Failed to get collection GeneratedBreitFrameParticles: JOmniFactory: Failed to get collection InclusiveKinematicsElectron: JOmniFactory: Failed to get collection HadronicFinalState: round_beam_four_momentum: no match for beam momentum 5.000 GeV within 10% of any of the allowed values.
[e:0] [JEventProcessorPODIO] [error] Omitting PODIO collection 'HadronicFinalState' due to exception: round_beam_four_momentum: no match for beam momentum 5.000 GeV within 10% of any of the allowed values.
[e:0] [JEventProcessorPODIO] [error] Omitting PODIO collection 'InclusiveKinematicsDA' due to exception: JOmniFactory: Failed to get collection HadronicFinalState: round_beam_four_momentum: no match for beam momentum 5.000 GeV within 10% of any of the allowed values.
[e:0] [JEventProcessorPODIO] [error] Omitting PODIO collection 'InclusiveKinematicsESigma' due to exception: JOmniFactory: Failed to get collection HadronicFinalState: round_beam_four_momentum: no match for beam momentum 5.000 GeV within 10% of any of the allowed values.
[e:0] [JEventProcessorPODIO] [error] Omitting PODIO collection 'InclusiveKinematicsElectron' due to exception: JOmniFactory: Failed to get collection HadronicFinalState: round_beam_four_momentum: no match for beam momentum 5.000 GeV within 10% of any of the allowed values.
[e:0] [JEventProcessorPODIO] [error] Omitting PODIO collection 'InclusiveKinematicsJB' due to exception: JOmniFactory: Failed to get collection HadronicFinalState: round_beam_four_momentum: no match for beam momentum 5.000 GeV within 10% of any of the allowed values.
[e:0] [JEventProcessorPODIO] [error] Omitting PODIO collection 'InclusiveKinematicsML' due to exception: JOmniFactory: Failed to get collection InclusiveKinematicsElectron: JOmniFactory: Failed to get collection HadronicFinalState: round_beam_four_momentum: no match for beam momentum 5.000 GeV within 10% of any of the allowed values.
[e:0] [JEventProcessorPODIO] [error] Omitting PODIO collection 'InclusiveKinematicsSigma' due to exception: JOmniFactory: Failed to get collection HadronicFinalState: round_beam_four_momentum: no match for beam momentum 5.000 GeV within 10% of any of the allowed values.
[e:0] [JEventProcessorPODIO] [error] Omitting PODIO collection 'InclusiveKinematicseSigma' due to exception: JOmniFactory: Failed to get collection InclusiveKinematicsESigma: JOmniFactory: Failed to get collection HadronicFinalState: round_beam_four_momentum: no match for beam momentum 5.000 GeV within 10% of any of the allowed values.
[e:0] [JEventProcessorPODIO] [error] Omitting PODIO collection 'ReconstructedBreitFrameParticles' due to exception: JOmniFactory: Failed to get collection InclusiveKinematicsElectron: JOmniFactory: Failed to get collection HadronicFinalState: round_beam_four_momentum: no match for beam momentum 5.000 GeV within 10% of any of the allowed values.
[e:0] [JEventProcessorPODIO] [error] Omitting PODIO collection 'ReconstructedCentauroJets' due to exception: JOmniFactory: Failed to get collection ReconstructedBreitFrameParticles: JOmniFactory: Failed to get collection InclusiveKinematicsElectron: JOmniFactory: Failed to get collection HadronicFinalState: round_beam_four_momentum: no match for beam momentum 5.000 GeV within 10% of any of the allowed values.
11:12:51.881  [info] Status: 12 events processed at 12.0 Hz (8.0 Hz avg)
[e:0] [FOFFMTRK:ForwardOffMRecParticles] [error] No beam protons found
[e:0] [JEventProcessorPODIO] [error] Omitting PODIO collection 'ForwardOffMRecParticles' due to exception: No beam protons found.
[e:0] [RPOTS:ForwardRomanPotRecParticles] [error] No beam protons found
[e:0] [JEventProcessorPODIO] [error] Omitting PODIO collection 'ForwardRomanPotRecParticles' due to exception: No beam protons found.
[e:0] [RPOTS:ForwardRomanPotStaticRecParticles] [error] No beam protons found
[e:0] [JEventProcessorPODIO] [error] Omitting PODIO collection 'ForwardRomanPotStaticRecParticles' due to exception: No beam protons found.
[e:0] [JEventProcessorPODIO] [error] Omitting PODIO collection 'GeneratedBreitFrameParticles' due to exception: JOmniFactory: Failed to get collection InclusiveKinematicsElectron: JOmniFactory: Failed to get collection HadronicFinalState: round_beam_four_momentum: no match for beam momentum 5.000 GeV within 10% of any of the allowed values.
[e:0] [JEventProcessorPODIO] [error] Omitting PODIO collection 'GeneratedCentauroJets' due to exception: JOmniFactory: Failed to get collection GeneratedBreitFrameParticles: JOmniFactory: Failed to get collection InclusiveKinematicsElectron: JOmniFactory: Failed to get collection HadronicFinalState: round_beam_four_momentum: no match for beam momentum 5.000 GeV within 10% of any of the allowed values.
[e:0] [JEventProcessorPODIO] [error] Omitting PODIO collection 'HadronicFinalState' due to exception: round_beam_four_momentum: no match for beam momentum 5.000 GeV within 10% of any of the allowed values.
[e:0] [JEventProcessorPODIO] [error] Omitting PODIO collection 'InclusiveKinematicsDA' due to exception: JOmniFactory: Failed to get collection HadronicFinalState: round_beam_four_momentum: no match for beam momentum 5.000 GeV within 10% of any of the allowed values.
[e:0] [JEventProcessorPODIO] [error] Omitting PODIO collection 'InclusiveKinematicsESigma' due to exception: JOmniFactory: Failed to get collection HadronicFinalState: round_beam_four_momentum: no match for beam momentum 5.000 GeV within 10% of any of the allowed values.
[e:0] [JEventProcessorPODIO] [error] Omitting PODIO collection 'InclusiveKinematicsElectron' due to exception: JOmniFactory: Failed to get collection HadronicFinalState: round_beam_four_momentum: no match for beam momentum 5.000 GeV within 10% of any of the allowed values.
[e:0] [JEventProcessorPODIO] [error] Omitting PODIO collection 'InclusiveKinematicsJB' due to exception: JOmniFactory: Failed to get collection HadronicFinalState: round_beam_four_momentum: no match for beam momentum 5.000 GeV within 10% of any of the allowed values.
[e:0] [JEventProcessorPODIO] [error] Omitting PODIO collection 'InclusiveKinematicsML' due to exception: JOmniFactory: Failed to get collection InclusiveKinematicsElectron: JOmniFactory: Failed to get collection HadronicFinalState: round_beam_four_momentum: no match for beam momentum 5.000 GeV within 10% of any of the allowed values.
[e:0] [JEventProcessorPODIO] [error] Omitting PODIO collection 'InclusiveKinematicsSigma' due to exception: JOmniFactory: Failed to get collection HadronicFinalState: round_beam_four_momentum: no match for beam momentum 5.000 GeV within 10% of any of the allowed values.
[e:0] [JEventProcessorPODIO] [error] Omitting PODIO collection 'InclusiveKinematicseSigma' due to exception: JOmniFactory: Failed to get collection InclusiveKinematicsESigma: JOmniFactory: Failed to get collection HadronicFinalState: round_beam_four_momentum: no match for beam momentum 5.000 GeV within 10% of any of the allowed values.
[e:0] [JEventProcessorPODIO] [error] Omitting PODIO collection 'ReconstructedBreitFrameParticles' due to exception: JOmniFactory: Failed to get collection InclusiveKinematicsElectron: JOmniFactory: Failed to get collection HadronicFinalState: round_beam_four_momentum: no match for beam momentum 5.000 GeV within 10% of any of the allowed values.
[e:0] [JEventProcessorPODIO] [error] Omitting PODIO collection 'ReconstructedCentauroJets' due to exception: JOmniFactory: Failed to get collection ReconstructedBreitFrameParticles: JOmniFactory: Failed to get collection InclusiveKinematicsElectron: JOmniFactory: Failed to get collection HadronicFinalState: round_beam_four_momentum: no match for beam momentum 5.000 GeV within 10% of any of the allowed values.
[e:0] [FOFFMTRK:ForwardOffMRecParticles] [error] No beam protons found
[e:0] [JEventProcessorPODIO] [error] Omitting PODIO collection 'ForwardOffMRecParticles' due to exception: No beam protons found.
[e:0] [RPOTS:ForwardRomanPotRecParticles] [error] No beam protons found
[e:0] [JEventProcessorPODIO] [error] Omitting PODIO collection 'ForwardRomanPotRecParticles' due to exception: No beam protons found.
[e:0] [RPOTS:ForwardRomanPotStaticRecParticles] [error] No beam protons found
[e:0] [JEventProcessorPODIO] [error] Omitting PODIO collection 'ForwardRomanPotStaticRecParticles' due to exception: No beam protons found.
[e:0] [JEventProcessorPODIO] [error] Omitting PODIO collection 'GeneratedBreitFrameParticles' due to exception: JOmniFactory: Failed to get collection InclusiveKinematicsElectron: JOmniFactory: Failed to get collection HadronicFinalState: round_beam_four_momentum: no match for beam momentum 5.000 GeV within 10% of any of the allowed values.
[e:0] [JEventProcessorPODIO] [error] Omitting PODIO collection 'GeneratedCentauroJets' due to exception: JOmniFactory: Failed to get collection GeneratedBreitFrameParticles: JOmniFactory: Failed to get collection InclusiveKinematicsElectron: JOmniFactory: Failed to get collection HadronicFinalState: round_beam_four_momentum: no match for beam momentum 5.000 GeV within 10% of any of the allowed values.
[e:0] [JEventProcessorPODIO] [error] Omitting PODIO collection 'HadronicFinalState' due to exception: round_beam_four_momentum: no match for beam momentum 5.000 GeV within 10% of any of the allowed values.
[e:0] [JEventProcessorPODIO] [error] Omitting PODIO collection 'InclusiveKinematicsDA' due to exception: JOmniFactory: Failed to get collection HadronicFinalState: round_beam_four_momentum: no match for beam momentum 5.000 GeV within 10% of any of the allowed values.
[e:0] [JEventProcessorPODIO] [error] Omitting PODIO collection 'InclusiveKinematicsESigma' due to exception: JOmniFactory: Failed to get collection HadronicFinalState: round_beam_four_momentum: no match for beam momentum 5.000 GeV within 10% of any of the allowed values.
[e:0] [JEventProcessorPODIO] [error] Omitting PODIO collection 'InclusiveKinematicsElectron' due to exception: JOmniFactory: Failed to get collection HadronicFinalState: round_beam_four_momentum: no match for beam momentum 5.000 GeV within 10% of any of the allowed values.
[e:0] [JEventProcessorPODIO] [error] Omitting PODIO collection 'InclusiveKinematicsJB' due to exception: JOmniFactory: Failed to get collection HadronicFinalState: round_beam_four_momentum: no match for beam momentum 5.000 GeV within 10% of any of the allowed values.
[e:0] [JEventProcessorPODIO] [error] Omitting PODIO collection 'InclusiveKinematicsML' due to exception: JOmniFactory: Failed to get collection InclusiveKinematicsElectron: JOmniFactory: Failed to get collection HadronicFinalState: round_beam_four_momentum: no match for beam momentum 5.000 GeV within 10% of any of the allowed values.
[e:0] [JEventProcessorPODIO] [error] Omitting PODIO collection 'InclusiveKinematicsSigma' due to exception: JOmniFactory: Failed to get collection HadronicFinalState: round_beam_four_momentum: no match for beam momentum 5.000 GeV within 10% of any of the allowed values.
[e:0] [JEventProcessorPODIO] [error] Omitting PODIO collection 'InclusiveKinematicseSigma' due to exception: JOmniFactory: Failed to get collection InclusiveKinematicsESigma: JOmniFactory: Failed to get collection HadronicFinalState: round_beam_four_momentum: no match for beam momentum 5.000 GeV within 10% of any of the allowed values.
[e:0] [JEventProcessorPODIO] [error] Omitting PODIO collection 'ReconstructedBreitFrameParticles' due to exception: JOmniFactory: Failed to get collection InclusiveKinematicsElectron: JOmniFactory: Failed to get collection HadronicFinalState: round_beam_four_momentum: no match for beam momentum 5.000 GeV within 10% of any of the allowed values.
[e:0] [JEventProcessorPODIO] [error] Omitting PODIO collection 'ReconstructedCentauroJets' due to exception: JOmniFactory: Failed to get collection ReconstructedBreitFrameParticles: JOmniFactory: Failed to get collection InclusiveKinematicsElectron: JOmniFactory: Failed to get collection HadronicFinalState: round_beam_four_momentum: no match for beam momentum 5.000 GeV within 10% of any of the allowed values.
[e:0] [FOFFMTRK:ForwardOffMRecParticles] [error] No beam protons found
[e:0] [JEventProcessorPODIO] [error] Omitting PODIO collection 'ForwardOffMRecParticles' due to exception: No beam protons found.
[e:0] [RPOTS:ForwardRomanPotRecParticles] [error] No beam protons found
[e:0] [JEventProcessorPODIO] [error] Omitting PODIO collection 'ForwardRomanPotRecParticles' due to exception: No beam protons found.
[e:0] [RPOTS:ForwardRomanPotStaticRecParticles] [error] No beam protons found
[e:0] [JEventProcessorPODIO] [error] Omitting PODIO collection 'ForwardRomanPotStaticRecParticles' due to exception: No beam protons found.
[e:0] [JEventProcessorPODIO] [error] Omitting PODIO collection 'GeneratedBreitFrameParticles' due to exception: JOmniFactory: Failed to get collection InclusiveKinematicsElectron: JOmniFactory: Failed to get collection HadronicFinalState: round_beam_four_momentum: no match for beam momentum 5.000 GeV within 10% of any of the allowed values.
[e:0] [JEventProcessorPODIO] [error] Omitting PODIO collection 'GeneratedCentauroJets' due to exception: JOmniFactory: Failed to get collection GeneratedBreitFrameParticles: JOmniFactory: Failed to get collection InclusiveKinematicsElectron: JOmniFactory: Failed to get collection HadronicFinalState: round_beam_four_momentum: no match for beam momentum 5.000 GeV within 10% of any of the allowed values.
[e:0] [JEventProcessorPODIO] [error] Omitting PODIO collection 'HadronicFinalState' due to exception: round_beam_four_momentum: no match for beam momentum 5.000 GeV within 10% of any of the allowed values.
[e:0] [JEventProcessorPODIO] [error] Omitting PODIO collection 'InclusiveKinematicsDA' due to exception: JOmniFactory: Failed to get collection HadronicFinalState: round_beam_four_momentum: no match for beam momentum 5.000 GeV within 10% of any of the allowed values.
[e:0] [JEventProcessorPODIO] [error] Omitting PODIO collection 'InclusiveKinematicsESigma' due to exception: JOmniFactory: Failed to get collection HadronicFinalState: round_beam_four_momentum: no match for beam momentum 5.000 GeV within 10% of any of the allowed values.
[e:0] [JEventProcessorPODIO] [error] Omitting PODIO collection 'InclusiveKinematicsElectron' due to exception: JOmniFactory: Failed to get collection HadronicFinalState: round_beam_four_momentum: no match for beam momentum 5.000 GeV within 10% of any of the allowed values.
[e:0] [JEventProcessorPODIO] [error] Omitting PODIO collection 'InclusiveKinematicsJB' due to exception: JOmniFactory: Failed to get collection HadronicFinalState: round_beam_four_momentum: no match for beam momentum 5.000 GeV within 10% of any of the allowed values.
[e:0] [JEventProcessorPODIO] [error] Omitting PODIO collection 'InclusiveKinematicsML' due to exception: JOmniFactory: Failed to get collection InclusiveKinematicsElectron: JOmniFactory: Failed to get collection HadronicFinalState: round_beam_four_momentum: no match for beam momentum 5.000 GeV within 10% of any of the allowed values.
[e:0] [JEventProcessorPODIO] [error] Omitting PODIO collection 'InclusiveKinematicsSigma' due to exception: JOmniFactory: Failed to get collection HadronicFinalState: round_beam_four_momentum: no match for beam momentum 5.000 GeV within 10% of any of the allowed values.
[e:0] [JEventProcessorPODIO] [error] Omitting PODIO collection 'InclusiveKinematicseSigma' due to exception: JOmniFactory: Failed to get collection InclusiveKinematicsESigma: JOmniFactory: Failed to get collection HadronicFinalState: round_beam_four_momentum: no match for beam momentum 5.000 GeV within 10% of any of the allowed values.
[e:0] [JEventProcessorPODIO] [error] Omitting PODIO collection 'ReconstructedBreitFrameParticles' due to exception: JOmniFactory: Failed to get collection InclusiveKinematicsElectron: JOmniFactory: Failed to get collection HadronicFinalState: round_beam_four_momentum: no match for beam momentum 5.000 GeV within 10% of any of the allowed values.
[e:0] [JEventProcessorPODIO] [error] Omitting PODIO collection 'ReconstructedCentauroJets' due to exception: JOmniFactory: Failed to get collection ReconstructedBreitFrameParticles: JOmniFactory: Failed to get collection InclusiveKinematicsElectron: JOmniFactory: Failed to get collection HadronicFinalState: round_beam_four_momentum: no match for beam momentum 5.000 GeV within 10% of any of the allowed values.
[e:0] [FOFFMTRK:ForwardOffMRecParticles] [error] No beam protons found
[e:0] [JEventProcessorPODIO] [error] Omitting PODIO collection 'ForwardOffMRecParticles' due to exception: No beam protons found.
[e:0] [RPOTS:ForwardRomanPotRecParticles] [error] No beam protons found
[e:0] [JEventProcessorPODIO] [error] Omitting PODIO collection 'ForwardRomanPotRecParticles' due to exception: No beam protons found.
[e:0] [RPOTS:ForwardRomanPotStaticRecParticles] [error] No beam protons found
[e:0] [JEventProcessorPODIO] [error] Omitting PODIO collection 'ForwardRomanPotStaticRecParticles' due to exception: No beam protons found.
[e:0] [JEventProcessorPODIO] [error] Omitting PODIO collection 'GeneratedBreitFrameParticles' due to exception: JOmniFactory: Failed to get collection InclusiveKinematicsElectron: JOmniFactory: Failed to get collection HadronicFinalState: round_beam_four_momentum: no match for beam momentum 5.000 GeV within 10% of any of the allowed values.
[e:0] [JEventProcessorPODIO] [error] Omitting PODIO collection 'GeneratedCentauroJets' due to exception: JOmniFactory: Failed to get collection GeneratedBreitFrameParticles: JOmniFactory: Failed to get collection InclusiveKinematicsElectron: JOmniFactory: Failed to get collection HadronicFinalState: round_beam_four_momentum: no match for beam momentum 5.000 GeV within 10% of any of the allowed values.
[e:0] [JEventProcessorPODIO] [error] Omitting PODIO collection 'HadronicFinalState' due to exception: round_beam_four_momentum: no match for beam momentum 5.000 GeV within 10% of any of the allowed values.
[e:0] [JEventProcessorPODIO] [error] Omitting PODIO collection 'InclusiveKinematicsDA' due to exception: JOmniFactory: Failed to get collection HadronicFinalState: round_beam_four_momentum: no match for beam momentum 5.000 GeV within 10% of any of the allowed values.
[e:0] [JEventProcessorPODIO] [error] Omitting PODIO collection 'InclusiveKinematicsESigma' due to exception: JOmniFactory: Failed to get collection HadronicFinalState: round_beam_four_momentum: no match for beam momentum 5.000 GeV within 10% of any of the allowed values.
[e:0] [JEventProcessorPODIO] [error] Omitting PODIO collection 'InclusiveKinematicsElectron' due to exception: JOmniFactory: Failed to get collection HadronicFinalState: round_beam_four_momentum: no match for beam momentum 5.000 GeV within 10% of any of the allowed values.
[e:0] [JEventProcessorPODIO] [error] Omitting PODIO collection 'InclusiveKinematicsJB' due to exception: JOmniFactory: Failed to get collection HadronicFinalState: round_beam_four_momentum: no match for beam momentum 5.000 GeV within 10% of any of the allowed values.
[e:0] [JEventProcessorPODIO] [error] Omitting PODIO collection 'InclusiveKinematicsML' due to exception: JOmniFactory: Failed to get collection InclusiveKinematicsElectron: JOmniFactory: Failed to get collection HadronicFinalState: round_beam_four_momentum: no match for beam momentum 5.000 GeV within 10% of any of the allowed values.
[e:0] [JEventProcessorPODIO] [error] Omitting PODIO collection 'InclusiveKinematicsSigma' due to exception: JOmniFactory: Failed to get collection HadronicFinalState: round_beam_four_momentum: no match for beam momentum 5.000 GeV within 10% of any of the allowed values.
[e:0] [JEventProcessorPODIO] [error] Omitting PODIO collection 'InclusiveKinematicseSigma' due to exception: JOmniFactory: Failed to get collection InclusiveKinematicsESigma: JOmniFactory: Failed to get collection HadronicFinalState: round_beam_four_momentum: no match for beam momentum 5.000 GeV within 10% of any of the allowed values.
[e:0] [JEventProcessorPODIO] [error] Omitting PODIO collection 'ReconstructedBreitFrameParticles' due to exception: JOmniFactory: Failed to get collection InclusiveKinematicsElectron: JOmniFactory: Failed to get collection HadronicFinalState: round_beam_four_momentum: no match for beam momentum 5.000 GeV within 10% of any of the allowed values.
[e:0] [JEventProcessorPODIO] [error] Omitting PODIO collection 'ReconstructedCentauroJets' due to exception: JOmniFactory: Failed to get collection ReconstructedBreitFrameParticles: JOmniFactory: Failed to get collection InclusiveKinematicsElectron: JOmniFactory: Failed to get collection HadronicFinalState: round_beam_four_momentum: no match for beam momentum 5.000 GeV within 10% of any of the allowed values.
[e:0] [FOFFMTRK:ForwardOffMRecParticles] [error] No beam protons found
[e:0] [JEventProcessorPODIO] [error] Omitting PODIO collection 'ForwardOffMRecParticles' due to exception: No beam protons found.
[e:0] [RPOTS:ForwardRomanPotRecParticles] [error] No beam protons found
[e:0] [JEventProcessorPODIO] [error] Omitting PODIO collection 'ForwardRomanPotRecParticles' due to exception: No beam protons found.
[e:0] [RPOTS:ForwardRomanPotStaticRecParticles] [error] No beam protons found
[e:0] [JEventProcessorPODIO] [error] Omitting PODIO collection 'ForwardRomanPotStaticRecParticles' due to exception: No beam protons found.
[e:0] [JEventProcessorPODIO] [error] Omitting PODIO collection 'GeneratedBreitFrameParticles' due to exception: JOmniFactory: Failed to get collection InclusiveKinematicsElectron: JOmniFactory: Failed to get collection HadronicFinalState: round_beam_four_momentum: no match for beam momentum 5.000 GeV within 10% of any of the allowed values.
[e:0] [JEventProcessorPODIO] [error] Omitting PODIO collection 'GeneratedCentauroJets' due to exception: JOmniFactory: Failed to get collection GeneratedBreitFrameParticles: JOmniFactory: Failed to get collection InclusiveKinematicsElectron: JOmniFactory: Failed to get collection HadronicFinalState: round_beam_four_momentum: no match for beam momentum 5.000 GeV within 10% of any of the allowed values.
[e:0] [JEventProcessorPODIO] [error] Omitting PODIO collection 'HadronicFinalState' due to exception: round_beam_four_momentum: no match for beam momentum 5.000 GeV within 10% of any of the allowed values.
[e:0] [JEventProcessorPODIO] [error] Omitting PODIO collection 'InclusiveKinematicsDA' due to exception: JOmniFactory: Failed to get collection HadronicFinalState: round_beam_four_momentum: no match for beam momentum 5.000 GeV within 10% of any of the allowed values.
[e:0] [JEventProcessorPODIO] [error] Omitting PODIO collection 'InclusiveKinematicsESigma' due to exception: JOmniFactory: Failed to get collection HadronicFinalState: round_beam_four_momentum: no match for beam momentum 5.000 GeV within 10% of any of the allowed values.
[e:0] [JEventProcessorPODIO] [error] Omitting PODIO collection 'InclusiveKinematicsElectron' due to exception: JOmniFactory: Failed to get collection HadronicFinalState: round_beam_four_momentum: no match for beam momentum 5.000 GeV within 10% of any of the allowed values.
[e:0] [JEventProcessorPODIO] [error] Omitting PODIO collection 'InclusiveKinematicsJB' due to exception: JOmniFactory: Failed to get collection HadronicFinalState: round_beam_four_momentum: no match for beam momentum 5.000 GeV within 10% of any of the allowed values.
[e:0] [JEventProcessorPODIO] [error] Omitting PODIO collection 'InclusiveKinematicsML' due to exception: JOmniFactory: Failed to get collection InclusiveKinematicsElectron: JOmniFactory: Failed to get collection HadronicFinalState: round_beam_four_momentum: no match for beam momentum 5.000 GeV within 10% of any of the allowed values.
[e:0] [JEventProcessorPODIO] [error] Omitting PODIO collection 'InclusiveKinematicsSigma' due to exception: JOmniFactory: Failed to get collection HadronicFinalState: round_beam_four_momentum: no match for beam momentum 5.000 GeV within 10% of any of the allowed values.
[e:0] [JEventProcessorPODIO] [error] Omitting PODIO collection 'InclusiveKinematicseSigma' due to exception: JOmniFactory: Failed to get collection InclusiveKinematicsESigma: JOmniFactory: Failed to get collection HadronicFinalState: round_beam_four_momentum: no match for beam momentum 5.000 GeV within 10% of any of the allowed values.
[e:0] [JEventProcessorPODIO] [error] Omitting PODIO collection 'ReconstructedBreitFrameParticles' due to exception: JOmniFactory: Failed to get collection InclusiveKinematicsElectron: JOmniFactory: Failed to get collection HadronicFinalState: round_beam_four_momentum: no match for beam momentum 5.000 GeV within 10% of any of the allowed values.
[e:0] [JEventProcessorPODIO] [error] Omitting PODIO collection 'ReconstructedCentauroJets' due to exception: JOmniFactory: Failed to get collection ReconstructedBreitFrameParticles: JOmniFactory: Failed to get collection InclusiveKinematicsElectron: JOmniFactory: Failed to get collection HadronicFinalState: round_beam_four_momentum: no match for beam momentum 5.000 GeV within 10% of any of the allowed values.
[e:0] [FOFFMTRK:ForwardOffMRecParticles] [error] No beam protons found
[e:0] [JEventProcessorPODIO] [error] Omitting PODIO collection 'ForwardOffMRecParticles' due to exception: No beam protons found.
[e:0] [RPOTS:ForwardRomanPotRecParticles] [error] No beam protons found
[e:0] [JEventProcessorPODIO] [error] Omitting PODIO collection 'ForwardRomanPotRecParticles' due to exception: No beam protons found.
[e:0] [RPOTS:ForwardRomanPotStaticRecParticles] [error] No beam protons found
[e:0] [JEventProcessorPODIO] [error] Omitting PODIO collection 'ForwardRomanPotStaticRecParticles' due to exception: No beam protons found.
[e:0] [JEventProcessorPODIO] [error] Omitting PODIO collection 'GeneratedBreitFrameParticles' due to exception: JOmniFactory: Failed to get collection InclusiveKinematicsElectron: JOmniFactory: Failed to get collection HadronicFinalState: round_beam_four_momentum: no match for beam momentum 5.000 GeV within 10% of any of the allowed values.
[e:0] [JEventProcessorPODIO] [error] Omitting PODIO collection 'GeneratedCentauroJets' due to exception: JOmniFactory: Failed to get collection GeneratedBreitFrameParticles: JOmniFactory: Failed to get collection InclusiveKinematicsElectron: JOmniFactory: Failed to get collection HadronicFinalState: round_beam_four_momentum: no match for beam momentum 5.000 GeV within 10% of any of the allowed values.
[e:0] [JEventProcessorPODIO] [error] Omitting PODIO collection 'HadronicFinalState' due to exception: round_beam_four_momentum: no match for beam momentum 5.000 GeV within 10% of any of the allowed values.
[e:0] [JEventProcessorPODIO] [error] Omitting PODIO collection 'InclusiveKinematicsDA' due to exception: JOmniFactory: Failed to get collection HadronicFinalState: round_beam_four_momentum: no match for beam momentum 5.000 GeV within 10% of any of the allowed values.
[e:0] [JEventProcessorPODIO] [error] Omitting PODIO collection 'InclusiveKinematicsESigma' due to exception: JOmniFactory: Failed to get collection HadronicFinalState: round_beam_four_momentum: no match for beam momentum 5.000 GeV within 10% of any of the allowed values.
[e:0] [JEventProcessorPODIO] [error] Omitting PODIO collection 'InclusiveKinematicsElectron' due to exception: JOmniFactory: Failed to get collection HadronicFinalState: round_beam_four_momentum: no match for beam momentum 5.000 GeV within 10% of any of the allowed values.
[e:0] [JEventProcessorPODIO] [error] Omitting PODIO collection 'InclusiveKinematicsJB' due to exception: JOmniFactory: Failed to get collection HadronicFinalState: round_beam_four_momentum: no match for beam momentum 5.000 GeV within 10% of any of the allowed values.
[e:0] [JEventProcessorPODIO] [error] Omitting PODIO collection 'InclusiveKinematicsML' due to exception: JOmniFactory: Failed to get collection InclusiveKinematicsElectron: JOmniFactory: Failed to get collection HadronicFinalState: round_beam_four_momentum: no match for beam momentum 5.000 GeV within 10% of any of the allowed values.
[e:0] [JEventProcessorPODIO] [error] Omitting PODIO collection 'InclusiveKinematicsSigma' due to exception: JOmniFactory: Failed to get collection HadronicFinalState: round_beam_four_momentum: no match for beam momentum 5.000 GeV within 10% of any of the allowed values.
[e:0] [JEventProcessorPODIO] [error] Omitting PODIO collection 'InclusiveKinematicseSigma' due to exception: JOmniFactory: Failed to get collection InclusiveKinematicsESigma: JOmniFactory: Failed to get collection HadronicFinalState: round_beam_four_momentum: no match for beam momentum 5.000 GeV within 10% of any of the allowed values.
[e:0] [JEventProcessorPODIO] [error] Omitting PODIO collection 'ReconstructedBreitFrameParticles' due to exception: JOmniFactory: Failed to get collection InclusiveKinematicsElectron: JOmniFactory: Failed to get collection HadronicFinalState: round_beam_four_momentum: no match for beam momentum 5.000 GeV within 10% of any of the allowed values.
[e:0] [JEventProcessorPODIO] [error] Omitting PODIO collection 'ReconstructedCentauroJets' due to exception: JOmniFactory: Failed to get collection ReconstructedBreitFrameParticles: JOmniFactory: Failed to get collection InclusiveKinematicsElectron: JOmniFactory: Failed to get collection HadronicFinalState: round_beam_four_momentum: no match for beam momentum 5.000 GeV within 10% of any of the allowed values.
11:12:52.381  [info] Status: 17 events processed at 10.0 Hz (8.5 Hz avg)
[e:0] [FOFFMTRK:ForwardOffMRecParticles] [error] No beam protons found
[e:0] [JEventProcessorPODIO] [error] Omitting PODIO collection 'ForwardOffMRecParticles' due to exception: No beam protons found.
[e:0] [RPOTS:ForwardRomanPotRecParticles] [error] No beam protons found
[e:0] [JEventProcessorPODIO] [error] Omitting PODIO collection 'ForwardRomanPotRecParticles' due to exception: No beam protons found.
[e:0] [RPOTS:ForwardRomanPotStaticRecParticles] [error] No beam protons found
[e:0] [JEventProcessorPODIO] [error] Omitting PODIO collection 'ForwardRomanPotStaticRecParticles' due to exception: No beam protons found.
[e:0] [JEventProcessorPODIO] [error] Omitting PODIO collection 'GeneratedBreitFrameParticles' due to exception: JOmniFactory: Failed to get collection InclusiveKinematicsElectron: JOmniFactory: Failed to get collection HadronicFinalState: round_beam_four_momentum: no match for beam momentum 5.000 GeV within 10% of any of the allowed values.
[e:0] [JEventProcessorPODIO] [error] Omitting PODIO collection 'GeneratedCentauroJets' due to exception: JOmniFactory: Failed to get collection GeneratedBreitFrameParticles: JOmniFactory: Failed to get collection InclusiveKinematicsElectron: JOmniFactory: Failed to get collection HadronicFinalState: round_beam_four_momentum: no match for beam momentum 5.000 GeV within 10% of any of the allowed values.
[e:0] [JEventProcessorPODIO] [error] Omitting PODIO collection 'HadronicFinalState' due to exception: round_beam_four_momentum: no match for beam momentum 5.000 GeV within 10% of any of the allowed values.
[e:0] [JEventProcessorPODIO] [error] Omitting PODIO collection 'InclusiveKinematicsDA' due to exception: JOmniFactory: Failed to get collection HadronicFinalState: round_beam_four_momentum: no match for beam momentum 5.000 GeV within 10% of any of the allowed values.
[e:0] [JEventProcessorPODIO] [error] Omitting PODIO collection 'InclusiveKinematicsESigma' due to exception: JOmniFactory: Failed to get collection HadronicFinalState: round_beam_four_momentum: no match for beam momentum 5.000 GeV within 10% of any of the allowed values.
[e:0] [JEventProcessorPODIO] [error] Omitting PODIO collection 'InclusiveKinematicsElectron' due to exception: JOmniFactory: Failed to get collection HadronicFinalState: round_beam_four_momentum: no match for beam momentum 5.000 GeV within 10% of any of the allowed values.
[e:0] [JEventProcessorPODIO] [error] Omitting PODIO collection 'InclusiveKinematicsJB' due to exception: JOmniFactory: Failed to get collection HadronicFinalState: round_beam_four_momentum: no match for beam momentum 5.000 GeV within 10% of any of the allowed values.
[e:0] [JEventProcessorPODIO] [error] Omitting PODIO collection 'InclusiveKinematicsML' due to exception: JOmniFactory: Failed to get collection InclusiveKinematicsElectron: JOmniFactory: Failed to get collection HadronicFinalState: round_beam_four_momentum: no match for beam momentum 5.000 GeV within 10% of any of the allowed values.
[e:0] [JEventProcessorPODIO] [error] Omitting PODIO collection 'InclusiveKinematicsSigma' due to exception: JOmniFactory: Failed to get collection HadronicFinalState: round_beam_four_momentum: no match for beam momentum 5.000 GeV within 10% of any of the allowed values.
[e:0] [JEventProcessorPODIO] [error] Omitting PODIO collection 'InclusiveKinematicseSigma' due to exception: JOmniFactory: Failed to get collection InclusiveKinematicsESigma: JOmniFactory: Failed to get collection HadronicFinalState: round_beam_four_momentum: no match for beam momentum 5.000 GeV within 10% of any of the allowed values.
[e:0] [JEventProcessorPODIO] [error] Omitting PODIO collection 'ReconstructedBreitFrameParticles' due to exception: JOmniFactory: Failed to get collection InclusiveKinematicsElectron: JOmniFactory: Failed to get collection HadronicFinalState: round_beam_four_momentum: no match for beam momentum 5.000 GeV within 10% of any of the allowed values.
[e:0] [JEventProcessorPODIO] [error] Omitting PODIO collection 'ReconstructedCentauroJets' due to exception: JOmniFactory: Failed to get collection ReconstructedBreitFrameParticles: JOmniFactory: Failed to get collection InclusiveKinematicsElectron: JOmniFactory: Failed to get collection HadronicFinalState: round_beam_four_momentum: no match for beam momentum 5.000 GeV within 10% of any of the allowed values.
[e:0] [FOFFMTRK:ForwardOffMRecParticles] [error] No beam protons found
[e:0] [JEventProcessorPODIO] [error] Omitting PODIO collection 'ForwardOffMRecParticles' due to exception: No beam protons found.
[e:0] [RPOTS:ForwardRomanPotRecParticles] [error] No beam protons found
[e:0] [JEventProcessorPODIO] [error] Omitting PODIO collection 'ForwardRomanPotRecParticles' due to exception: No beam protons found.
[e:0] [RPOTS:ForwardRomanPotStaticRecParticles] [error] No beam protons found
[e:0] [JEventProcessorPODIO] [error] Omitting PODIO collection 'ForwardRomanPotStaticRecParticles' due to exception: No beam protons found.
[e:0] [JEventProcessorPODIO] [error] Omitting PODIO collection 'GeneratedBreitFrameParticles' due to exception: JOmniFactory: Failed to get collection InclusiveKinematicsElectron: JOmniFactory: Failed to get collection HadronicFinalState: round_beam_four_momentum: no match for beam momentum 5.000 GeV within 10% of any of the allowed values.
[e:0] [JEventProcessorPODIO] [error] Omitting PODIO collection 'GeneratedCentauroJets' due to exception: JOmniFactory: Failed to get collection GeneratedBreitFrameParticles: JOmniFactory: Failed to get collection InclusiveKinematicsElectron: JOmniFactory: Failed to get collection HadronicFinalState: round_beam_four_momentum: no match for beam momentum 5.000 GeV within 10% of any of the allowed values.
[e:0] [JEventProcessorPODIO] [error] Omitting PODIO collection 'HadronicFinalState' due to exception: round_beam_four_momentum: no match for beam momentum 5.000 GeV within 10% of any of the allowed values.
[e:0] [JEventProcessorPODIO] [error] Omitting PODIO collection 'InclusiveKinematicsDA' due to exception: JOmniFactory: Failed to get collection HadronicFinalState: round_beam_four_momentum: no match for beam momentum 5.000 GeV within 10% of any of the allowed values.
[e:0] [JEventProcessorPODIO] [error] Omitting PODIO collection 'InclusiveKinematicsESigma' due to exception: JOmniFactory: Failed to get collection HadronicFinalState: round_beam_four_momentum: no match for beam momentum 5.000 GeV within 10% of any of the allowed values.
[e:0] [JEventProcessorPODIO] [error] Omitting PODIO collection 'InclusiveKinematicsElectron' due to exception: JOmniFactory: Failed to get collection HadronicFinalState: round_beam_four_momentum: no match for beam momentum 5.000 GeV within 10% of any of the allowed values.
[e:0] [JEventProcessorPODIO] [error] Omitting PODIO collection 'InclusiveKinematicsJB' due to exception: JOmniFactory: Failed to get collection HadronicFinalState: round_beam_four_momentum: no match for beam momentum 5.000 GeV within 10% of any of the allowed values.
[e:0] [JEventProcessorPODIO] [error] Omitting PODIO collection 'InclusiveKinematicsML' due to exception: JOmniFactory: Failed to get collection InclusiveKinematicsElectron: JOmniFactory: Failed to get collection HadronicFinalState: round_beam_four_momentum: no match for beam momentum 5.000 GeV within 10% of any of the allowed values.
[e:0] [JEventProcessorPODIO] [error] Omitting PODIO collection 'InclusiveKinematicsSigma' due to exception: JOmniFactory: Failed to get collection HadronicFinalState: round_beam_four_momentum: no match for beam momentum 5.000 GeV within 10% of any of the allowed values.
[e:0] [JEventProcessorPODIO] [error] Omitting PODIO collection 'InclusiveKinematicseSigma' due to exception: JOmniFactory: Failed to get collection InclusiveKinematicsESigma: JOmniFactory: Failed to get collection HadronicFinalState: round_beam_four_momentum: no match for beam momentum 5.000 GeV within 10% of any of the allowed values.
[e:0] [JEventProcessorPODIO] [error] Omitting PODIO collection 'ReconstructedBreitFrameParticles' due to exception: JOmniFactory: Failed to get collection InclusiveKinematicsElectron: JOmniFactory: Failed to get collection HadronicFinalState: round_beam_four_momentum: no match for beam momentum 5.000 GeV within 10% of any of the allowed values.
[e:0] [JEventProcessorPODIO] [error] Omitting PODIO collection 'ReconstructedCentauroJets' due to exception: JOmniFactory: Failed to get collection ReconstructedBreitFrameParticles: JOmniFactory: Failed to get collection InclusiveKinematicsElectron: JOmniFactory: Failed to get collection HadronicFinalState: round_beam_four_momentum: no match for beam momentum 5.000 GeV within 10% of any of the allowed values.
[e:0] [FOFFMTRK:ForwardOffMRecParticles] [error] No beam protons found
[e:0] [JEventProcessorPODIO] [error] Omitting PODIO collection 'ForwardOffMRecParticles' due to exception: No beam protons found.
[e:0] [RPOTS:ForwardRomanPotRecParticles] [error] No beam protons found
[e:0] [JEventProcessorPODIO] [error] Omitting PODIO collection 'ForwardRomanPotRecParticles' due to exception: No beam protons found.
[e:0] [RPOTS:ForwardRomanPotStaticRecParticles] [error] No beam protons found
[e:0] [JEventProcessorPODIO] [error] Omitting PODIO collection 'ForwardRomanPotStaticRecParticles' due to exception: No beam protons found.
[e:0] [JEventProcessorPODIO] [error] Omitting PODIO collection 'GeneratedBreitFrameParticles' due to exception: JOmniFactory: Failed to get collection InclusiveKinematicsElectron: JOmniFactory: Failed to get collection HadronicFinalState: round_beam_four_momentum: no match for beam momentum 5.000 GeV within 10% of any of the allowed values.
[e:0] [JEventProcessorPODIO] [error] Omitting PODIO collection 'GeneratedCentauroJets' due to exception: JOmniFactory: Failed to get collection GeneratedBreitFrameParticles: JOmniFactory: Failed to get collection InclusiveKinematicsElectron: JOmniFactory: Failed to get collection HadronicFinalState: round_beam_four_momentum: no match for beam momentum 5.000 GeV within 10% of any of the allowed values.
[e:0] [JEventProcessorPODIO] [error] Omitting PODIO collection 'HadronicFinalState' due to exception: round_beam_four_momentum: no match for beam momentum 5.000 GeV within 10% of any of the allowed values.
[e:0] [JEventProcessorPODIO] [error] Omitting PODIO collection 'InclusiveKinematicsDA' due to exception: JOmniFactory: Failed to get collection HadronicFinalState: round_beam_four_momentum: no match for beam momentum 5.000 GeV within 10% of any of the allowed values.
[e:0] [JEventProcessorPODIO] [error] Omitting PODIO collection 'InclusiveKinematicsESigma' due to exception: JOmniFactory: Failed to get collection HadronicFinalState: round_beam_four_momentum: no match for beam momentum 5.000 GeV within 10% of any of the allowed values.
[e:0] [JEventProcessorPODIO] [error] Omitting PODIO collection 'InclusiveKinematicsElectron' due to exception: JOmniFactory: Failed to get collection HadronicFinalState: round_beam_four_momentum: no match for beam momentum 5.000 GeV within 10% of any of the allowed values.
[e:0] [JEventProcessorPODIO] [error] Omitting PODIO collection 'InclusiveKinematicsJB' due to exception: JOmniFactory: Failed to get collection HadronicFinalState: round_beam_four_momentum: no match for beam momentum 5.000 GeV within 10% of any of the allowed values.
[e:0] [JEventProcessorPODIO] [error] Omitting PODIO collection 'InclusiveKinematicsML' due to exception: JOmniFactory: Failed to get collection InclusiveKinematicsElectron: JOmniFactory: Failed to get collection HadronicFinalState: round_beam_four_momentum: no match for beam momentum 5.000 GeV within 10% of any of the allowed values.
[e:0] [JEventProcessorPODIO] [error] Omitting PODIO collection 'InclusiveKinematicsSigma' due to exception: JOmniFactory: Failed to get collection HadronicFinalState: round_beam_four_momentum: no match for beam momentum 5.000 GeV within 10% of any of the allowed values.
[e:0] [JEventProcessorPODIO] [error] Omitting PODIO collection 'InclusiveKinematicseSigma' due to exception: JOmniFactory: Failed to get collection InclusiveKinematicsESigma: JOmniFactory: Failed to get collection HadronicFinalState: round_beam_four_momentum: no match for beam momentum 5.000 GeV within 10% of any of the allowed values.
[e:0] [JEventProcessorPODIO] [error] Omitting PODIO collection 'ReconstructedBreitFrameParticles' due to exception: JOmniFactory: Failed to get collection InclusiveKinematicsElectron: JOmniFactory: Failed to get collection HadronicFinalState: round_beam_four_momentum: no match for beam momentum 5.000 GeV within 10% of any of the allowed values.
[e:0] [JEventProcessorPODIO] [error] Omitting PODIO collection 'ReconstructedCentauroJets' due to exception: JOmniFactory: Failed to get collection ReconstructedBreitFrameParticles: JOmniFactory: Failed to get collection InclusiveKinematicsElectron: JOmniFactory: Failed to get collection HadronicFinalState: round_beam_four_momentum: no match for beam momentum 5.000 GeV within 10% of any of the allowed values.
[e:0] [FOFFMTRK:ForwardOffMRecParticles] [error] No beam protons found
[e:0] [JEventProcessorPODIO] [error] Omitting PODIO collection 'ForwardOffMRecParticles' due to exception: No beam protons found.
[e:0] [RPOTS:ForwardRomanPotRecParticles] [error] No beam protons found
[e:0] [JEventProcessorPODIO] [error] Omitting PODIO collection 'ForwardRomanPotRecParticles' due to exception: No beam protons found.
[e:0] [RPOTS:ForwardRomanPotStaticRecParticles] [error] No beam protons found
[e:0] [JEventProcessorPODIO] [error] Omitting PODIO collection 'ForwardRomanPotStaticRecParticles' due to exception: No beam protons found.
[e:0] [JEventProcessorPODIO] [error] Omitting PODIO collection 'GeneratedBreitFrameParticles' due to exception: JOmniFactory: Failed to get collection InclusiveKinematicsElectron: JOmniFactory: Failed to get collection HadronicFinalState: round_beam_four_momentum: no match for beam momentum 5.000 GeV within 10% of any of the allowed values.
[e:0] [JEventProcessorPODIO] [error] Omitting PODIO collection 'GeneratedCentauroJets' due to exception: JOmniFactory: Failed to get collection GeneratedBreitFrameParticles: JOmniFactory: Failed to get collection InclusiveKinematicsElectron: JOmniFactory: Failed to get collection HadronicFinalState: round_beam_four_momentum: no match for beam momentum 5.000 GeV within 10% of any of the allowed values.
[e:0] [JEventProcessorPODIO] [error] Omitting PODIO collection 'HadronicFinalState' due to exception: round_beam_four_momentum: no match for beam momentum 5.000 GeV within 10% of any of the allowed values.
[e:0] [JEventProcessorPODIO] [error] Omitting PODIO collection 'InclusiveKinematicsDA' due to exception: JOmniFactory: Failed to get collection HadronicFinalState: round_beam_four_momentum: no match for beam momentum 5.000 GeV within 10% of any of the allowed values.
[e:0] [JEventProcessorPODIO] [error] Omitting PODIO collection 'InclusiveKinematicsESigma' due to exception: JOmniFactory: Failed to get collection HadronicFinalState: round_beam_four_momentum: no match for beam momentum 5.000 GeV within 10% of any of the allowed values.
[e:0] [JEventProcessorPODIO] [error] Omitting PODIO collection 'InclusiveKinematicsElectron' due to exception: JOmniFactory: Failed to get collection HadronicFinalState: round_beam_four_momentum: no match for beam momentum 5.000 GeV within 10% of any of the allowed values.
[e:0] [JEventProcessorPODIO] [error] Omitting PODIO collection 'InclusiveKinematicsJB' due to exception: JOmniFactory: Failed to get collection HadronicFinalState: round_beam_four_momentum: no match for beam momentum 5.000 GeV within 10% of any of the allowed values.
[e:0] [JEventProcessorPODIO] [error] Omitting PODIO collection 'InclusiveKinematicsML' due to exception: JOmniFactory: Failed to get collection InclusiveKinematicsElectron: JOmniFactory: Failed to get collection HadronicFinalState: round_beam_four_momentum: no match for beam momentum 5.000 GeV within 10% of any of the allowed values.
[e:0] [JEventProcessorPODIO] [error] Omitting PODIO collection 'InclusiveKinematicsSigma' due to exception: JOmniFactory: Failed to get collection HadronicFinalState: round_beam_four_momentum: no match for beam momentum 5.000 GeV within 10% of any of the allowed values.
[e:0] [JEventProcessorPODIO] [error] Omitting PODIO collection 'InclusiveKinematicseSigma' due to exception: JOmniFactory: Failed to get collection InclusiveKinematicsESigma: JOmniFactory: Failed to get collection HadronicFinalState: round_beam_four_momentum: no match for beam momentum 5.000 GeV within 10% of any of the allowed values.
[e:0] [JEventProcessorPODIO] [error] Omitting PODIO collection 'ReconstructedBreitFrameParticles' due to exception: JOmniFactory: Failed to get collection InclusiveKinematicsElectron: JOmniFactory: Failed to get collection HadronicFinalState: round_beam_four_momentum: no match for beam momentum 5.000 GeV within 10% of any of the allowed values.
[e:0] [JEventProcessorPODIO] [error] Omitting PODIO collection 'ReconstructedCentauroJets' due to exception: JOmniFactory: Failed to get collection ReconstructedBreitFrameParticles: JOmniFactory: Failed to get collection InclusiveKinematicsElectron: JOmniFactory: Failed to get collection HadronicFinalState: round_beam_four_momentum: no match for beam momentum 5.000 GeV within 10% of any of the allowed values.
[e:0] [FOFFMTRK:ForwardOffMRecParticles] [error] No beam protons found
[e:0] [JEventProcessorPODIO] [error] Omitting PODIO collection 'ForwardOffMRecParticles' due to exception: No beam protons found.
[e:0] [RPOTS:ForwardRomanPotRecParticles] [error] No beam protons found
[e:0] [JEventProcessorPODIO] [error] Omitting PODIO collection 'ForwardRomanPotRecParticles' due to exception: No beam protons found.
[e:0] [RPOTS:ForwardRomanPotStaticRecParticles] [error] No beam protons found
[e:0] [JEventProcessorPODIO] [error] Omitting PODIO collection 'ForwardRomanPotStaticRecParticles' due to exception: No beam protons found.
[e:0] [JEventProcessorPODIO] [error] Omitting PODIO collection 'GeneratedBreitFrameParticles' due to exception: JOmniFactory: Failed to get collection InclusiveKinematicsElectron: JOmniFactory: Failed to get collection HadronicFinalState: round_beam_four_momentum: no match for beam momentum 5.000 GeV within 10% of any of the allowed values.
[e:0] [JEventProcessorPODIO] [error] Omitting PODIO collection 'GeneratedCentauroJets' due to exception: JOmniFactory: Failed to get collection GeneratedBreitFrameParticles: JOmniFactory: Failed to get collection InclusiveKinematicsElectron: JOmniFactory: Failed to get collection HadronicFinalState: round_beam_four_momentum: no match for beam momentum 5.000 GeV within 10% of any of the allowed values.
[e:0] [JEventProcessorPODIO] [error] Omitting PODIO collection 'HadronicFinalState' due to exception: round_beam_four_momentum: no match for beam momentum 5.000 GeV within 10% of any of the allowed values.
[e:0] [JEventProcessorPODIO] [error] Omitting PODIO collection 'InclusiveKinematicsDA' due to exception: JOmniFactory: Failed to get collection HadronicFinalState: round_beam_four_momentum: no match for beam momentum 5.000 GeV within 10% of any of the allowed values.
[e:0] [JEventProcessorPODIO] [error] Omitting PODIO collection 'InclusiveKinematicsESigma' due to exception: JOmniFactory: Failed to get collection HadronicFinalState: round_beam_four_momentum: no match for beam momentum 5.000 GeV within 10% of any of the allowed values.
[e:0] [JEventProcessorPODIO] [error] Omitting PODIO collection 'InclusiveKinematicsElectron' due to exception: JOmniFactory: Failed to get collection HadronicFinalState: round_beam_four_momentum: no match for beam momentum 5.000 GeV within 10% of any of the allowed values.
[e:0] [JEventProcessorPODIO] [error] Omitting PODIO collection 'InclusiveKinematicsJB' due to exception: JOmniFactory: Failed to get collection HadronicFinalState: round_beam_four_momentum: no match for beam momentum 5.000 GeV within 10% of any of the allowed values.
[e:0] [JEventProcessorPODIO] [error] Omitting PODIO collection 'InclusiveKinematicsML' due to exception: JOmniFactory: Failed to get collection InclusiveKinematicsElectron: JOmniFactory: Failed to get collection HadronicFinalState: round_beam_four_momentum: no match for beam momentum 5.000 GeV within 10% of any of the allowed values.
[e:0] [JEventProcessorPODIO] [error] Omitting PODIO collection 'InclusiveKinematicsSigma' due to exception: JOmniFactory: Failed to get collection HadronicFinalState: round_beam_four_momentum: no match for beam momentum 5.000 GeV within 10% of any of the allowed values.
[e:0] [JEventProcessorPODIO] [error] Omitting PODIO collection 'InclusiveKinematicseSigma' due to exception: JOmniFactory: Failed to get collection InclusiveKinematicsESigma: JOmniFactory: Failed to get collection HadronicFinalState: round_beam_four_momentum: no match for beam momentum 5.000 GeV within 10% of any of the allowed values.
[e:0] [JEventProcessorPODIO] [error] Omitting PODIO collection 'ReconstructedBreitFrameParticles' due to exception: JOmniFactory: Failed to get collection InclusiveKinematicsElectron: JOmniFactory: Failed to get collection HadronicFinalState: round_beam_four_momentum: no match for beam momentum 5.000 GeV within 10% of any of the allowed values.
[e:0] [JEventProcessorPODIO] [error] Omitting PODIO collection 'ReconstructedCentauroJets' due to exception: JOmniFactory: Failed to get collection ReconstructedBreitFrameParticles: JOmniFactory: Failed to get collection InclusiveKinematicsElectron: JOmniFactory: Failed to get collection HadronicFinalState: round_beam_four_momentum: no match for beam momentum 5.000 GeV within 10% of any of the allowed values.
[e:0] [FOFFMTRK:ForwardOffMRecParticles] [error] No beam protons found
[e:0] [JEventProcessorPODIO] [error] Omitting PODIO collection 'ForwardOffMRecParticles' due to exception: No beam protons found.
[e:0] [RPOTS:ForwardRomanPotRecParticles] [error] No beam protons found
[e:0] [JEventProcessorPODIO] [error] Omitting PODIO collection 'ForwardRomanPotRecParticles' due to exception: No beam protons found.
[e:0] [RPOTS:ForwardRomanPotStaticRecParticles] [error] No beam protons found
[e:0] [JEventProcessorPODIO] [error] Omitting PODIO collection 'ForwardRomanPotStaticRecParticles' due to exception: No beam protons found.
[e:0] [JEventProcessorPODIO] [error] Omitting PODIO collection 'GeneratedBreitFrameParticles' due to exception: JOmniFactory: Failed to get collection InclusiveKinematicsElectron: JOmniFactory: Failed to get collection HadronicFinalState: round_beam_four_momentum: no match for beam momentum 5.000 GeV within 10% of any of the allowed values.
[e:0] [JEventProcessorPODIO] [error] Omitting PODIO collection 'GeneratedCentauroJets' due to exception: JOmniFactory: Failed to get collection GeneratedBreitFrameParticles: JOmniFactory: Failed to get collection InclusiveKinematicsElectron: JOmniFactory: Failed to get collection HadronicFinalState: round_beam_four_momentum: no match for beam momentum 5.000 GeV within 10% of any of the allowed values.
[e:0] [JEventProcessorPODIO] [error] Omitting PODIO collection 'HadronicFinalState' due to exception: round_beam_four_momentum: no match for beam momentum 5.000 GeV within 10% of any of the allowed values.
[e:0] [JEventProcessorPODIO] [error] Omitting PODIO collection 'InclusiveKinematicsDA' due to exception: JOmniFactory: Failed to get collection HadronicFinalState: round_beam_four_momentum: no match for beam momentum 5.000 GeV within 10% of any of the allowed values.
[e:0] [JEventProcessorPODIO] [error] Omitting PODIO collection 'InclusiveKinematicsESigma' due to exception: JOmniFactory: Failed to get collection HadronicFinalState: round_beam_four_momentum: no match for beam momentum 5.000 GeV within 10% of any of the allowed values.
[e:0] [JEventProcessorPODIO] [error] Omitting PODIO collection 'InclusiveKinematicsElectron' due to exception: JOmniFactory: Failed to get collection HadronicFinalState: round_beam_four_momentum: no match for beam momentum 5.000 GeV within 10% of any of the allowed values.
[e:0] [JEventProcessorPODIO] [error] Omitting PODIO collection 'InclusiveKinematicsJB' due to exception: JOmniFactory: Failed to get collection HadronicFinalState: round_beam_four_momentum: no match for beam momentum 5.000 GeV within 10% of any of the allowed values.
[e:0] [JEventProcessorPODIO] [error] Omitting PODIO collection 'InclusiveKinematicsML' due to exception: JOmniFactory: Failed to get collection InclusiveKinematicsElectron: JOmniFactory: Failed to get collection HadronicFinalState: round_beam_four_momentum: no match for beam momentum 5.000 GeV within 10% of any of the allowed values.
[e:0] [JEventProcessorPODIO] [error] Omitting PODIO collection 'InclusiveKinematicsSigma' due to exception: JOmniFactory: Failed to get collection HadronicFinalState: round_beam_four_momentum: no match for beam momentum 5.000 GeV within 10% of any of the allowed values.
[e:0] [JEventProcessorPODIO] [error] Omitting PODIO collection 'InclusiveKinematicseSigma' due to exception: JOmniFactory: Failed to get collection InclusiveKinematicsESigma: JOmniFactory: Failed to get collection HadronicFinalState: round_beam_four_momentum: no match for beam momentum 5.000 GeV within 10% of any of the allowed values.
[e:0] [JEventProcessorPODIO] [error] Omitting PODIO collection 'ReconstructedBreitFrameParticles' due to exception: JOmniFactory: Failed to get collection InclusiveKinematicsElectron: JOmniFactory: Failed to get collection HadronicFinalState: round_beam_four_momentum: no match for beam momentum 5.000 GeV within 10% of any of the allowed values.
[e:0] [JEventProcessorPODIO] [error] Omitting PODIO collection 'ReconstructedCentauroJets' due to exception: JOmniFactory: Failed to get collection ReconstructedBreitFrameParticles: JOmniFactory: Failed to get collection InclusiveKinematicsElectron: JOmniFactory: Failed to get collection HadronicFinalState: round_beam_four_momentum: no match for beam momentum 5.000 GeV within 10% of any of the allowed values.
11:12:52.882  [info] Status: 23 events processed at 12.0 Hz (9.2 Hz avg)
[e:0] [FOFFMTRK:ForwardOffMRecParticles] [error] No beam protons found
[e:0] [JEventProcessorPODIO] [error] Omitting PODIO collection 'ForwardOffMRecParticles' due to exception: No beam protons found.
[e:0] [RPOTS:ForwardRomanPotRecParticles] [error] No beam protons found
[e:0] [JEventProcessorPODIO] [error] Omitting PODIO collection 'ForwardRomanPotRecParticles' due to exception: No beam protons found.
[e:0] [RPOTS:ForwardRomanPotStaticRecParticles] [error] No beam protons found
[e:0] [JEventProcessorPODIO] [error] Omitting PODIO collection 'ForwardRomanPotStaticRecParticles' due to exception: No beam protons found.
[e:0] [JEventProcessorPODIO] [error] Omitting PODIO collection 'GeneratedBreitFrameParticles' due to exception: JOmniFactory: Failed to get collection InclusiveKinematicsElectron: JOmniFactory: Failed to get collection HadronicFinalState: round_beam_four_momentum: no match for beam momentum 5.000 GeV within 10% of any of the allowed values.
[e:0] [JEventProcessorPODIO] [error] Omitting PODIO collection 'GeneratedCentauroJets' due to exception: JOmniFactory: Failed to get collection GeneratedBreitFrameParticles: JOmniFactory: Failed to get collection InclusiveKinematicsElectron: JOmniFactory: Failed to get collection HadronicFinalState: round_beam_four_momentum: no match for beam momentum 5.000 GeV within 10% of any of the allowed values.
[e:0] [JEventProcessorPODIO] [error] Omitting PODIO collection 'HadronicFinalState' due to exception: round_beam_four_momentum: no match for beam momentum 5.000 GeV within 10% of any of the allowed values.
[e:0] [JEventProcessorPODIO] [error] Omitting PODIO collection 'InclusiveKinematicsDA' due to exception: JOmniFactory: Failed to get collection HadronicFinalState: round_beam_four_momentum: no match for beam momentum 5.000 GeV within 10% of any of the allowed values.
[e:0] [JEventProcessorPODIO] [error] Omitting PODIO collection 'InclusiveKinematicsESigma' due to exception: JOmniFactory: Failed to get collection HadronicFinalState: round_beam_four_momentum: no match for beam momentum 5.000 GeV within 10% of any of the allowed values.
[e:0] [JEventProcessorPODIO] [error] Omitting PODIO collection 'InclusiveKinematicsElectron' due to exception: JOmniFactory: Failed to get collection HadronicFinalState: round_beam_four_momentum: no match for beam momentum 5.000 GeV within 10% of any of the allowed values.
[e:0] [JEventProcessorPODIO] [error] Omitting PODIO collection 'InclusiveKinematicsJB' due to exception: JOmniFactory: Failed to get collection HadronicFinalState: round_beam_four_momentum: no match for beam momentum 5.000 GeV within 10% of any of the allowed values.
[e:0] [JEventProcessorPODIO] [error] Omitting PODIO collection 'InclusiveKinematicsML' due to exception: JOmniFactory: Failed to get collection InclusiveKinematicsElectron: JOmniFactory: Failed to get collection HadronicFinalState: round_beam_four_momentum: no match for beam momentum 5.000 GeV within 10% of any of the allowed values.
[e:0] [JEventProcessorPODIO] [error] Omitting PODIO collection 'InclusiveKinematicsSigma' due to exception: JOmniFactory: Failed to get collection HadronicFinalState: round_beam_four_momentum: no match for beam momentum 5.000 GeV within 10% of any of the allowed values.
[e:0] [JEventProcessorPODIO] [error] Omitting PODIO collection 'InclusiveKinematicseSigma' due to exception: JOmniFactory: Failed to get collection InclusiveKinematicsESigma: JOmniFactory: Failed to get collection HadronicFinalState: round_beam_four_momentum: no match for beam momentum 5.000 GeV within 10% of any of the allowed values.
[e:0] [JEventProcessorPODIO] [error] Omitting PODIO collection 'ReconstructedBreitFrameParticles' due to exception: JOmniFactory: Failed to get collection InclusiveKinematicsElectron: JOmniFactory: Failed to get collection HadronicFinalState: round_beam_four_momentum: no match for beam momentum 5.000 GeV within 10% of any of the allowed values.
[e:0] [JEventProcessorPODIO] [error] Omitting PODIO collection 'ReconstructedCentauroJets' due to exception: JOmniFactory: Failed to get collection ReconstructedBreitFrameParticles: JOmniFactory: Failed to get collection InclusiveKinematicsElectron: JOmniFactory: Failed to get collection HadronicFinalState: round_beam_four_momentum: no match for beam momentum 5.000 GeV within 10% of any of the allowed values.
[e:0] [FOFFMTRK:ForwardOffMRecParticles] [error] No beam protons found
[e:0] [JEventProcessorPODIO] [error] Omitting PODIO collection 'ForwardOffMRecParticles' due to exception: No beam protons found.
[e:0] [RPOTS:ForwardRomanPotRecParticles] [error] No beam protons found
[e:0] [JEventProcessorPODIO] [error] Omitting PODIO collection 'ForwardRomanPotRecParticles' due to exception: No beam protons found.
[e:0] [RPOTS:ForwardRomanPotStaticRecParticles] [error] No beam protons found
[e:0] [JEventProcessorPODIO] [error] Omitting PODIO collection 'ForwardRomanPotStaticRecParticles' due to exception: No beam protons found.
[e:0] [JEventProcessorPODIO] [error] Omitting PODIO collection 'GeneratedBreitFrameParticles' due to exception: JOmniFactory: Failed to get collection InclusiveKinematicsElectron: JOmniFactory: Failed to get collection HadronicFinalState: round_beam_four_momentum: no match for beam momentum 5.000 GeV within 10% of any of the allowed values.
[e:0] [JEventProcessorPODIO] [error] Omitting PODIO collection 'GeneratedCentauroJets' due to exception: JOmniFactory: Failed to get collection GeneratedBreitFrameParticles: JOmniFactory: Failed to get collection InclusiveKinematicsElectron: JOmniFactory: Failed to get collection HadronicFinalState: round_beam_four_momentum: no match for beam momentum 5.000 GeV within 10% of any of the allowed values.
[e:0] [JEventProcessorPODIO] [error] Omitting PODIO collection 'HadronicFinalState' due to exception: round_beam_four_momentum: no match for beam momentum 5.000 GeV within 10% of any of the allowed values.
[e:0] [JEventProcessorPODIO] [error] Omitting PODIO collection 'InclusiveKinematicsDA' due to exception: JOmniFactory: Failed to get collection HadronicFinalState: round_beam_four_momentum: no match for beam momentum 5.000 GeV within 10% of any of the allowed values.
[e:0] [JEventProcessorPODIO] [error] Omitting PODIO collection 'InclusiveKinematicsESigma' due to exception: JOmniFactory: Failed to get collection HadronicFinalState: round_beam_four_momentum: no match for beam momentum 5.000 GeV within 10% of any of the allowed values.
[e:0] [JEventProcessorPODIO] [error] Omitting PODIO collection 'InclusiveKinematicsElectron' due to exception: JOmniFactory: Failed to get collection HadronicFinalState: round_beam_four_momentum: no match for beam momentum 5.000 GeV within 10% of any of the allowed values.
[e:0] [JEventProcessorPODIO] [error] Omitting PODIO collection 'InclusiveKinematicsJB' due to exception: JOmniFactory: Failed to get collection HadronicFinalState: round_beam_four_momentum: no match for beam momentum 5.000 GeV within 10% of any of the allowed values.
[e:0] [JEventProcessorPODIO] [error] Omitting PODIO collection 'InclusiveKinematicsML' due to exception: JOmniFactory: Failed to get collection InclusiveKinematicsElectron: JOmniFactory: Failed to get collection HadronicFinalState: round_beam_four_momentum: no match for beam momentum 5.000 GeV within 10% of any of the allowed values.
[e:0] [JEventProcessorPODIO] [error] Omitting PODIO collection 'InclusiveKinematicsSigma' due to exception: JOmniFactory: Failed to get collection HadronicFinalState: round_beam_four_momentum: no match for beam momentum 5.000 GeV within 10% of any of the allowed values.
[e:0] [JEventProcessorPODIO] [error] Omitting PODIO collection 'InclusiveKinematicseSigma' due to exception: JOmniFactory: Failed to get collection InclusiveKinematicsESigma: JOmniFactory: Failed to get collection HadronicFinalState: round_beam_four_momentum: no match for beam momentum 5.000 GeV within 10% of any of the allowed values.
[e:0] [JEventProcessorPODIO] [error] Omitting PODIO collection 'ReconstructedBreitFrameParticles' due to exception: JOmniFactory: Failed to get collection InclusiveKinematicsElectron: JOmniFactory: Failed to get collection HadronicFinalState: round_beam_four_momentum: no match for beam momentum 5.000 GeV within 10% of any of the allowed values.
[e:0] [JEventProcessorPODIO] [error] Omitting PODIO collection 'ReconstructedCentauroJets' due to exception: JOmniFactory: Failed to get collection ReconstructedBreitFrameParticles: JOmniFactory: Failed to get collection InclusiveKinematicsElectron: JOmniFactory: Failed to get collection HadronicFinalState: round_beam_four_momentum: no match for beam momentum 5.000 GeV within 10% of any of the allowed values.
[e:0] [FOFFMTRK:ForwardOffMRecParticles] [error] No beam protons found
[e:0] [JEventProcessorPODIO] [error] Omitting PODIO collection 'ForwardOffMRecParticles' due to exception: No beam protons found.
[e:0] [RPOTS:ForwardRomanPotRecParticles] [error] No beam protons found
[e:0] [JEventProcessorPODIO] [error] Omitting PODIO collection 'ForwardRomanPotRecParticles' due to exception: No beam protons found.
[e:0] [RPOTS:ForwardRomanPotStaticRecParticles] [error] No beam protons found
[e:0] [JEventProcessorPODIO] [error] Omitting PODIO collection 'ForwardRomanPotStaticRecParticles' due to exception: No beam protons found.
[e:0] [JEventProcessorPODIO] [error] Omitting PODIO collection 'GeneratedBreitFrameParticles' due to exception: JOmniFactory: Failed to get collection InclusiveKinematicsElectron: JOmniFactory: Failed to get collection HadronicFinalState: round_beam_four_momentum: no match for beam momentum 5.000 GeV within 10% of any of the allowed values.
[e:0] [JEventProcessorPODIO] [error] Omitting PODIO collection 'GeneratedCentauroJets' due to exception: JOmniFactory: Failed to get collection GeneratedBreitFrameParticles: JOmniFactory: Failed to get collection InclusiveKinematicsElectron: JOmniFactory: Failed to get collection HadronicFinalState: round_beam_four_momentum: no match for beam momentum 5.000 GeV within 10% of any of the allowed values.
[e:0] [JEventProcessorPODIO] [error] Omitting PODIO collection 'HadronicFinalState' due to exception: round_beam_four_momentum: no match for beam momentum 5.000 GeV within 10% of any of the allowed values.
[e:0] [JEventProcessorPODIO] [error] Omitting PODIO collection 'InclusiveKinematicsDA' due to exception: JOmniFactory: Failed to get collection HadronicFinalState: round_beam_four_momentum: no match for beam momentum 5.000 GeV within 10% of any of the allowed values.
[e:0] [JEventProcessorPODIO] [error] Omitting PODIO collection 'InclusiveKinematicsESigma' due to exception: JOmniFactory: Failed to get collection HadronicFinalState: round_beam_four_momentum: no match for beam momentum 5.000 GeV within 10% of any of the allowed values.
[e:0] [JEventProcessorPODIO] [error] Omitting PODIO collection 'InclusiveKinematicsElectron' due to exception: JOmniFactory: Failed to get collection HadronicFinalState: round_beam_four_momentum: no match for beam momentum 5.000 GeV within 10% of any of the allowed values.
[e:0] [JEventProcessorPODIO] [error] Omitting PODIO collection 'InclusiveKinematicsJB' due to exception: JOmniFactory: Failed to get collection HadronicFinalState: round_beam_four_momentum: no match for beam momentum 5.000 GeV within 10% of any of the allowed values.
[e:0] [JEventProcessorPODIO] [error] Omitting PODIO collection 'InclusiveKinematicsML' due to exception: JOmniFactory: Failed to get collection InclusiveKinematicsElectron: JOmniFactory: Failed to get collection HadronicFinalState: round_beam_four_momentum: no match for beam momentum 5.000 GeV within 10% of any of the allowed values.
[e:0] [JEventProcessorPODIO] [error] Omitting PODIO collection 'InclusiveKinematicsSigma' due to exception: JOmniFactory: Failed to get collection HadronicFinalState: round_beam_four_momentum: no match for beam momentum 5.000 GeV within 10% of any of the allowed values.
[e:0] [JEventProcessorPODIO] [error] Omitting PODIO collection 'InclusiveKinematicseSigma' due to exception: JOmniFactory: Failed to get collection InclusiveKinematicsESigma: JOmniFactory: Failed to get collection HadronicFinalState: round_beam_four_momentum: no match for beam momentum 5.000 GeV within 10% of any of the allowed values.
[e:0] [JEventProcessorPODIO] [error] Omitting PODIO collection 'ReconstructedBreitFrameParticles' due to exception: JOmniFactory: Failed to get collection InclusiveKinematicsElectron: JOmniFactory: Failed to get collection HadronicFinalState: round_beam_four_momentum: no match for beam momentum 5.000 GeV within 10% of any of the allowed values.
[e:0] [JEventProcessorPODIO] [error] Omitting PODIO collection 'ReconstructedCentauroJets' due to exception: JOmniFactory: Failed to get collection ReconstructedBreitFrameParticles: JOmniFactory: Failed to get collection InclusiveKinematicsElectron: JOmniFactory: Failed to get collection HadronicFinalState: round_beam_four_momentum: no match for beam momentum 5.000 GeV within 10% of any of the allowed values.
[e:0] [FOFFMTRK:ForwardOffMRecParticles] [error] No beam protons found
[e:0] [JEventProcessorPODIO] [error] Omitting PODIO collection 'ForwardOffMRecParticles' due to exception: No beam protons found.
[e:0] [RPOTS:ForwardRomanPotRecParticles] [error] No beam protons found
[e:0] [JEventProcessorPODIO] [error] Omitting PODIO collection 'ForwardRomanPotRecParticles' due to exception: No beam protons found.
[e:0] [RPOTS:ForwardRomanPotStaticRecParticles] [error] No beam protons found
[e:0] [JEventProcessorPODIO] [error] Omitting PODIO collection 'ForwardRomanPotStaticRecParticles' due to exception: No beam protons found.
[e:0] [JEventProcessorPODIO] [error] Omitting PODIO collection 'GeneratedBreitFrameParticles' due to exception: JOmniFactory: Failed to get collection InclusiveKinematicsElectron: JOmniFactory: Failed to get collection HadronicFinalState: round_beam_four_momentum: no match for beam momentum 5.000 GeV within 10% of any of the allowed values.
[e:0] [JEventProcessorPODIO] [error] Omitting PODIO collection 'GeneratedCentauroJets' due to exception: JOmniFactory: Failed to get collection GeneratedBreitFrameParticles: JOmniFactory: Failed to get collection InclusiveKinematicsElectron: JOmniFactory: Failed to get collection HadronicFinalState: round_beam_four_momentum: no match for beam momentum 5.000 GeV within 10% of any of the allowed values.
[e:0] [JEventProcessorPODIO] [error] Omitting PODIO collection 'HadronicFinalState' due to exception: round_beam_four_momentum: no match for beam momentum 5.000 GeV within 10% of any of the allowed values.
[e:0] [JEventProcessorPODIO] [error] Omitting PODIO collection 'InclusiveKinematicsDA' due to exception: JOmniFactory: Failed to get collection HadronicFinalState: round_beam_four_momentum: no match for beam momentum 5.000 GeV within 10% of any of the allowed values.
[e:0] [JEventProcessorPODIO] [error] Omitting PODIO collection 'InclusiveKinematicsESigma' due to exception: JOmniFactory: Failed to get collection HadronicFinalState: round_beam_four_momentum: no match for beam momentum 5.000 GeV within 10% of any of the allowed values.
[e:0] [JEventProcessorPODIO] [error] Omitting PODIO collection 'InclusiveKinematicsElectron' due to exception: JOmniFactory: Failed to get collection HadronicFinalState: round_beam_four_momentum: no match for beam momentum 5.000 GeV within 10% of any of the allowed values.
[e:0] [JEventProcessorPODIO] [error] Omitting PODIO collection 'InclusiveKinematicsJB' due to exception: JOmniFactory: Failed to get collection HadronicFinalState: round_beam_four_momentum: no match for beam momentum 5.000 GeV within 10% of any of the allowed values.
[e:0] [JEventProcessorPODIO] [error] Omitting PODIO collection 'InclusiveKinematicsML' due to exception: JOmniFactory: Failed to get collection InclusiveKinematicsElectron: JOmniFactory: Failed to get collection HadronicFinalState: round_beam_four_momentum: no match for beam momentum 5.000 GeV within 10% of any of the allowed values.
[e:0] [JEventProcessorPODIO] [error] Omitting PODIO collection 'InclusiveKinematicsSigma' due to exception: JOmniFactory: Failed to get collection HadronicFinalState: round_beam_four_momentum: no match for beam momentum 5.000 GeV within 10% of any of the allowed values.
[e:0] [JEventProcessorPODIO] [error] Omitting PODIO collection 'InclusiveKinematicseSigma' due to exception: JOmniFactory: Failed to get collection InclusiveKinematicsESigma: JOmniFactory: Failed to get collection HadronicFinalState: round_beam_four_momentum: no match for beam momentum 5.000 GeV within 10% of any of the allowed values.
[e:0] [JEventProcessorPODIO] [error] Omitting PODIO collection 'ReconstructedBreitFrameParticles' due to exception: JOmniFactory: Failed to get collection InclusiveKinematicsElectron: JOmniFactory: Failed to get collection HadronicFinalState: round_beam_four_momentum: no match for beam momentum 5.000 GeV within 10% of any of the allowed values.
[e:0] [JEventProcessorPODIO] [error] Omitting PODIO collection 'ReconstructedCentauroJets' due to exception: JOmniFactory: Failed to get collection ReconstructedBreitFrameParticles: JOmniFactory: Failed to get collection InclusiveKinematicsElectron: JOmniFactory: Failed to get collection HadronicFinalState: round_beam_four_momentum: no match for beam momentum 5.000 GeV within 10% of any of the allowed values.
[e:0] [FOFFMTRK:ForwardOffMRecParticles] [error] No beam protons found
[e:0] [JEventProcessorPODIO] [error] Omitting PODIO collection 'ForwardOffMRecParticles' due to exception: No beam protons found.
[e:0] [RPOTS:ForwardRomanPotRecParticles] [error] No beam protons found
[e:0] [JEventProcessorPODIO] [error] Omitting PODIO collection 'ForwardRomanPotRecParticles' due to exception: No beam protons found.
[e:0] [RPOTS:ForwardRomanPotStaticRecParticles] [error] No beam protons found
[e:0] [JEventProcessorPODIO] [error] Omitting PODIO collection 'ForwardRomanPotStaticRecParticles' due to exception: No beam protons found.
[e:0] [JEventProcessorPODIO] [error] Omitting PODIO collection 'GeneratedBreitFrameParticles' due to exception: JOmniFactory: Failed to get collection InclusiveKinematicsElectron: JOmniFactory: Failed to get collection HadronicFinalState: round_beam_four_momentum: no match for beam momentum 5.000 GeV within 10% of any of the allowed values.
[e:0] [JEventProcessorPODIO] [error] Omitting PODIO collection 'GeneratedCentauroJets' due to exception: JOmniFactory: Failed to get collection GeneratedBreitFrameParticles: JOmniFactory: Failed to get collection InclusiveKinematicsElectron: JOmniFactory: Failed to get collection HadronicFinalState: round_beam_four_momentum: no match for beam momentum 5.000 GeV within 10% of any of the allowed values.
[e:0] [JEventProcessorPODIO] [error] Omitting PODIO collection 'HadronicFinalState' due to exception: round_beam_four_momentum: no match for beam momentum 5.000 GeV within 10% of any of the allowed values.
[e:0] [JEventProcessorPODIO] [error] Omitting PODIO collection 'InclusiveKinematicsDA' due to exception: JOmniFactory: Failed to get collection HadronicFinalState: round_beam_four_momentum: no match for beam momentum 5.000 GeV within 10% of any of the allowed values.
[e:0] [JEventProcessorPODIO] [error] Omitting PODIO collection 'InclusiveKinematicsESigma' due to exception: JOmniFactory: Failed to get collection HadronicFinalState: round_beam_four_momentum: no match for beam momentum 5.000 GeV within 10% of any of the allowed values.
[e:0] [JEventProcessorPODIO] [error] Omitting PODIO collection 'InclusiveKinematicsElectron' due to exception: JOmniFactory: Failed to get collection HadronicFinalState: round_beam_four_momentum: no match for beam momentum 5.000 GeV within 10% of any of the allowed values.
[e:0] [JEventProcessorPODIO] [error] Omitting PODIO collection 'InclusiveKinematicsJB' due to exception: JOmniFactory: Failed to get collection HadronicFinalState: round_beam_four_momentum: no match for beam momentum 5.000 GeV within 10% of any of the allowed values.
[e:0] [JEventProcessorPODIO] [error] Omitting PODIO collection 'InclusiveKinematicsML' due to exception: JOmniFactory: Failed to get collection InclusiveKinematicsElectron: JOmniFactory: Failed to get collection HadronicFinalState: round_beam_four_momentum: no match for beam momentum 5.000 GeV within 10% of any of the allowed values.
[e:0] [JEventProcessorPODIO] [error] Omitting PODIO collection 'InclusiveKinematicsSigma' due to exception: JOmniFactory: Failed to get collection HadronicFinalState: round_beam_four_momentum: no match for beam momentum 5.000 GeV within 10% of any of the allowed values.
[e:0] [JEventProcessorPODIO] [error] Omitting PODIO collection 'InclusiveKinematicseSigma' due to exception: JOmniFactory: Failed to get collection InclusiveKinematicsESigma: JOmniFactory: Failed to get collection HadronicFinalState: round_beam_four_momentum: no match for beam momentum 5.000 GeV within 10% of any of the allowed values.
[e:0] [JEventProcessorPODIO] [error] Omitting PODIO collection 'ReconstructedBreitFrameParticles' due to exception: JOmniFactory: Failed to get collection InclusiveKinematicsElectron: JOmniFactory: Failed to get collection HadronicFinalState: round_beam_four_momentum: no match for beam momentum 5.000 GeV within 10% of any of the allowed values.
[e:0] [JEventProcessorPODIO] [error] Omitting PODIO collection 'ReconstructedCentauroJets' due to exception: JOmniFactory: Failed to get collection ReconstructedBreitFrameParticles: JOmniFactory: Failed to get collection InclusiveKinematicsElectron: JOmniFactory: Failed to get collection HadronicFinalState: round_beam_four_momentum: no match for beam momentum 5.000 GeV within 10% of any of the allowed values.
[e:0] [FOFFMTRK:ForwardOffMRecParticles] [error] No beam protons found
[e:0] [JEventProcessorPODIO] [error] Omitting PODIO collection 'ForwardOffMRecParticles' due to exception: No beam protons found.
[e:0] [RPOTS:ForwardRomanPotRecParticles] [error] No beam protons found
[e:0] [JEventProcessorPODIO] [error] Omitting PODIO collection 'ForwardRomanPotRecParticles' due to exception: No beam protons found.
[e:0] [RPOTS:ForwardRomanPotStaticRecParticles] [error] No beam protons found
[e:0] [JEventProcessorPODIO] [error] Omitting PODIO collection 'ForwardRomanPotStaticRecParticles' due to exception: No beam protons found.
[e:0] [JEventProcessorPODIO] [error] Omitting PODIO collection 'GeneratedBreitFrameParticles' due to exception: JOmniFactory: Failed to get collection InclusiveKinematicsElectron: JOmniFactory: Failed to get collection HadronicFinalState: round_beam_four_momentum: no match for beam momentum 5.000 GeV within 10% of any of the allowed values.
[e:0] [JEventProcessorPODIO] [error] Omitting PODIO collection 'GeneratedCentauroJets' due to exception: JOmniFactory: Failed to get collection GeneratedBreitFrameParticles: JOmniFactory: Failed to get collection InclusiveKinematicsElectron: JOmniFactory: Failed to get collection HadronicFinalState: round_beam_four_momentum: no match for beam momentum 5.000 GeV within 10% of any of the allowed values.
11:12:53.382  [info] Status: 29 events processed at 12.0 Hz (9.7 Hz avg)
[e:0] [JEventProcessorPODIO] [error] Omitting PODIO collection 'HadronicFinalState' due to exception: round_beam_four_momentum: no match for beam momentum 5.000 GeV within 10% of any of the allowed values.
[e:0] [JEventProcessorPODIO] [error] Omitting PODIO collection 'InclusiveKinematicsDA' due to exception: JOmniFactory: Failed to get collection HadronicFinalState: round_beam_four_momentum: no match for beam momentum 5.000 GeV within 10% of any of the allowed values.
[e:0] [JEventProcessorPODIO] [error] Omitting PODIO collection 'InclusiveKinematicsESigma' due to exception: JOmniFactory: Failed to get collection HadronicFinalState: round_beam_four_momentum: no match for beam momentum 5.000 GeV within 10% of any of the allowed values.
[e:0] [JEventProcessorPODIO] [error] Omitting PODIO collection 'InclusiveKinematicsElectron' due to exception: JOmniFactory: Failed to get collection HadronicFinalState: round_beam_four_momentum: no match for beam momentum 5.000 GeV within 10% of any of the allowed values.
[e:0] [JEventProcessorPODIO] [error] Omitting PODIO collection 'InclusiveKinematicsJB' due to exception: JOmniFactory: Failed to get collection HadronicFinalState: round_beam_four_momentum: no match for beam momentum 5.000 GeV within 10% of any of the allowed values.
[e:0] [JEventProcessorPODIO] [error] Omitting PODIO collection 'InclusiveKinematicsML' due to exception: JOmniFactory: Failed to get collection InclusiveKinematicsElectron: JOmniFactory: Failed to get collection HadronicFinalState: round_beam_four_momentum: no match for beam momentum 5.000 GeV within 10% of any of the allowed values.
[e:0] [JEventProcessorPODIO] [error] Omitting PODIO collection 'InclusiveKinematicsSigma' due to exception: JOmniFactory: Failed to get collection HadronicFinalState: round_beam_four_momentum: no match for beam momentum 5.000 GeV within 10% of any of the allowed values.
[e:0] [JEventProcessorPODIO] [error] Omitting PODIO collection 'InclusiveKinematicseSigma' due to exception: JOmniFactory: Failed to get collection InclusiveKinematicsESigma: JOmniFactory: Failed to get collection HadronicFinalState: round_beam_four_momentum: no match for beam momentum 5.000 GeV within 10% of any of the allowed values.
[e:0] [JEventProcessorPODIO] [error] Omitting PODIO collection 'ReconstructedBreitFrameParticles' due to exception: JOmniFactory: Failed to get collection InclusiveKinematicsElectron: JOmniFactory: Failed to get collection HadronicFinalState: round_beam_four_momentum: no match for beam momentum 5.000 GeV within 10% of any of the allowed values.
[e:0] [JEventProcessorPODIO] [error] Omitting PODIO collection 'ReconstructedCentauroJets' due to exception: JOmniFactory: Failed to get collection ReconstructedBreitFrameParticles: JOmniFactory: Failed to get collection InclusiveKinematicsElectron: JOmniFactory: Failed to get collection HadronicFinalState: round_beam_four_momentum: no match for beam momentum 5.000 GeV within 10% of any of the allowed values.
[e:0] [FOFFMTRK:ForwardOffMRecParticles] [error] No beam protons found
[e:0] [JEventProcessorPODIO] [error] Omitting PODIO collection 'ForwardOffMRecParticles' due to exception: No beam protons found.
[e:0] [RPOTS:ForwardRomanPotRecParticles] [error] No beam protons found
[e:0] [JEventProcessorPODIO] [error] Omitting PODIO collection 'ForwardRomanPotRecParticles' due to exception: No beam protons found.
[e:0] [RPOTS:ForwardRomanPotStaticRecParticles] [error] No beam protons found
[e:0] [JEventProcessorPODIO] [error] Omitting PODIO collection 'ForwardRomanPotStaticRecParticles' due to exception: No beam protons found.
[e:0] [JEventProcessorPODIO] [error] Omitting PODIO collection 'GeneratedBreitFrameParticles' due to exception: JOmniFactory: Failed to get collection InclusiveKinematicsElectron: JOmniFactory: Failed to get collection HadronicFinalState: round_beam_four_momentum: no match for beam momentum 5.000 GeV within 10% of any of the allowed values.
[e:0] [JEventProcessorPODIO] [error] Omitting PODIO collection 'GeneratedCentauroJets' due to exception: JOmniFactory: Failed to get collection GeneratedBreitFrameParticles: JOmniFactory: Failed to get collection InclusiveKinematicsElectron: JOmniFactory: Failed to get collection HadronicFinalState: round_beam_four_momentum: no match for beam momentum 5.000 GeV within 10% of any of the allowed values.
[e:0] [JEventProcessorPODIO] [error] Omitting PODIO collection 'HadronicFinalState' due to exception: round_beam_four_momentum: no match for beam momentum 5.000 GeV within 10% of any of the allowed values.
[e:0] [JEventProcessorPODIO] [error] Omitting PODIO collection 'InclusiveKinematicsDA' due to exception: JOmniFactory: Failed to get collection HadronicFinalState: round_beam_four_momentum: no match for beam momentum 5.000 GeV within 10% of any of the allowed values.
[e:0] [JEventProcessorPODIO] [error] Omitting PODIO collection 'InclusiveKinematicsESigma' due to exception: JOmniFactory: Failed to get collection HadronicFinalState: round_beam_four_momentum: no match for beam momentum 5.000 GeV within 10% of any of the allowed values.
[e:0] [JEventProcessorPODIO] [error] Omitting PODIO collection 'InclusiveKinematicsElectron' due to exception: JOmniFactory: Failed to get collection HadronicFinalState: round_beam_four_momentum: no match for beam momentum 5.000 GeV within 10% of any of the allowed values.
[e:0] [JEventProcessorPODIO] [error] Omitting PODIO collection 'InclusiveKinematicsJB' due to exception: JOmniFactory: Failed to get collection HadronicFinalState: round_beam_four_momentum: no match for beam momentum 5.000 GeV within 10% of any of the allowed values.
[e:0] [JEventProcessorPODIO] [error] Omitting PODIO collection 'InclusiveKinematicsML' due to exception: JOmniFactory: Failed to get collection InclusiveKinematicsElectron: JOmniFactory: Failed to get collection HadronicFinalState: round_beam_four_momentum: no match for beam momentum 5.000 GeV within 10% of any of the allowed values.
[e:0] [JEventProcessorPODIO] [error] Omitting PODIO collection 'InclusiveKinematicsSigma' due to exception: JOmniFactory: Failed to get collection HadronicFinalState: round_beam_four_momentum: no match for beam momentum 5.000 GeV within 10% of any of the allowed values.
[e:0] [JEventProcessorPODIO] [error] Omitting PODIO collection 'InclusiveKinematicseSigma' due to exception: JOmniFactory: Failed to get collection InclusiveKinematicsESigma: JOmniFactory: Failed to get collection HadronicFinalState: round_beam_four_momentum: no match for beam momentum 5.000 GeV within 10% of any of the allowed values.
[e:0] [JEventProcessorPODIO] [error] Omitting PODIO collection 'ReconstructedBreitFrameParticles' due to exception: JOmniFactory: Failed to get collection InclusiveKinematicsElectron: JOmniFactory: Failed to get collection HadronicFinalState: round_beam_four_momentum: no match for beam momentum 5.000 GeV within 10% of any of the allowed values.
[e:0] [JEventProcessorPODIO] [error] Omitting PODIO collection 'ReconstructedCentauroJets' due to exception: JOmniFactory: Failed to get collection ReconstructedBreitFrameParticles: JOmniFactory: Failed to get collection InclusiveKinematicsElectron: JOmniFactory: Failed to get collection HadronicFinalState: round_beam_four_momentum: no match for beam momentum 5.000 GeV within 10% of any of the allowed values.
[e:0] [FOFFMTRK:ForwardOffMRecParticles] [error] No beam protons found
[e:0] [JEventProcessorPODIO] [error] Omitting PODIO collection 'ForwardOffMRecParticles' due to exception: No beam protons found.
[e:0] [RPOTS:ForwardRomanPotRecParticles] [error] No beam protons found
[e:0] [JEventProcessorPODIO] [error] Omitting PODIO collection 'ForwardRomanPotRecParticles' due to exception: No beam protons found.
[e:0] [RPOTS:ForwardRomanPotStaticRecParticles] [error] No beam protons found
[e:0] [JEventProcessorPODIO] [error] Omitting PODIO collection 'ForwardRomanPotStaticRecParticles' due to exception: No beam protons found.
[e:0] [JEventProcessorPODIO] [error] Omitting PODIO collection 'GeneratedBreitFrameParticles' due to exception: JOmniFactory: Failed to get collection InclusiveKinematicsElectron: JOmniFactory: Failed to get collection HadronicFinalState: round_beam_four_momentum: no match for beam momentum 5.000 GeV within 10% of any of the allowed values.
[e:0] [JEventProcessorPODIO] [error] Omitting PODIO collection 'GeneratedCentauroJets' due to exception: JOmniFactory: Failed to get collection GeneratedBreitFrameParticles: JOmniFactory: Failed to get collection InclusiveKinematicsElectron: JOmniFactory: Failed to get collection HadronicFinalState: round_beam_four_momentum: no match for beam momentum 5.000 GeV within 10% of any of the allowed values.
[e:0] [JEventProcessorPODIO] [error] Omitting PODIO collection 'HadronicFinalState' due to exception: round_beam_four_momentum: no match for beam momentum 5.000 GeV within 10% of any of the allowed values.
[e:0] [JEventProcessorPODIO] [error] Omitting PODIO collection 'InclusiveKinematicsDA' due to exception: JOmniFactory: Failed to get collection HadronicFinalState: round_beam_four_momentum: no match for beam momentum 5.000 GeV within 10% of any of the allowed values.
[e:0] [JEventProcessorPODIO] [error] Omitting PODIO collection 'InclusiveKinematicsESigma' due to exception: JOmniFactory: Failed to get collection HadronicFinalState: round_beam_four_momentum: no match for beam momentum 5.000 GeV within 10% of any of the allowed values.
[e:0] [JEventProcessorPODIO] [error] Omitting PODIO collection 'InclusiveKinematicsElectron' due to exception: JOmniFactory: Failed to get collection HadronicFinalState: round_beam_four_momentum: no match for beam momentum 5.000 GeV within 10% of any of the allowed values.
[e:0] [JEventProcessorPODIO] [error] Omitting PODIO collection 'InclusiveKinematicsJB' due to exception: JOmniFactory: Failed to get collection HadronicFinalState: round_beam_four_momentum: no match for beam momentum 5.000 GeV within 10% of any of the allowed values.
[e:0] [JEventProcessorPODIO] [error] Omitting PODIO collection 'InclusiveKinematicsML' due to exception: JOmniFactory: Failed to get collection InclusiveKinematicsElectron: JOmniFactory: Failed to get collection HadronicFinalState: round_beam_four_momentum: no match for beam momentum 5.000 GeV within 10% of any of the allowed values.
[e:0] [JEventProcessorPODIO] [error] Omitting PODIO collection 'InclusiveKinematicsSigma' due to exception: JOmniFactory: Failed to get collection HadronicFinalState: round_beam_four_momentum: no match for beam momentum 5.000 GeV within 10% of any of the allowed values.
[e:0] [JEventProcessorPODIO] [error] Omitting PODIO collection 'InclusiveKinematicseSigma' due to exception: JOmniFactory: Failed to get collection InclusiveKinematicsESigma: JOmniFactory: Failed to get collection HadronicFinalState: round_beam_four_momentum: no match for beam momentum 5.000 GeV within 10% of any of the allowed values.
[e:0] [JEventProcessorPODIO] [error] Omitting PODIO collection 'ReconstructedBreitFrameParticles' due to exception: JOmniFactory: Failed to get collection InclusiveKinematicsElectron: JOmniFactory: Failed to get collection HadronicFinalState: round_beam_four_momentum: no match for beam momentum 5.000 GeV within 10% of any of the allowed values.
[e:0] [JEventProcessorPODIO] [error] Omitting PODIO collection 'ReconstructedCentauroJets' due to exception: JOmniFactory: Failed to get collection ReconstructedBreitFrameParticles: JOmniFactory: Failed to get collection InclusiveKinematicsElectron: JOmniFactory: Failed to get collection HadronicFinalState: round_beam_four_momentum: no match for beam momentum 5.000 GeV within 10% of any of the allowed values.
[e:0] [FOFFMTRK:ForwardOffMRecParticles] [error] No beam protons found
[e:0] [JEventProcessorPODIO] [error] Omitting PODIO collection 'ForwardOffMRecParticles' due to exception: No beam protons found.
[e:0] [RPOTS:ForwardRomanPotRecParticles] [error] No beam protons found
[e:0] [JEventProcessorPODIO] [error] Omitting PODIO collection 'ForwardRomanPotRecParticles' due to exception: No beam protons found.
[e:0] [RPOTS:ForwardRomanPotStaticRecParticles] [error] No beam protons found
[e:0] [JEventProcessorPODIO] [error] Omitting PODIO collection 'ForwardRomanPotStaticRecParticles' due to exception: No beam protons found.
[e:0] [JEventProcessorPODIO] [error] Omitting PODIO collection 'GeneratedBreitFrameParticles' due to exception: JOmniFactory: Failed to get collection InclusiveKinematicsElectron: JOmniFactory: Failed to get collection HadronicFinalState: round_beam_four_momentum: no match for beam momentum 5.000 GeV within 10% of any of the allowed values.
[e:0] [JEventProcessorPODIO] [error] Omitting PODIO collection 'GeneratedCentauroJets' due to exception: JOmniFactory: Failed to get collection GeneratedBreitFrameParticles: JOmniFactory: Failed to get collection InclusiveKinematicsElectron: JOmniFactory: Failed to get collection HadronicFinalState: round_beam_four_momentum: no match for beam momentum 5.000 GeV within 10% of any of the allowed values.
[e:0] [JEventProcessorPODIO] [error] Omitting PODIO collection 'HadronicFinalState' due to exception: round_beam_four_momentum: no match for beam momentum 5.000 GeV within 10% of any of the allowed values.
[e:0] [JEventProcessorPODIO] [error] Omitting PODIO collection 'InclusiveKinematicsDA' due to exception: JOmniFactory: Failed to get collection HadronicFinalState: round_beam_four_momentum: no match for beam momentum 5.000 GeV within 10% of any of the allowed values.
[e:0] [JEventProcessorPODIO] [error] Omitting PODIO collection 'InclusiveKinematicsESigma' due to exception: JOmniFactory: Failed to get collection HadronicFinalState: round_beam_four_momentum: no match for beam momentum 5.000 GeV within 10% of any of the allowed values.
[e:0] [JEventProcessorPODIO] [error] Omitting PODIO collection 'InclusiveKinematicsElectron' due to exception: JOmniFactory: Failed to get collection HadronicFinalState: round_beam_four_momentum: no match for beam momentum 5.000 GeV within 10% of any of the allowed values.
[e:0] [JEventProcessorPODIO] [error] Omitting PODIO collection 'InclusiveKinematicsJB' due to exception: JOmniFactory: Failed to get collection HadronicFinalState: round_beam_four_momentum: no match for beam momentum 5.000 GeV within 10% of any of the allowed values.
[e:0] [JEventProcessorPODIO] [error] Omitting PODIO collection 'InclusiveKinematicsML' due to exception: JOmniFactory: Failed to get collection InclusiveKinematicsElectron: JOmniFactory: Failed to get collection HadronicFinalState: round_beam_four_momentum: no match for beam momentum 5.000 GeV within 10% of any of the allowed values.
[e:0] [JEventProcessorPODIO] [error] Omitting PODIO collection 'InclusiveKinematicsSigma' due to exception: JOmniFactory: Failed to get collection HadronicFinalState: round_beam_four_momentum: no match for beam momentum 5.000 GeV within 10% of any of the allowed values.
[e:0] [JEventProcessorPODIO] [error] Omitting PODIO collection 'InclusiveKinematicseSigma' due to exception: JOmniFactory: Failed to get collection InclusiveKinematicsESigma: JOmniFactory: Failed to get collection HadronicFinalState: round_beam_four_momentum: no match for beam momentum 5.000 GeV within 10% of any of the allowed values.
[e:0] [JEventProcessorPODIO] [error] Omitting PODIO collection 'ReconstructedBreitFrameParticles' due to exception: JOmniFactory: Failed to get collection InclusiveKinematicsElectron: JOmniFactory: Failed to get collection HadronicFinalState: round_beam_four_momentum: no match for beam momentum 5.000 GeV within 10% of any of the allowed values.
[e:0] [JEventProcessorPODIO] [error] Omitting PODIO collection 'ReconstructedCentauroJets' due to exception: JOmniFactory: Failed to get collection ReconstructedBreitFrameParticles: JOmniFactory: Failed to get collection InclusiveKinematicsElectron: JOmniFactory: Failed to get collection HadronicFinalState: round_beam_four_momentum: no match for beam momentum 5.000 GeV within 10% of any of the allowed values.
[e:0] [FOFFMTRK:ForwardOffMRecParticles] [error] No beam protons found
[e:0] [JEventProcessorPODIO] [error] Omitting PODIO collection 'ForwardOffMRecParticles' due to exception: No beam protons found.
[e:0] [RPOTS:ForwardRomanPotRecParticles] [error] No beam protons found
[e:0] [JEventProcessorPODIO] [error] Omitting PODIO collection 'ForwardRomanPotRecParticles' due to exception: No beam protons found.
[e:0] [RPOTS:ForwardRomanPotStaticRecParticles] [error] No beam protons found
[e:0] [JEventProcessorPODIO] [error] Omitting PODIO collection 'ForwardRomanPotStaticRecParticles' due to exception: No beam protons found.
[e:0] [JEventProcessorPODIO] [error] Omitting PODIO collection 'GeneratedBreitFrameParticles' due to exception: JOmniFactory: Failed to get collection InclusiveKinematicsElectron: JOmniFactory: Failed to get collection HadronicFinalState: round_beam_four_momentum: no match for beam momentum 5.000 GeV within 10% of any of the allowed values.
[e:0] [JEventProcessorPODIO] [error] Omitting PODIO collection 'GeneratedCentauroJets' due to exception: JOmniFactory: Failed to get collection GeneratedBreitFrameParticles: JOmniFactory: Failed to get collection InclusiveKinematicsElectron: JOmniFactory: Failed to get collection HadronicFinalState: round_beam_four_momentum: no match for beam momentum 5.000 GeV within 10% of any of the allowed values.
[e:0] [JEventProcessorPODIO] [error] Omitting PODIO collection 'HadronicFinalState' due to exception: round_beam_four_momentum: no match for beam momentum 5.000 GeV within 10% of any of the allowed values.
[e:0] [JEventProcessorPODIO] [error] Omitting PODIO collection 'InclusiveKinematicsDA' due to exception: JOmniFactory: Failed to get collection HadronicFinalState: round_beam_four_momentum: no match for beam momentum 5.000 GeV within 10% of any of the allowed values.
[e:0] [JEventProcessorPODIO] [error] Omitting PODIO collection 'InclusiveKinematicsESigma' due to exception: JOmniFactory: Failed to get collection HadronicFinalState: round_beam_four_momentum: no match for beam momentum 5.000 GeV within 10% of any of the allowed values.
[e:0] [JEventProcessorPODIO] [error] Omitting PODIO collection 'InclusiveKinematicsElectron' due to exception: JOmniFactory: Failed to get collection HadronicFinalState: round_beam_four_momentum: no match for beam momentum 5.000 GeV within 10% of any of the allowed values.
[e:0] [JEventProcessorPODIO] [error] Omitting PODIO collection 'InclusiveKinematicsJB' due to exception: JOmniFactory: Failed to get collection HadronicFinalState: round_beam_four_momentum: no match for beam momentum 5.000 GeV within 10% of any of the allowed values.
[e:0] [JEventProcessorPODIO] [error] Omitting PODIO collection 'InclusiveKinematicsML' due to exception: JOmniFactory: Failed to get collection InclusiveKinematicsElectron: JOmniFactory: Failed to get collection HadronicFinalState: round_beam_four_momentum: no match for beam momentum 5.000 GeV within 10% of any of the allowed values.
[e:0] [JEventProcessorPODIO] [error] Omitting PODIO collection 'InclusiveKinematicsSigma' due to exception: JOmniFactory: Failed to get collection HadronicFinalState: round_beam_four_momentum: no match for beam momentum 5.000 GeV within 10% of any of the allowed values.
[e:0] [JEventProcessorPODIO] [error] Omitting PODIO collection 'InclusiveKinematicseSigma' due to exception: JOmniFactory: Failed to get collection InclusiveKinematicsESigma: JOmniFactory: Failed to get collection HadronicFinalState: round_beam_four_momentum: no match for beam momentum 5.000 GeV within 10% of any of the allowed values.
[e:0] [JEventProcessorPODIO] [error] Omitting PODIO collection 'ReconstructedBreitFrameParticles' due to exception: JOmniFactory: Failed to get collection InclusiveKinematicsElectron: JOmniFactory: Failed to get collection HadronicFinalState: round_beam_four_momentum: no match for beam momentum 5.000 GeV within 10% of any of the allowed values.
[e:0] [JEventProcessorPODIO] [error] Omitting PODIO collection 'ReconstructedCentauroJets' due to exception: JOmniFactory: Failed to get collection ReconstructedBreitFrameParticles: JOmniFactory: Failed to get collection InclusiveKinematicsElectron: JOmniFactory: Failed to get collection HadronicFinalState: round_beam_four_momentum: no match for beam momentum 5.000 GeV within 10% of any of the allowed values.
[e:0] [FOFFMTRK:ForwardOffMRecParticles] [error] No beam protons found
[e:0] [JEventProcessorPODIO] [error] Omitting PODIO collection 'ForwardOffMRecParticles' due to exception: No beam protons found.
[e:0] [RPOTS:ForwardRomanPotRecParticles] [error] No beam protons found
[e:0] [JEventProcessorPODIO] [error] Omitting PODIO collection 'ForwardRomanPotRecParticles' due to exception: No beam protons found.
[e:0] [RPOTS:ForwardRomanPotStaticRecParticles] [error] No beam protons found
[e:0] [JEventProcessorPODIO] [error] Omitting PODIO collection 'ForwardRomanPotStaticRecParticles' due to exception: No beam protons found.
[e:0] [JEventProcessorPODIO] [error] Omitting PODIO collection 'GeneratedBreitFrameParticles' due to exception: JOmniFactory: Failed to get collection InclusiveKinematicsElectron: JOmniFactory: Failed to get collection HadronicFinalState: round_beam_four_momentum: no match for beam momentum 5.000 GeV within 10% of any of the allowed values.
[e:0] [JEventProcessorPODIO] [error] Omitting PODIO collection 'GeneratedCentauroJets' due to exception: JOmniFactory: Failed to get collection GeneratedBreitFrameParticles: JOmniFactory: Failed to get collection InclusiveKinematicsElectron: JOmniFactory: Failed to get collection HadronicFinalState: round_beam_four_momentum: no match for beam momentum 5.000 GeV within 10% of any of the allowed values.
[e:0] [JEventProcessorPODIO] [error] Omitting PODIO collection 'HadronicFinalState' due to exception: round_beam_four_momentum: no match for beam momentum 5.000 GeV within 10% of any of the allowed values.
[e:0] [JEventProcessorPODIO] [error] Omitting PODIO collection 'InclusiveKinematicsDA' due to exception: JOmniFactory: Failed to get collection HadronicFinalState: round_beam_four_momentum: no match for beam momentum 5.000 GeV within 10% of any of the allowed values.
[e:0] [JEventProcessorPODIO] [error] Omitting PODIO collection 'InclusiveKinematicsESigma' due to exception: JOmniFactory: Failed to get collection HadronicFinalState: round_beam_four_momentum: no match for beam momentum 5.000 GeV within 10% of any of the allowed values.
[e:0] [JEventProcessorPODIO] [error] Omitting PODIO collection 'InclusiveKinematicsElectron' due to exception: JOmniFactory: Failed to get collection HadronicFinalState: round_beam_four_momentum: no match for beam momentum 5.000 GeV within 10% of any of the allowed values.
[e:0] [JEventProcessorPODIO] [error] Omitting PODIO collection 'InclusiveKinematicsJB' due to exception: JOmniFactory: Failed to get collection HadronicFinalState: round_beam_four_momentum: no match for beam momentum 5.000 GeV within 10% of any of the allowed values.
[e:0] [JEventProcessorPODIO] [error] Omitting PODIO collection 'InclusiveKinematicsML' due to exception: JOmniFactory: Failed to get collection InclusiveKinematicsElectron: JOmniFactory: Failed to get collection HadronicFinalState: round_beam_four_momentum: no match for beam momentum 5.000 GeV within 10% of any of the allowed values.
[e:0] [JEventProcessorPODIO] [error] Omitting PODIO collection 'InclusiveKinematicsSigma' due to exception: JOmniFactory: Failed to get collection HadronicFinalState: round_beam_four_momentum: no match for beam momentum 5.000 GeV within 10% of any of the allowed values.
[e:0] [JEventProcessorPODIO] [error] Omitting PODIO collection 'InclusiveKinematicseSigma' due to exception: JOmniFactory: Failed to get collection InclusiveKinematicsESigma: JOmniFactory: Failed to get collection HadronicFinalState: round_beam_four_momentum: no match for beam momentum 5.000 GeV within 10% of any of the allowed values.
[e:0] [JEventProcessorPODIO] [error] Omitting PODIO collection 'ReconstructedBreitFrameParticles' due to exception: JOmniFactory: Failed to get collection InclusiveKinematicsElectron: JOmniFactory: Failed to get collection HadronicFinalState: round_beam_four_momentum: no match for beam momentum 5.000 GeV within 10% of any of the allowed values.
[e:0] [JEventProcessorPODIO] [error] Omitting PODIO collection 'ReconstructedCentauroJets' due to exception: JOmniFactory: Failed to get collection ReconstructedBreitFrameParticles: JOmniFactory: Failed to get collection InclusiveKinematicsElectron: JOmniFactory: Failed to get collection HadronicFinalState: round_beam_four_momentum: no match for beam momentum 5.000 GeV within 10% of any of the allowed values.
11:12:53.882  [info] Status: 35 events processed at 12.0 Hz (10.0 Hz avg)
[e:0] [FOFFMTRK:ForwardOffMRecParticles] [error] No beam protons found
[e:0] [JEventProcessorPODIO] [error] Omitting PODIO collection 'ForwardOffMRecParticles' due to exception: No beam protons found.
[e:0] [RPOTS:ForwardRomanPotRecParticles] [error] No beam protons found
[e:0] [JEventProcessorPODIO] [error] Omitting PODIO collection 'ForwardRomanPotRecParticles' due to exception: No beam protons found.
[e:0] [RPOTS:ForwardRomanPotStaticRecParticles] [error] No beam protons found
[e:0] [JEventProcessorPODIO] [error] Omitting PODIO collection 'ForwardRomanPotStaticRecParticles' due to exception: No beam protons found.
[e:0] [JEventProcessorPODIO] [error] Omitting PODIO collection 'GeneratedBreitFrameParticles' due to exception: JOmniFactory: Failed to get collection InclusiveKinematicsElectron: JOmniFactory: Failed to get collection HadronicFinalState: round_beam_four_momentum: no match for beam momentum 5.000 GeV within 10% of any of the allowed values.
[e:0] [JEventProcessorPODIO] [error] Omitting PODIO collection 'GeneratedCentauroJets' due to exception: JOmniFactory: Failed to get collection GeneratedBreitFrameParticles: JOmniFactory: Failed to get collection InclusiveKinematicsElectron: JOmniFactory: Failed to get collection HadronicFinalState: round_beam_four_momentum: no match for beam momentum 5.000 GeV within 10% of any of the allowed values.
[e:0] [JEventProcessorPODIO] [error] Omitting PODIO collection 'HadronicFinalState' due to exception: round_beam_four_momentum: no match for beam momentum 5.000 GeV within 10% of any of the allowed values.
[e:0] [JEventProcessorPODIO] [error] Omitting PODIO collection 'InclusiveKinematicsDA' due to exception: JOmniFactory: Failed to get collection HadronicFinalState: round_beam_four_momentum: no match for beam momentum 5.000 GeV within 10% of any of the allowed values.
[e:0] [JEventProcessorPODIO] [error] Omitting PODIO collection 'InclusiveKinematicsESigma' due to exception: JOmniFactory: Failed to get collection HadronicFinalState: round_beam_four_momentum: no match for beam momentum 5.000 GeV within 10% of any of the allowed values.
[e:0] [JEventProcessorPODIO] [error] Omitting PODIO collection 'InclusiveKinematicsElectron' due to exception: JOmniFactory: Failed to get collection HadronicFinalState: round_beam_four_momentum: no match for beam momentum 5.000 GeV within 10% of any of the allowed values.
[e:0] [JEventProcessorPODIO] [error] Omitting PODIO collection 'InclusiveKinematicsJB' due to exception: JOmniFactory: Failed to get collection HadronicFinalState: round_beam_four_momentum: no match for beam momentum 5.000 GeV within 10% of any of the allowed values.
[e:0] [JEventProcessorPODIO] [error] Omitting PODIO collection 'InclusiveKinematicsML' due to exception: JOmniFactory: Failed to get collection InclusiveKinematicsElectron: JOmniFactory: Failed to get collection HadronicFinalState: round_beam_four_momentum: no match for beam momentum 5.000 GeV within 10% of any of the allowed values.
[e:0] [JEventProcessorPODIO] [error] Omitting PODIO collection 'InclusiveKinematicsSigma' due to exception: JOmniFactory: Failed to get collection HadronicFinalState: round_beam_four_momentum: no match for beam momentum 5.000 GeV within 10% of any of the allowed values.
[e:0] [JEventProcessorPODIO] [error] Omitting PODIO collection 'InclusiveKinematicseSigma' due to exception: JOmniFactory: Failed to get collection InclusiveKinematicsESigma: JOmniFactory: Failed to get collection HadronicFinalState: round_beam_four_momentum: no match for beam momentum 5.000 GeV within 10% of any of the allowed values.
[e:0] [JEventProcessorPODIO] [error] Omitting PODIO collection 'ReconstructedBreitFrameParticles' due to exception: JOmniFactory: Failed to get collection InclusiveKinematicsElectron: JOmniFactory: Failed to get collection HadronicFinalState: round_beam_four_momentum: no match for beam momentum 5.000 GeV within 10% of any of the allowed values.
[e:0] [JEventProcessorPODIO] [error] Omitting PODIO collection 'ReconstructedCentauroJets' due to exception: JOmniFactory: Failed to get collection ReconstructedBreitFrameParticles: JOmniFactory: Failed to get collection InclusiveKinematicsElectron: JOmniFactory: Failed to get collection HadronicFinalState: round_beam_four_momentum: no match for beam momentum 5.000 GeV within 10% of any of the allowed values.
[e:0] [FOFFMTRK:ForwardOffMRecParticles] [error] No beam protons found
[e:0] [JEventProcessorPODIO] [error] Omitting PODIO collection 'ForwardOffMRecParticles' due to exception: No beam protons found.
[e:0] [RPOTS:ForwardRomanPotRecParticles] [error] No beam protons found
[e:0] [JEventProcessorPODIO] [error] Omitting PODIO collection 'ForwardRomanPotRecParticles' due to exception: No beam protons found.
[e:0] [RPOTS:ForwardRomanPotStaticRecParticles] [error] No beam protons found
[e:0] [JEventProcessorPODIO] [error] Omitting PODIO collection 'ForwardRomanPotStaticRecParticles' due to exception: No beam protons found.
[e:0] [JEventProcessorPODIO] [error] Omitting PODIO collection 'GeneratedBreitFrameParticles' due to exception: JOmniFactory: Failed to get collection InclusiveKinematicsElectron: JOmniFactory: Failed to get collection HadronicFinalState: round_beam_four_momentum: no match for beam momentum 5.000 GeV within 10% of any of the allowed values.
[e:0] [JEventProcessorPODIO] [error] Omitting PODIO collection 'GeneratedCentauroJets' due to exception: JOmniFactory: Failed to get collection GeneratedBreitFrameParticles: JOmniFactory: Failed to get collection InclusiveKinematicsElectron: JOmniFactory: Failed to get collection HadronicFinalState: round_beam_four_momentum: no match for beam momentum 5.000 GeV within 10% of any of the allowed values.
[e:0] [JEventProcessorPODIO] [error] Omitting PODIO collection 'HadronicFinalState' due to exception: round_beam_four_momentum: no match for beam momentum 5.000 GeV within 10% of any of the allowed values.
[e:0] [JEventProcessorPODIO] [error] Omitting PODIO collection 'InclusiveKinematicsDA' due to exception: JOmniFactory: Failed to get collection HadronicFinalState: round_beam_four_momentum: no match for beam momentum 5.000 GeV within 10% of any of the allowed values.
[e:0] [JEventProcessorPODIO] [error] Omitting PODIO collection 'InclusiveKinematicsESigma' due to exception: JOmniFactory: Failed to get collection HadronicFinalState: round_beam_four_momentum: no match for beam momentum 5.000 GeV within 10% of any of the allowed values.
[e:0] [JEventProcessorPODIO] [error] Omitting PODIO collection 'InclusiveKinematicsElectron' due to exception: JOmniFactory: Failed to get collection HadronicFinalState: round_beam_four_momentum: no match for beam momentum 5.000 GeV within 10% of any of the allowed values.
[e:0] [JEventProcessorPODIO] [error] Omitting PODIO collection 'InclusiveKinematicsJB' due to exception: JOmniFactory: Failed to get collection HadronicFinalState: round_beam_four_momentum: no match for beam momentum 5.000 GeV within 10% of any of the allowed values.
[e:0] [JEventProcessorPODIO] [error] Omitting PODIO collection 'InclusiveKinematicsML' due to exception: JOmniFactory: Failed to get collection InclusiveKinematicsElectron: JOmniFactory: Failed to get collection HadronicFinalState: round_beam_four_momentum: no match for beam momentum 5.000 GeV within 10% of any of the allowed values.
[e:0] [JEventProcessorPODIO] [error] Omitting PODIO collection 'InclusiveKinematicsSigma' due to exception: JOmniFactory: Failed to get collection HadronicFinalState: round_beam_four_momentum: no match for beam momentum 5.000 GeV within 10% of any of the allowed values.
[e:0] [JEventProcessorPODIO] [error] Omitting PODIO collection 'InclusiveKinematicseSigma' due to exception: JOmniFactory: Failed to get collection InclusiveKinematicsESigma: JOmniFactory: Failed to get collection HadronicFinalState: round_beam_four_momentum: no match for beam momentum 5.000 GeV within 10% of any of the allowed values.
[e:0] [JEventProcessorPODIO] [error] Omitting PODIO collection 'ReconstructedBreitFrameParticles' due to exception: JOmniFactory: Failed to get collection InclusiveKinematicsElectron: JOmniFactory: Failed to get collection HadronicFinalState: round_beam_four_momentum: no match for beam momentum 5.000 GeV within 10% of any of the allowed values.
[e:0] [JEventProcessorPODIO] [error] Omitting PODIO collection 'ReconstructedCentauroJets' due to exception: JOmniFactory: Failed to get collection ReconstructedBreitFrameParticles: JOmniFactory: Failed to get collection InclusiveKinematicsElectron: JOmniFactory: Failed to get collection HadronicFinalState: round_beam_four_momentum: no match for beam momentum 5.000 GeV within 10% of any of the allowed values.
[e:0] [FOFFMTRK:ForwardOffMRecParticles] [error] No beam protons found
[e:0] [JEventProcessorPODIO] [error] Omitting PODIO collection 'ForwardOffMRecParticles' due to exception: No beam protons found.
[e:0] [RPOTS:ForwardRomanPotRecParticles] [error] No beam protons found
[e:0] [JEventProcessorPODIO] [error] Omitting PODIO collection 'ForwardRomanPotRecParticles' due to exception: No beam protons found.
[e:0] [RPOTS:ForwardRomanPotStaticRecParticles] [error] No beam protons found
[e:0] [JEventProcessorPODIO] [error] Omitting PODIO collection 'ForwardRomanPotStaticRecParticles' due to exception: No beam protons found.
[e:0] [JEventProcessorPODIO] [error] Omitting PODIO collection 'GeneratedBreitFrameParticles' due to exception: JOmniFactory: Failed to get collection InclusiveKinematicsElectron: JOmniFactory: Failed to get collection HadronicFinalState: round_beam_four_momentum: no match for beam momentum 5.000 GeV within 10% of any of the allowed values.
[e:0] [JEventProcessorPODIO] [error] Omitting PODIO collection 'GeneratedCentauroJets' due to exception: JOmniFactory: Failed to get collection GeneratedBreitFrameParticles: JOmniFactory: Failed to get collection InclusiveKinematicsElectron: JOmniFactory: Failed to get collection HadronicFinalState: round_beam_four_momentum: no match for beam momentum 5.000 GeV within 10% of any of the allowed values.
[e:0] [JEventProcessorPODIO] [error] Omitting PODIO collection 'HadronicFinalState' due to exception: round_beam_four_momentum: no match for beam momentum 5.000 GeV within 10% of any of the allowed values.
[e:0] [JEventProcessorPODIO] [error] Omitting PODIO collection 'InclusiveKinematicsDA' due to exception: JOmniFactory: Failed to get collection HadronicFinalState: round_beam_four_momentum: no match for beam momentum 5.000 GeV within 10% of any of the allowed values.
[e:0] [JEventProcessorPODIO] [error] Omitting PODIO collection 'InclusiveKinematicsESigma' due to exception: JOmniFactory: Failed to get collection HadronicFinalState: round_beam_four_momentum: no match for beam momentum 5.000 GeV within 10% of any of the allowed values.
[e:0] [JEventProcessorPODIO] [error] Omitting PODIO collection 'InclusiveKinematicsElectron' due to exception: JOmniFactory: Failed to get collection HadronicFinalState: round_beam_four_momentum: no match for beam momentum 5.000 GeV within 10% of any of the allowed values.
[e:0] [JEventProcessorPODIO] [error] Omitting PODIO collection 'InclusiveKinematicsJB' due to exception: JOmniFactory: Failed to get collection HadronicFinalState: round_beam_four_momentum: no match for beam momentum 5.000 GeV within 10% of any of the allowed values.
[e:0] [JEventProcessorPODIO] [error] Omitting PODIO collection 'InclusiveKinematicsML' due to exception: JOmniFactory: Failed to get collection InclusiveKinematicsElectron: JOmniFactory: Failed to get collection HadronicFinalState: round_beam_four_momentum: no match for beam momentum 5.000 GeV within 10% of any of the allowed values.
[e:0] [JEventProcessorPODIO] [error] Omitting PODIO collection 'InclusiveKinematicsSigma' due to exception: JOmniFactory: Failed to get collection HadronicFinalState: round_beam_four_momentum: no match for beam momentum 5.000 GeV within 10% of any of the allowed values.
[e:0] [JEventProcessorPODIO] [error] Omitting PODIO collection 'InclusiveKinematicseSigma' due to exception: JOmniFactory: Failed to get collection InclusiveKinematicsESigma: JOmniFactory: Failed to get collection HadronicFinalState: round_beam_four_momentum: no match for beam momentum 5.000 GeV within 10% of any of the allowed values.
[e:0] [JEventProcessorPODIO] [error] Omitting PODIO collection 'ReconstructedBreitFrameParticles' due to exception: JOmniFactory: Failed to get collection InclusiveKinematicsElectron: JOmniFactory: Failed to get collection HadronicFinalState: round_beam_four_momentum: no match for beam momentum 5.000 GeV within 10% of any of the allowed values.
[e:0] [JEventProcessorPODIO] [error] Omitting PODIO collection 'ReconstructedCentauroJets' due to exception: JOmniFactory: Failed to get collection ReconstructedBreitFrameParticles: JOmniFactory: Failed to get collection InclusiveKinematicsElectron: JOmniFactory: Failed to get collection HadronicFinalState: round_beam_four_momentum: no match for beam momentum 5.000 GeV within 10% of any of the allowed values.
[e:0] [FOFFMTRK:ForwardOffMRecParticles] [error] No beam protons found
[e:0] [JEventProcessorPODIO] [error] Omitting PODIO collection 'ForwardOffMRecParticles' due to exception: No beam protons found.
[e:0] [RPOTS:ForwardRomanPotRecParticles] [error] No beam protons found
[e:0] [JEventProcessorPODIO] [error] Omitting PODIO collection 'ForwardRomanPotRecParticles' due to exception: No beam protons found.
[e:0] [RPOTS:ForwardRomanPotStaticRecParticles] [error] No beam protons found
[e:0] [JEventProcessorPODIO] [error] Omitting PODIO collection 'ForwardRomanPotStaticRecParticles' due to exception: No beam protons found.
[e:0] [JEventProcessorPODIO] [error] Omitting PODIO collection 'GeneratedBreitFrameParticles' due to exception: JOmniFactory: Failed to get collection InclusiveKinematicsElectron: JOmniFactory: Failed to get collection HadronicFinalState: round_beam_four_momentum: no match for beam momentum 5.000 GeV within 10% of any of the allowed values.
[e:0] [JEventProcessorPODIO] [error] Omitting PODIO collection 'GeneratedCentauroJets' due to exception: JOmniFactory: Failed to get collection GeneratedBreitFrameParticles: JOmniFactory: Failed to get collection InclusiveKinematicsElectron: JOmniFactory: Failed to get collection HadronicFinalState: round_beam_four_momentum: no match for beam momentum 5.000 GeV within 10% of any of the allowed values.
[e:0] [JEventProcessorPODIO] [error] Omitting PODIO collection 'HadronicFinalState' due to exception: round_beam_four_momentum: no match for beam momentum 5.000 GeV within 10% of any of the allowed values.
[e:0] [JEventProcessorPODIO] [error] Omitting PODIO collection 'InclusiveKinematicsDA' due to exception: JOmniFactory: Failed to get collection HadronicFinalState: round_beam_four_momentum: no match for beam momentum 5.000 GeV within 10% of any of the allowed values.
[e:0] [JEventProcessorPODIO] [error] Omitting PODIO collection 'InclusiveKinematicsESigma' due to exception: JOmniFactory: Failed to get collection HadronicFinalState: round_beam_four_momentum: no match for beam momentum 5.000 GeV within 10% of any of the allowed values.
[e:0] [JEventProcessorPODIO] [error] Omitting PODIO collection 'InclusiveKinematicsElectron' due to exception: JOmniFactory: Failed to get collection HadronicFinalState: round_beam_four_momentum: no match for beam momentum 5.000 GeV within 10% of any of the allowed values.
[e:0] [JEventProcessorPODIO] [error] Omitting PODIO collection 'InclusiveKinematicsJB' due to exception: JOmniFactory: Failed to get collection HadronicFinalState: round_beam_four_momentum: no match for beam momentum 5.000 GeV within 10% of any of the allowed values.
[e:0] [JEventProcessorPODIO] [error] Omitting PODIO collection 'InclusiveKinematicsML' due to exception: JOmniFactory: Failed to get collection InclusiveKinematicsElectron: JOmniFactory: Failed to get collection HadronicFinalState: round_beam_four_momentum: no match for beam momentum 5.000 GeV within 10% of any of the allowed values.
[e:0] [JEventProcessorPODIO] [error] Omitting PODIO collection 'InclusiveKinematicsSigma' due to exception: JOmniFactory: Failed to get collection HadronicFinalState: round_beam_four_momentum: no match for beam momentum 5.000 GeV within 10% of any of the allowed values.
[e:0] [JEventProcessorPODIO] [error] Omitting PODIO collection 'InclusiveKinematicseSigma' due to exception: JOmniFactory: Failed to get collection InclusiveKinematicsESigma: JOmniFactory: Failed to get collection HadronicFinalState: round_beam_four_momentum: no match for beam momentum 5.000 GeV within 10% of any of the allowed values.
[e:0] [JEventProcessorPODIO] [error] Omitting PODIO collection 'ReconstructedBreitFrameParticles' due to exception: JOmniFactory: Failed to get collection InclusiveKinematicsElectron: JOmniFactory: Failed to get collection HadronicFinalState: round_beam_four_momentum: no match for beam momentum 5.000 GeV within 10% of any of the allowed values.
[e:0] [JEventProcessorPODIO] [error] Omitting PODIO collection 'ReconstructedCentauroJets' due to exception: JOmniFactory: Failed to get collection ReconstructedBreitFrameParticles: JOmniFactory: Failed to get collection InclusiveKinematicsElectron: JOmniFactory: Failed to get collection HadronicFinalState: round_beam_four_momentum: no match for beam momentum 5.000 GeV within 10% of any of the allowed values.
[e:0] [FOFFMTRK:ForwardOffMRecParticles] [error] No beam protons found
[e:0] [JEventProcessorPODIO] [error] Omitting PODIO collection 'ForwardOffMRecParticles' due to exception: No beam protons found.
[e:0] [RPOTS:ForwardRomanPotRecParticles] [error] No beam protons found
[e:0] [JEventProcessorPODIO] [error] Omitting PODIO collection 'ForwardRomanPotRecParticles' due to exception: No beam protons found.
[e:0] [RPOTS:ForwardRomanPotStaticRecParticles] [error] No beam protons found
[e:0] [JEventProcessorPODIO] [error] Omitting PODIO collection 'ForwardRomanPotStaticRecParticles' due to exception: No beam protons found.
[e:0] [JEventProcessorPODIO] [error] Omitting PODIO collection 'GeneratedBreitFrameParticles' due to exception: JOmniFactory: Failed to get collection InclusiveKinematicsElectron: JOmniFactory: Failed to get collection HadronicFinalState: round_beam_four_momentum: no match for beam momentum 5.000 GeV within 10% of any of the allowed values.
[e:0] [JEventProcessorPODIO] [error] Omitting PODIO collection 'GeneratedCentauroJets' due to exception: JOmniFactory: Failed to get collection GeneratedBreitFrameParticles: JOmniFactory: Failed to get collection InclusiveKinematicsElectron: JOmniFactory: Failed to get collection HadronicFinalState: round_beam_four_momentum: no match for beam momentum 5.000 GeV within 10% of any of the allowed values.
[e:0] [JEventProcessorPODIO] [error] Omitting PODIO collection 'HadronicFinalState' due to exception: round_beam_four_momentum: no match for beam momentum 5.000 GeV within 10% of any of the allowed values.
[e:0] [JEventProcessorPODIO] [error] Omitting PODIO collection 'InclusiveKinematicsDA' due to exception: JOmniFactory: Failed to get collection HadronicFinalState: round_beam_four_momentum: no match for beam momentum 5.000 GeV within 10% of any of the allowed values.
[e:0] [JEventProcessorPODIO] [error] Omitting PODIO collection 'InclusiveKinematicsESigma' due to exception: JOmniFactory: Failed to get collection HadronicFinalState: round_beam_four_momentum: no match for beam momentum 5.000 GeV within 10% of any of the allowed values.
[e:0] [JEventProcessorPODIO] [error] Omitting PODIO collection 'InclusiveKinematicsElectron' due to exception: JOmniFactory: Failed to get collection HadronicFinalState: round_beam_four_momentum: no match for beam momentum 5.000 GeV within 10% of any of the allowed values.
[e:0] [JEventProcessorPODIO] [error] Omitting PODIO collection 'InclusiveKinematicsJB' due to exception: JOmniFactory: Failed to get collection HadronicFinalState: round_beam_four_momentum: no match for beam momentum 5.000 GeV within 10% of any of the allowed values.
[e:0] [JEventProcessorPODIO] [error] Omitting PODIO collection 'InclusiveKinematicsML' due to exception: JOmniFactory: Failed to get collection InclusiveKinematicsElectron: JOmniFactory: Failed to get collection HadronicFinalState: round_beam_four_momentum: no match for beam momentum 5.000 GeV within 10% of any of the allowed values.
[e:0] [JEventProcessorPODIO] [error] Omitting PODIO collection 'InclusiveKinematicsSigma' due to exception: JOmniFactory: Failed to get collection HadronicFinalState: round_beam_four_momentum: no match for beam momentum 5.000 GeV within 10% of any of the allowed values.
[e:0] [JEventProcessorPODIO] [error] Omitting PODIO collection 'InclusiveKinematicseSigma' due to exception: JOmniFactory: Failed to get collection InclusiveKinematicsESigma: JOmniFactory: Failed to get collection HadronicFinalState: round_beam_four_momentum: no match for beam momentum 5.000 GeV within 10% of any of the allowed values.
[e:0] [JEventProcessorPODIO] [error] Omitting PODIO collection 'ReconstructedBreitFrameParticles' due to exception: JOmniFactory: Failed to get collection InclusiveKinematicsElectron: JOmniFactory: Failed to get collection HadronicFinalState: round_beam_four_momentum: no match for beam momentum 5.000 GeV within 10% of any of the allowed values.
[e:0] [JEventProcessorPODIO] [error] Omitting PODIO collection 'ReconstructedCentauroJets' due to exception: JOmniFactory: Failed to get collection ReconstructedBreitFrameParticles: JOmniFactory: Failed to get collection InclusiveKinematicsElectron: JOmniFactory: Failed to get collection HadronicFinalState: round_beam_four_momentum: no match for beam momentum 5.000 GeV within 10% of any of the allowed values.
[e:0] [FOFFMTRK:ForwardOffMRecParticles] [error] No beam protons found
[e:0] [JEventProcessorPODIO] [error] Omitting PODIO collection 'ForwardOffMRecParticles' due to exception: No beam protons found.
[e:0] [RPOTS:ForwardRomanPotRecParticles] [error] No beam protons found
[e:0] [JEventProcessorPODIO] [error] Omitting PODIO collection 'ForwardRomanPotRecParticles' due to exception: No beam protons found.
[e:0] [RPOTS:ForwardRomanPotStaticRecParticles] [error] No beam protons found
[e:0] [JEventProcessorPODIO] [error] Omitting PODIO collection 'ForwardRomanPotStaticRecParticles' due to exception: No beam protons found.
[e:0] [JEventProcessorPODIO] [error] Omitting PODIO collection 'GeneratedBreitFrameParticles' due to exception: JOmniFactory: Failed to get collection InclusiveKinematicsElectron: JOmniFactory: Failed to get collection HadronicFinalState: round_beam_four_momentum: no match for beam momentum 5.000 GeV within 10% of any of the allowed values.
[e:0] [JEventProcessorPODIO] [error] Omitting PODIO collection 'GeneratedCentauroJets' due to exception: JOmniFactory: Failed to get collection GeneratedBreitFrameParticles: JOmniFactory: Failed to get collection InclusiveKinematicsElectron: JOmniFactory: Failed to get collection HadronicFinalState: round_beam_four_momentum: no match for beam momentum 5.000 GeV within 10% of any of the allowed values.
11:12:54.382  [info] Status: 40 events processed at 10.0 Hz (10.0 Hz avg)
[e:0] [JEventProcessorPODIO] [error] Omitting PODIO collection 'HadronicFinalState' due to exception: round_beam_four_momentum: no match for beam momentum 5.000 GeV within 10% of any of the allowed values.
[e:0] [JEventProcessorPODIO] [error] Omitting PODIO collection 'InclusiveKinematicsDA' due to exception: JOmniFactory: Failed to get collection HadronicFinalState: round_beam_four_momentum: no match for beam momentum 5.000 GeV within 10% of any of the allowed values.
[e:0] [JEventProcessorPODIO] [error] Omitting PODIO collection 'InclusiveKinematicsESigma' due to exception: JOmniFactory: Failed to get collection HadronicFinalState: round_beam_four_momentum: no match for beam momentum 5.000 GeV within 10% of any of the allowed values.
[e:0] [JEventProcessorPODIO] [error] Omitting PODIO collection 'InclusiveKinematicsElectron' due to exception: JOmniFactory: Failed to get collection HadronicFinalState: round_beam_four_momentum: no match for beam momentum 5.000 GeV within 10% of any of the allowed values.
[e:0] [JEventProcessorPODIO] [error] Omitting PODIO collection 'InclusiveKinematicsJB' due to exception: JOmniFactory: Failed to get collection HadronicFinalState: round_beam_four_momentum: no match for beam momentum 5.000 GeV within 10% of any of the allowed values.
[e:0] [JEventProcessorPODIO] [error] Omitting PODIO collection 'InclusiveKinematicsML' due to exception: JOmniFactory: Failed to get collection InclusiveKinematicsElectron: JOmniFactory: Failed to get collection HadronicFinalState: round_beam_four_momentum: no match for beam momentum 5.000 GeV within 10% of any of the allowed values.
[e:0] [JEventProcessorPODIO] [error] Omitting PODIO collection 'InclusiveKinematicsSigma' due to exception: JOmniFactory: Failed to get collection HadronicFinalState: round_beam_four_momentum: no match for beam momentum 5.000 GeV within 10% of any of the allowed values.
[e:0] [JEventProcessorPODIO] [error] Omitting PODIO collection 'InclusiveKinematicseSigma' due to exception: JOmniFactory: Failed to get collection InclusiveKinematicsESigma: JOmniFactory: Failed to get collection HadronicFinalState: round_beam_four_momentum: no match for beam momentum 5.000 GeV within 10% of any of the allowed values.
[e:0] [JEventProcessorPODIO] [error] Omitting PODIO collection 'ReconstructedBreitFrameParticles' due to exception: JOmniFactory: Failed to get collection InclusiveKinematicsElectron: JOmniFactory: Failed to get collection HadronicFinalState: round_beam_four_momentum: no match for beam momentum 5.000 GeV within 10% of any of the allowed values.
[e:0] [JEventProcessorPODIO] [error] Omitting PODIO collection 'ReconstructedCentauroJets' due to exception: JOmniFactory: Failed to get collection ReconstructedBreitFrameParticles: JOmniFactory: Failed to get collection InclusiveKinematicsElectron: JOmniFactory: Failed to get collection HadronicFinalState: round_beam_four_momentum: no match for beam momentum 5.000 GeV within 10% of any of the allowed values.
[e:0] [FOFFMTRK:ForwardOffMRecParticles] [error] No beam protons found
[e:0] [JEventProcessorPODIO] [error] Omitting PODIO collection 'ForwardOffMRecParticles' due to exception: No beam protons found.
[e:0] [RPOTS:ForwardRomanPotRecParticles] [error] No beam protons found
[e:0] [JEventProcessorPODIO] [error] Omitting PODIO collection 'ForwardRomanPotRecParticles' due to exception: No beam protons found.
[e:0] [RPOTS:ForwardRomanPotStaticRecParticles] [error] No beam protons found
[e:0] [JEventProcessorPODIO] [error] Omitting PODIO collection 'ForwardRomanPotStaticRecParticles' due to exception: No beam protons found.
[e:0] [JEventProcessorPODIO] [error] Omitting PODIO collection 'GeneratedBreitFrameParticles' due to exception: JOmniFactory: Failed to get collection InclusiveKinematicsElectron: JOmniFactory: Failed to get collection HadronicFinalState: round_beam_four_momentum: no match for beam momentum 5.000 GeV within 10% of any of the allowed values.
[e:0] [JEventProcessorPODIO] [error] Omitting PODIO collection 'GeneratedCentauroJets' due to exception: JOmniFactory: Failed to get collection GeneratedBreitFrameParticles: JOmniFactory: Failed to get collection InclusiveKinematicsElectron: JOmniFactory: Failed to get collection HadronicFinalState: round_beam_four_momentum: no match for beam momentum 5.000 GeV within 10% of any of the allowed values.
[e:0] [JEventProcessorPODIO] [error] Omitting PODIO collection 'HadronicFinalState' due to exception: round_beam_four_momentum: no match for beam momentum 5.000 GeV within 10% of any of the allowed values.
[e:0] [JEventProcessorPODIO] [error] Omitting PODIO collection 'InclusiveKinematicsDA' due to exception: JOmniFactory: Failed to get collection HadronicFinalState: round_beam_four_momentum: no match for beam momentum 5.000 GeV within 10% of any of the allowed values.
[e:0] [JEventProcessorPODIO] [error] Omitting PODIO collection 'InclusiveKinematicsESigma' due to exception: JOmniFactory: Failed to get collection HadronicFinalState: round_beam_four_momentum: no match for beam momentum 5.000 GeV within 10% of any of the allowed values.
[e:0] [JEventProcessorPODIO] [error] Omitting PODIO collection 'InclusiveKinematicsElectron' due to exception: JOmniFactory: Failed to get collection HadronicFinalState: round_beam_four_momentum: no match for beam momentum 5.000 GeV within 10% of any of the allowed values.
[e:0] [JEventProcessorPODIO] [error] Omitting PODIO collection 'InclusiveKinematicsJB' due to exception: JOmniFactory: Failed to get collection HadronicFinalState: round_beam_four_momentum: no match for beam momentum 5.000 GeV within 10% of any of the allowed values.
[e:0] [JEventProcessorPODIO] [error] Omitting PODIO collection 'InclusiveKinematicsML' due to exception: JOmniFactory: Failed to get collection InclusiveKinematicsElectron: JOmniFactory: Failed to get collection HadronicFinalState: round_beam_four_momentum: no match for beam momentum 5.000 GeV within 10% of any of the allowed values.
[e:0] [JEventProcessorPODIO] [error] Omitting PODIO collection 'InclusiveKinematicsSigma' due to exception: JOmniFactory: Failed to get collection HadronicFinalState: round_beam_four_momentum: no match for beam momentum 5.000 GeV within 10% of any of the allowed values.
[e:0] [JEventProcessorPODIO] [error] Omitting PODIO collection 'InclusiveKinematicseSigma' due to exception: JOmniFactory: Failed to get collection InclusiveKinematicsESigma: JOmniFactory: Failed to get collection HadronicFinalState: round_beam_four_momentum: no match for beam momentum 5.000 GeV within 10% of any of the allowed values.
[e:0] [JEventProcessorPODIO] [error] Omitting PODIO collection 'ReconstructedBreitFrameParticles' due to exception: JOmniFactory: Failed to get collection InclusiveKinematicsElectron: JOmniFactory: Failed to get collection HadronicFinalState: round_beam_four_momentum: no match for beam momentum 5.000 GeV within 10% of any of the allowed values.
[e:0] [JEventProcessorPODIO] [error] Omitting PODIO collection 'ReconstructedCentauroJets' due to exception: JOmniFactory: Failed to get collection ReconstructedBreitFrameParticles: JOmniFactory: Failed to get collection InclusiveKinematicsElectron: JOmniFactory: Failed to get collection HadronicFinalState: round_beam_four_momentum: no match for beam momentum 5.000 GeV within 10% of any of the allowed values.
[e:0] [FOFFMTRK:ForwardOffMRecParticles] [error] No beam protons found
[e:0] [JEventProcessorPODIO] [error] Omitting PODIO collection 'ForwardOffMRecParticles' due to exception: No beam protons found.
[e:0] [RPOTS:ForwardRomanPotRecParticles] [error] No beam protons found
[e:0] [JEventProcessorPODIO] [error] Omitting PODIO collection 'ForwardRomanPotRecParticles' due to exception: No beam protons found.
[e:0] [RPOTS:ForwardRomanPotStaticRecParticles] [error] No beam protons found
[e:0] [JEventProcessorPODIO] [error] Omitting PODIO collection 'ForwardRomanPotStaticRecParticles' due to exception: No beam protons found.
[e:0] [JEventProcessorPODIO] [error] Omitting PODIO collection 'GeneratedBreitFrameParticles' due to exception: JOmniFactory: Failed to get collection InclusiveKinematicsElectron: JOmniFactory: Failed to get collection HadronicFinalState: round_beam_four_momentum: no match for beam momentum 5.000 GeV within 10% of any of the allowed values.
[e:0] [JEventProcessorPODIO] [error] Omitting PODIO collection 'GeneratedCentauroJets' due to exception: JOmniFactory: Failed to get collection GeneratedBreitFrameParticles: JOmniFactory: Failed to get collection InclusiveKinematicsElectron: JOmniFactory: Failed to get collection HadronicFinalState: round_beam_four_momentum: no match for beam momentum 5.000 GeV within 10% of any of the allowed values.
[e:0] [JEventProcessorPODIO] [error] Omitting PODIO collection 'HadronicFinalState' due to exception: round_beam_four_momentum: no match for beam momentum 5.000 GeV within 10% of any of the allowed values.
[e:0] [JEventProcessorPODIO] [error] Omitting PODIO collection 'InclusiveKinematicsDA' due to exception: JOmniFactory: Failed to get collection HadronicFinalState: round_beam_four_momentum: no match for beam momentum 5.000 GeV within 10% of any of the allowed values.
[e:0] [JEventProcessorPODIO] [error] Omitting PODIO collection 'InclusiveKinematicsESigma' due to exception: JOmniFactory: Failed to get collection HadronicFinalState: round_beam_four_momentum: no match for beam momentum 5.000 GeV within 10% of any of the allowed values.
[e:0] [JEventProcessorPODIO] [error] Omitting PODIO collection 'InclusiveKinematicsElectron' due to exception: JOmniFactory: Failed to get collection HadronicFinalState: round_beam_four_momentum: no match for beam momentum 5.000 GeV within 10% of any of the allowed values.
[e:0] [JEventProcessorPODIO] [error] Omitting PODIO collection 'InclusiveKinematicsJB' due to exception: JOmniFactory: Failed to get collection HadronicFinalState: round_beam_four_momentum: no match for beam momentum 5.000 GeV within 10% of any of the allowed values.
[e:0] [JEventProcessorPODIO] [error] Omitting PODIO collection 'InclusiveKinematicsML' due to exception: JOmniFactory: Failed to get collection InclusiveKinematicsElectron: JOmniFactory: Failed to get collection HadronicFinalState: round_beam_four_momentum: no match for beam momentum 5.000 GeV within 10% of any of the allowed values.
[e:0] [JEventProcessorPODIO] [error] Omitting PODIO collection 'InclusiveKinematicsSigma' due to exception: JOmniFactory: Failed to get collection HadronicFinalState: round_beam_four_momentum: no match for beam momentum 5.000 GeV within 10% of any of the allowed values.
[e:0] [JEventProcessorPODIO] [error] Omitting PODIO collection 'InclusiveKinematicseSigma' due to exception: JOmniFactory: Failed to get collection InclusiveKinematicsESigma: JOmniFactory: Failed to get collection HadronicFinalState: round_beam_four_momentum: no match for beam momentum 5.000 GeV within 10% of any of the allowed values.
[e:0] [JEventProcessorPODIO] [error] Omitting PODIO collection 'ReconstructedBreitFrameParticles' due to exception: JOmniFactory: Failed to get collection InclusiveKinematicsElectron: JOmniFactory: Failed to get collection HadronicFinalState: round_beam_four_momentum: no match for beam momentum 5.000 GeV within 10% of any of the allowed values.
[e:0] [JEventProcessorPODIO] [error] Omitting PODIO collection 'ReconstructedCentauroJets' due to exception: JOmniFactory: Failed to get collection ReconstructedBreitFrameParticles: JOmniFactory: Failed to get collection InclusiveKinematicsElectron: JOmniFactory: Failed to get collection HadronicFinalState: round_beam_four_momentum: no match for beam momentum 5.000 GeV within 10% of any of the allowed values.
[e:0] [FOFFMTRK:ForwardOffMRecParticles] [error] No beam protons found
[e:0] [JEventProcessorPODIO] [error] Omitting PODIO collection 'ForwardOffMRecParticles' due to exception: No beam protons found.
[e:0] [RPOTS:ForwardRomanPotRecParticles] [error] No beam protons found
[e:0] [JEventProcessorPODIO] [error] Omitting PODIO collection 'ForwardRomanPotRecParticles' due to exception: No beam protons found.
[e:0] [RPOTS:ForwardRomanPotStaticRecParticles] [error] No beam protons found
[e:0] [JEventProcessorPODIO] [error] Omitting PODIO collection 'ForwardRomanPotStaticRecParticles' due to exception: No beam protons found.
[e:0] [JEventProcessorPODIO] [error] Omitting PODIO collection 'GeneratedBreitFrameParticles' due to exception: JOmniFactory: Failed to get collection InclusiveKinematicsElectron: JOmniFactory: Failed to get collection HadronicFinalState: round_beam_four_momentum: no match for beam momentum 5.000 GeV within 10% of any of the allowed values.
[e:0] [JEventProcessorPODIO] [error] Omitting PODIO collection 'GeneratedCentauroJets' due to exception: JOmniFactory: Failed to get collection GeneratedBreitFrameParticles: JOmniFactory: Failed to get collection InclusiveKinematicsElectron: JOmniFactory: Failed to get collection HadronicFinalState: round_beam_four_momentum: no match for beam momentum 5.000 GeV within 10% of any of the allowed values.
[e:0] [JEventProcessorPODIO] [error] Omitting PODIO collection 'HadronicFinalState' due to exception: round_beam_four_momentum: no match for beam momentum 5.000 GeV within 10% of any of the allowed values.
[e:0] [JEventProcessorPODIO] [error] Omitting PODIO collection 'InclusiveKinematicsDA' due to exception: JOmniFactory: Failed to get collection HadronicFinalState: round_beam_four_momentum: no match for beam momentum 5.000 GeV within 10% of any of the allowed values.
[e:0] [JEventProcessorPODIO] [error] Omitting PODIO collection 'InclusiveKinematicsESigma' due to exception: JOmniFactory: Failed to get collection HadronicFinalState: round_beam_four_momentum: no match for beam momentum 5.000 GeV within 10% of any of the allowed values.
[e:0] [JEventProcessorPODIO] [error] Omitting PODIO collection 'InclusiveKinematicsElectron' due to exception: JOmniFactory: Failed to get collection HadronicFinalState: round_beam_four_momentum: no match for beam momentum 5.000 GeV within 10% of any of the allowed values.
[e:0] [JEventProcessorPODIO] [error] Omitting PODIO collection 'InclusiveKinematicsJB' due to exception: JOmniFactory: Failed to get collection HadronicFinalState: round_beam_four_momentum: no match for beam momentum 5.000 GeV within 10% of any of the allowed values.
[e:0] [JEventProcessorPODIO] [error] Omitting PODIO collection 'InclusiveKinematicsML' due to exception: JOmniFactory: Failed to get collection InclusiveKinematicsElectron: JOmniFactory: Failed to get collection HadronicFinalState: round_beam_four_momentum: no match for beam momentum 5.000 GeV within 10% of any of the allowed values.
[e:0] [JEventProcessorPODIO] [error] Omitting PODIO collection 'InclusiveKinematicsSigma' due to exception: JOmniFactory: Failed to get collection HadronicFinalState: round_beam_four_momentum: no match for beam momentum 5.000 GeV within 10% of any of the allowed values.
[e:0] [JEventProcessorPODIO] [error] Omitting PODIO collection 'InclusiveKinematicseSigma' due to exception: JOmniFactory: Failed to get collection InclusiveKinematicsESigma: JOmniFactory: Failed to get collection HadronicFinalState: round_beam_four_momentum: no match for beam momentum 5.000 GeV within 10% of any of the allowed values.
[e:0] [JEventProcessorPODIO] [error] Omitting PODIO collection 'ReconstructedBreitFrameParticles' due to exception: JOmniFactory: Failed to get collection InclusiveKinematicsElectron: JOmniFactory: Failed to get collection HadronicFinalState: round_beam_four_momentum: no match for beam momentum 5.000 GeV within 10% of any of the allowed values.
[e:0] [JEventProcessorPODIO] [error] Omitting PODIO collection 'ReconstructedCentauroJets' due to exception: JOmniFactory: Failed to get collection ReconstructedBreitFrameParticles: JOmniFactory: Failed to get collection InclusiveKinematicsElectron: JOmniFactory: Failed to get collection HadronicFinalState: round_beam_four_momentum: no match for beam momentum 5.000 GeV within 10% of any of the allowed values.
[e:0] [FOFFMTRK:ForwardOffMRecParticles] [error] No beam protons found
[e:0] [JEventProcessorPODIO] [error] Omitting PODIO collection 'ForwardOffMRecParticles' due to exception: No beam protons found.
[e:0] [RPOTS:ForwardRomanPotRecParticles] [error] No beam protons found
[e:0] [JEventProcessorPODIO] [error] Omitting PODIO collection 'ForwardRomanPotRecParticles' due to exception: No beam protons found.
[e:0] [RPOTS:ForwardRomanPotStaticRecParticles] [error] No beam protons found
[e:0] [JEventProcessorPODIO] [error] Omitting PODIO collection 'ForwardRomanPotStaticRecParticles' due to exception: No beam protons found.
[e:0] [JEventProcessorPODIO] [error] Omitting PODIO collection 'GeneratedBreitFrameParticles' due to exception: JOmniFactory: Failed to get collection InclusiveKinematicsElectron: JOmniFactory: Failed to get collection HadronicFinalState: round_beam_four_momentum: no match for beam momentum 5.000 GeV within 10% of any of the allowed values.
[e:0] [JEventProcessorPODIO] [error] Omitting PODIO collection 'GeneratedCentauroJets' due to exception: JOmniFactory: Failed to get collection GeneratedBreitFrameParticles: JOmniFactory: Failed to get collection InclusiveKinematicsElectron: JOmniFactory: Failed to get collection HadronicFinalState: round_beam_four_momentum: no match for beam momentum 5.000 GeV within 10% of any of the allowed values.
[e:0] [JEventProcessorPODIO] [error] Omitting PODIO collection 'HadronicFinalState' due to exception: round_beam_four_momentum: no match for beam momentum 5.000 GeV within 10% of any of the allowed values.
[e:0] [JEventProcessorPODIO] [error] Omitting PODIO collection 'InclusiveKinematicsDA' due to exception: JOmniFactory: Failed to get collection HadronicFinalState: round_beam_four_momentum: no match for beam momentum 5.000 GeV within 10% of any of the allowed values.
[e:0] [JEventProcessorPODIO] [error] Omitting PODIO collection 'InclusiveKinematicsESigma' due to exception: JOmniFactory: Failed to get collection HadronicFinalState: round_beam_four_momentum: no match for beam momentum 5.000 GeV within 10% of any of the allowed values.
[e:0] [JEventProcessorPODIO] [error] Omitting PODIO collection 'InclusiveKinematicsElectron' due to exception: JOmniFactory: Failed to get collection HadronicFinalState: round_beam_four_momentum: no match for beam momentum 5.000 GeV within 10% of any of the allowed values.
[e:0] [JEventProcessorPODIO] [error] Omitting PODIO collection 'InclusiveKinematicsJB' due to exception: JOmniFactory: Failed to get collection HadronicFinalState: round_beam_four_momentum: no match for beam momentum 5.000 GeV within 10% of any of the allowed values.
[e:0] [JEventProcessorPODIO] [error] Omitting PODIO collection 'InclusiveKinematicsML' due to exception: JOmniFactory: Failed to get collection InclusiveKinematicsElectron: JOmniFactory: Failed to get collection HadronicFinalState: round_beam_four_momentum: no match for beam momentum 5.000 GeV within 10% of any of the allowed values.
[e:0] [JEventProcessorPODIO] [error] Omitting PODIO collection 'InclusiveKinematicsSigma' due to exception: JOmniFactory: Failed to get collection HadronicFinalState: round_beam_four_momentum: no match for beam momentum 5.000 GeV within 10% of any of the allowed values.
[e:0] [JEventProcessorPODIO] [error] Omitting PODIO collection 'InclusiveKinematicseSigma' due to exception: JOmniFactory: Failed to get collection InclusiveKinematicsESigma: JOmniFactory: Failed to get collection HadronicFinalState: round_beam_four_momentum: no match for beam momentum 5.000 GeV within 10% of any of the allowed values.
[e:0] [JEventProcessorPODIO] [error] Omitting PODIO collection 'ReconstructedBreitFrameParticles' due to exception: JOmniFactory: Failed to get collection InclusiveKinematicsElectron: JOmniFactory: Failed to get collection HadronicFinalState: round_beam_four_momentum: no match for beam momentum 5.000 GeV within 10% of any of the allowed values.
[e:0] [JEventProcessorPODIO] [error] Omitting PODIO collection 'ReconstructedCentauroJets' due to exception: JOmniFactory: Failed to get collection ReconstructedBreitFrameParticles: JOmniFactory: Failed to get collection InclusiveKinematicsElectron: JOmniFactory: Failed to get collection HadronicFinalState: round_beam_four_momentum: no match for beam momentum 5.000 GeV within 10% of any of the allowed values.
[e:0] [FOFFMTRK:ForwardOffMRecParticles] [error] No beam protons found
[e:0] [JEventProcessorPODIO] [error] Omitting PODIO collection 'ForwardOffMRecParticles' due to exception: No beam protons found.
[e:0] [RPOTS:ForwardRomanPotRecParticles] [error] No beam protons found
[e:0] [JEventProcessorPODIO] [error] Omitting PODIO collection 'ForwardRomanPotRecParticles' due to exception: No beam protons found.
[e:0] [RPOTS:ForwardRomanPotStaticRecParticles] [error] No beam protons found
[e:0] [JEventProcessorPODIO] [error] Omitting PODIO collection 'ForwardRomanPotStaticRecParticles' due to exception: No beam protons found.
[e:0] [JEventProcessorPODIO] [error] Omitting PODIO collection 'GeneratedBreitFrameParticles' due to exception: JOmniFactory: Failed to get collection InclusiveKinematicsElectron: JOmniFactory: Failed to get collection HadronicFinalState: round_beam_four_momentum: no match for beam momentum 5.000 GeV within 10% of any of the allowed values.
[e:0] [JEventProcessorPODIO] [error] Omitting PODIO collection 'GeneratedCentauroJets' due to exception: JOmniFactory: Failed to get collection GeneratedBreitFrameParticles: JOmniFactory: Failed to get collection InclusiveKinematicsElectron: JOmniFactory: Failed to get collection HadronicFinalState: round_beam_four_momentum: no match for beam momentum 5.000 GeV within 10% of any of the allowed values.
[e:0] [JEventProcessorPODIO] [error] Omitting PODIO collection 'HadronicFinalState' due to exception: round_beam_four_momentum: no match for beam momentum 5.000 GeV within 10% of any of the allowed values.
[e:0] [JEventProcessorPODIO] [error] Omitting PODIO collection 'InclusiveKinematicsDA' due to exception: JOmniFactory: Failed to get collection HadronicFinalState: round_beam_four_momentum: no match for beam momentum 5.000 GeV within 10% of any of the allowed values.
[e:0] [JEventProcessorPODIO] [error] Omitting PODIO collection 'InclusiveKinematicsESigma' due to exception: JOmniFactory: Failed to get collection HadronicFinalState: round_beam_four_momentum: no match for beam momentum 5.000 GeV within 10% of any of the allowed values.
[e:0] [JEventProcessorPODIO] [error] Omitting PODIO collection 'InclusiveKinematicsElectron' due to exception: JOmniFactory: Failed to get collection HadronicFinalState: round_beam_four_momentum: no match for beam momentum 5.000 GeV within 10% of any of the allowed values.
[e:0] [JEventProcessorPODIO] [error] Omitting PODIO collection 'InclusiveKinematicsJB' due to exception: JOmniFactory: Failed to get collection HadronicFinalState: round_beam_four_momentum: no match for beam momentum 5.000 GeV within 10% of any of the allowed values.
[e:0] [JEventProcessorPODIO] [error] Omitting PODIO collection 'InclusiveKinematicsML' due to exception: JOmniFactory: Failed to get collection InclusiveKinematicsElectron: JOmniFactory: Failed to get collection HadronicFinalState: round_beam_four_momentum: no match for beam momentum 5.000 GeV within 10% of any of the allowed values.
[e:0] [JEventProcessorPODIO] [error] Omitting PODIO collection 'InclusiveKinematicsSigma' due to exception: JOmniFactory: Failed to get collection HadronicFinalState: round_beam_four_momentum: no match for beam momentum 5.000 GeV within 10% of any of the allowed values.
[e:0] [JEventProcessorPODIO] [error] Omitting PODIO collection 'InclusiveKinematicseSigma' due to exception: JOmniFactory: Failed to get collection InclusiveKinematicsESigma: JOmniFactory: Failed to get collection HadronicFinalState: round_beam_four_momentum: no match for beam momentum 5.000 GeV within 10% of any of the allowed values.
[e:0] [JEventProcessorPODIO] [error] Omitting PODIO collection 'ReconstructedBreitFrameParticles' due to exception: JOmniFactory: Failed to get collection InclusiveKinematicsElectron: JOmniFactory: Failed to get collection HadronicFinalState: round_beam_four_momentum: no match for beam momentum 5.000 GeV within 10% of any of the allowed values.
[e:0] [JEventProcessorPODIO] [error] Omitting PODIO collection 'ReconstructedCentauroJets' due to exception: JOmniFactory: Failed to get collection ReconstructedBreitFrameParticles: JOmniFactory: Failed to get collection InclusiveKinematicsElectron: JOmniFactory: Failed to get collection HadronicFinalState: round_beam_four_momentum: no match for beam momentum 5.000 GeV within 10% of any of the allowed values.
11:12:54.882  [info] Status: 46 events processed at 12.0 Hz (10.2 Hz avg)
[e:0] [FOFFMTRK:ForwardOffMRecParticles] [error] No beam protons found
[e:0] [JEventProcessorPODIO] [error] Omitting PODIO collection 'ForwardOffMRecParticles' due to exception: No beam protons found.
[e:0] [RPOTS:ForwardRomanPotRecParticles] [error] No beam protons found
[e:0] [JEventProcessorPODIO] [error] Omitting PODIO collection 'ForwardRomanPotRecParticles' due to exception: No beam protons found.
[e:0] [RPOTS:ForwardRomanPotStaticRecParticles] [error] No beam protons found
[e:0] [JEventProcessorPODIO] [error] Omitting PODIO collection 'ForwardRomanPotStaticRecParticles' due to exception: No beam protons found.
[e:0] [JEventProcessorPODIO] [error] Omitting PODIO collection 'GeneratedBreitFrameParticles' due to exception: JOmniFactory: Failed to get collection InclusiveKinematicsElectron: JOmniFactory: Failed to get collection HadronicFinalState: round_beam_four_momentum: no match for beam momentum 5.000 GeV within 10% of any of the allowed values.
[e:0] [JEventProcessorPODIO] [error] Omitting PODIO collection 'GeneratedCentauroJets' due to exception: JOmniFactory: Failed to get collection GeneratedBreitFrameParticles: JOmniFactory: Failed to get collection InclusiveKinematicsElectron: JOmniFactory: Failed to get collection HadronicFinalState: round_beam_four_momentum: no match for beam momentum 5.000 GeV within 10% of any of the allowed values.
[e:0] [JEventProcessorPODIO] [error] Omitting PODIO collection 'HadronicFinalState' due to exception: round_beam_four_momentum: no match for beam momentum 5.000 GeV within 10% of any of the allowed values.
[e:0] [JEventProcessorPODIO] [error] Omitting PODIO collection 'InclusiveKinematicsDA' due to exception: JOmniFactory: Failed to get collection HadronicFinalState: round_beam_four_momentum: no match for beam momentum 5.000 GeV within 10% of any of the allowed values.
[e:0] [JEventProcessorPODIO] [error] Omitting PODIO collection 'InclusiveKinematicsESigma' due to exception: JOmniFactory: Failed to get collection HadronicFinalState: round_beam_four_momentum: no match for beam momentum 5.000 GeV within 10% of any of the allowed values.
[e:0] [JEventProcessorPODIO] [error] Omitting PODIO collection 'InclusiveKinematicsElectron' due to exception: JOmniFactory: Failed to get collection HadronicFinalState: round_beam_four_momentum: no match for beam momentum 5.000 GeV within 10% of any of the allowed values.
[e:0] [JEventProcessorPODIO] [error] Omitting PODIO collection 'InclusiveKinematicsJB' due to exception: JOmniFactory: Failed to get collection HadronicFinalState: round_beam_four_momentum: no match for beam momentum 5.000 GeV within 10% of any of the allowed values.
[e:0] [JEventProcessorPODIO] [error] Omitting PODIO collection 'InclusiveKinematicsML' due to exception: JOmniFactory: Failed to get collection InclusiveKinematicsElectron: JOmniFactory: Failed to get collection HadronicFinalState: round_beam_four_momentum: no match for beam momentum 5.000 GeV within 10% of any of the allowed values.
[e:0] [JEventProcessorPODIO] [error] Omitting PODIO collection 'InclusiveKinematicsSigma' due to exception: JOmniFactory: Failed to get collection HadronicFinalState: round_beam_four_momentum: no match for beam momentum 5.000 GeV within 10% of any of the allowed values.
[e:0] [JEventProcessorPODIO] [error] Omitting PODIO collection 'InclusiveKinematicseSigma' due to exception: JOmniFactory: Failed to get collection InclusiveKinematicsESigma: JOmniFactory: Failed to get collection HadronicFinalState: round_beam_four_momentum: no match for beam momentum 5.000 GeV within 10% of any of the allowed values.
[e:0] [JEventProcessorPODIO] [error] Omitting PODIO collection 'ReconstructedBreitFrameParticles' due to exception: JOmniFactory: Failed to get collection InclusiveKinematicsElectron: JOmniFactory: Failed to get collection HadronicFinalState: round_beam_four_momentum: no match for beam momentum 5.000 GeV within 10% of any of the allowed values.
[e:0] [JEventProcessorPODIO] [error] Omitting PODIO collection 'ReconstructedCentauroJets' due to exception: JOmniFactory: Failed to get collection ReconstructedBreitFrameParticles: JOmniFactory: Failed to get collection InclusiveKinematicsElectron: JOmniFactory: Failed to get collection HadronicFinalState: round_beam_four_momentum: no match for beam momentum 5.000 GeV within 10% of any of the allowed values.
[e:0] [FOFFMTRK:ForwardOffMRecParticles] [error] No beam protons found
[e:0] [JEventProcessorPODIO] [error] Omitting PODIO collection 'ForwardOffMRecParticles' due to exception: No beam protons found.
[e:0] [RPOTS:ForwardRomanPotRecParticles] [error] No beam protons found
[e:0] [JEventProcessorPODIO] [error] Omitting PODIO collection 'ForwardRomanPotRecParticles' due to exception: No beam protons found.
[e:0] [RPOTS:ForwardRomanPotStaticRecParticles] [error] No beam protons found
[e:0] [JEventProcessorPODIO] [error] Omitting PODIO collection 'ForwardRomanPotStaticRecParticles' due to exception: No beam protons found.
[e:0] [JEventProcessorPODIO] [error] Omitting PODIO collection 'GeneratedBreitFrameParticles' due to exception: JOmniFactory: Failed to get collection InclusiveKinematicsElectron: JOmniFactory: Failed to get collection HadronicFinalState: round_beam_four_momentum: no match for beam momentum 5.000 GeV within 10% of any of the allowed values.
[e:0] [JEventProcessorPODIO] [error] Omitting PODIO collection 'GeneratedCentauroJets' due to exception: JOmniFactory: Failed to get collection GeneratedBreitFrameParticles: JOmniFactory: Failed to get collection InclusiveKinematicsElectron: JOmniFactory: Failed to get collection HadronicFinalState: round_beam_four_momentum: no match for beam momentum 5.000 GeV within 10% of any of the allowed values.
[e:0] [JEventProcessorPODIO] [error] Omitting PODIO collection 'HadronicFinalState' due to exception: round_beam_four_momentum: no match for beam momentum 5.000 GeV within 10% of any of the allowed values.
[e:0] [JEventProcessorPODIO] [error] Omitting PODIO collection 'InclusiveKinematicsDA' due to exception: JOmniFactory: Failed to get collection HadronicFinalState: round_beam_four_momentum: no match for beam momentum 5.000 GeV within 10% of any of the allowed values.
[e:0] [JEventProcessorPODIO] [error] Omitting PODIO collection 'InclusiveKinematicsESigma' due to exception: JOmniFactory: Failed to get collection HadronicFinalState: round_beam_four_momentum: no match for beam momentum 5.000 GeV within 10% of any of the allowed values.
[e:0] [JEventProcessorPODIO] [error] Omitting PODIO collection 'InclusiveKinematicsElectron' due to exception: JOmniFactory: Failed to get collection HadronicFinalState: round_beam_four_momentum: no match for beam momentum 5.000 GeV within 10% of any of the allowed values.
[e:0] [JEventProcessorPODIO] [error] Omitting PODIO collection 'InclusiveKinematicsJB' due to exception: JOmniFactory: Failed to get collection HadronicFinalState: round_beam_four_momentum: no match for beam momentum 5.000 GeV within 10% of any of the allowed values.
[e:0] [JEventProcessorPODIO] [error] Omitting PODIO collection 'InclusiveKinematicsML' due to exception: JOmniFactory: Failed to get collection InclusiveKinematicsElectron: JOmniFactory: Failed to get collection HadronicFinalState: round_beam_four_momentum: no match for beam momentum 5.000 GeV within 10% of any of the allowed values.
[e:0] [JEventProcessorPODIO] [error] Omitting PODIO collection 'InclusiveKinematicsSigma' due to exception: JOmniFactory: Failed to get collection HadronicFinalState: round_beam_four_momentum: no match for beam momentum 5.000 GeV within 10% of any of the allowed values.
[e:0] [JEventProcessorPODIO] [error] Omitting PODIO collection 'InclusiveKinematicseSigma' due to exception: JOmniFactory: Failed to get collection InclusiveKinematicsESigma: JOmniFactory: Failed to get collection HadronicFinalState: round_beam_four_momentum: no match for beam momentum 5.000 GeV within 10% of any of the allowed values.
[e:0] [JEventProcessorPODIO] [error] Omitting PODIO collection 'ReconstructedBreitFrameParticles' due to exception: JOmniFactory: Failed to get collection InclusiveKinematicsElectron: JOmniFactory: Failed to get collection HadronicFinalState: round_beam_four_momentum: no match for beam momentum 5.000 GeV within 10% of any of the allowed values.
[e:0] [JEventProcessorPODIO] [error] Omitting PODIO collection 'ReconstructedCentauroJets' due to exception: JOmniFactory: Failed to get collection ReconstructedBreitFrameParticles: JOmniFactory: Failed to get collection InclusiveKinematicsElectron: JOmniFactory: Failed to get collection HadronicFinalState: round_beam_four_momentum: no match for beam momentum 5.000 GeV within 10% of any of the allowed values.
[e:0] [FOFFMTRK:ForwardOffMRecParticles] [error] No beam protons found
[e:0] [JEventProcessorPODIO] [error] Omitting PODIO collection 'ForwardOffMRecParticles' due to exception: No beam protons found.
[e:0] [RPOTS:ForwardRomanPotRecParticles] [error] No beam protons found
[e:0] [JEventProcessorPODIO] [error] Omitting PODIO collection 'ForwardRomanPotRecParticles' due to exception: No beam protons found.
[e:0] [RPOTS:ForwardRomanPotStaticRecParticles] [error] No beam protons found
[e:0] [JEventProcessorPODIO] [error] Omitting PODIO collection 'ForwardRomanPotStaticRecParticles' due to exception: No beam protons found.
[e:0] [JEventProcessorPODIO] [error] Omitting PODIO collection 'GeneratedBreitFrameParticles' due to exception: JOmniFactory: Failed to get collection InclusiveKinematicsElectron: JOmniFactory: Failed to get collection HadronicFinalState: round_beam_four_momentum: no match for beam momentum 5.000 GeV within 10% of any of the allowed values.
[e:0] [JEventProcessorPODIO] [error] Omitting PODIO collection 'GeneratedCentauroJets' due to exception: JOmniFactory: Failed to get collection GeneratedBreitFrameParticles: JOmniFactory: Failed to get collection InclusiveKinematicsElectron: JOmniFactory: Failed to get collection HadronicFinalState: round_beam_four_momentum: no match for beam momentum 5.000 GeV within 10% of any of the allowed values.
[e:0] [JEventProcessorPODIO] [error] Omitting PODIO collection 'HadronicFinalState' due to exception: round_beam_four_momentum: no match for beam momentum 5.000 GeV within 10% of any of the allowed values.
[e:0] [JEventProcessorPODIO] [error] Omitting PODIO collection 'InclusiveKinematicsDA' due to exception: JOmniFactory: Failed to get collection HadronicFinalState: round_beam_four_momentum: no match for beam momentum 5.000 GeV within 10% of any of the allowed values.
[e:0] [JEventProcessorPODIO] [error] Omitting PODIO collection 'InclusiveKinematicsESigma' due to exception: JOmniFactory: Failed to get collection HadronicFinalState: round_beam_four_momentum: no match for beam momentum 5.000 GeV within 10% of any of the allowed values.
[e:0] [JEventProcessorPODIO] [error] Omitting PODIO collection 'InclusiveKinematicsElectron' due to exception: JOmniFactory: Failed to get collection HadronicFinalState: round_beam_four_momentum: no match for beam momentum 5.000 GeV within 10% of any of the allowed values.
[e:0] [JEventProcessorPODIO] [error] Omitting PODIO collection 'InclusiveKinematicsJB' due to exception: JOmniFactory: Failed to get collection HadronicFinalState: round_beam_four_momentum: no match for beam momentum 5.000 GeV within 10% of any of the allowed values.
[e:0] [JEventProcessorPODIO] [error] Omitting PODIO collection 'InclusiveKinematicsML' due to exception: JOmniFactory: Failed to get collection InclusiveKinematicsElectron: JOmniFactory: Failed to get collection HadronicFinalState: round_beam_four_momentum: no match for beam momentum 5.000 GeV within 10% of any of the allowed values.
[e:0] [JEventProcessorPODIO] [error] Omitting PODIO collection 'InclusiveKinematicsSigma' due to exception: JOmniFactory: Failed to get collection HadronicFinalState: round_beam_four_momentum: no match for beam momentum 5.000 GeV within 10% of any of the allowed values.
[e:0] [JEventProcessorPODIO] [error] Omitting PODIO collection 'InclusiveKinematicseSigma' due to exception: JOmniFactory: Failed to get collection InclusiveKinematicsESigma: JOmniFactory: Failed to get collection HadronicFinalState: round_beam_four_momentum: no match for beam momentum 5.000 GeV within 10% of any of the allowed values.
[e:0] [JEventProcessorPODIO] [error] Omitting PODIO collection 'ReconstructedBreitFrameParticles' due to exception: JOmniFactory: Failed to get collection InclusiveKinematicsElectron: JOmniFactory: Failed to get collection HadronicFinalState: round_beam_four_momentum: no match for beam momentum 5.000 GeV within 10% of any of the allowed values.
[e:0] [JEventProcessorPODIO] [error] Omitting PODIO collection 'ReconstructedCentauroJets' due to exception: JOmniFactory: Failed to get collection ReconstructedBreitFrameParticles: JOmniFactory: Failed to get collection InclusiveKinematicsElectron: JOmniFactory: Failed to get collection HadronicFinalState: round_beam_four_momentum: no match for beam momentum 5.000 GeV within 10% of any of the allowed values.
[e:0] [FOFFMTRK:ForwardOffMRecParticles] [error] No beam protons found
[e:0] [JEventProcessorPODIO] [error] Omitting PODIO collection 'ForwardOffMRecParticles' due to exception: No beam protons found.
[e:0] [RPOTS:ForwardRomanPotRecParticles] [error] No beam protons found
[e:0] [JEventProcessorPODIO] [error] Omitting PODIO collection 'ForwardRomanPotRecParticles' due to exception: No beam protons found.
[e:0] [RPOTS:ForwardRomanPotStaticRecParticles] [error] No beam protons found
[e:0] [JEventProcessorPODIO] [error] Omitting PODIO collection 'ForwardRomanPotStaticRecParticles' due to exception: No beam protons found.
[e:0] [JEventProcessorPODIO] [error] Omitting PODIO collection 'GeneratedBreitFrameParticles' due to exception: JOmniFactory: Failed to get collection InclusiveKinematicsElectron: JOmniFactory: Failed to get collection HadronicFinalState: round_beam_four_momentum: no match for beam momentum 5.000 GeV within 10% of any of the allowed values.
[e:0] [JEventProcessorPODIO] [error] Omitting PODIO collection 'GeneratedCentauroJets' due to exception: JOmniFactory: Failed to get collection GeneratedBreitFrameParticles: JOmniFactory: Failed to get collection InclusiveKinematicsElectron: JOmniFactory: Failed to get collection HadronicFinalState: round_beam_four_momentum: no match for beam momentum 5.000 GeV within 10% of any of the allowed values.
[e:0] [JEventProcessorPODIO] [error] Omitting PODIO collection 'HadronicFinalState' due to exception: round_beam_four_momentum: no match for beam momentum 5.000 GeV within 10% of any of the allowed values.
[e:0] [JEventProcessorPODIO] [error] Omitting PODIO collection 'InclusiveKinematicsDA' due to exception: JOmniFactory: Failed to get collection HadronicFinalState: round_beam_four_momentum: no match for beam momentum 5.000 GeV within 10% of any of the allowed values.
[e:0] [JEventProcessorPODIO] [error] Omitting PODIO collection 'InclusiveKinematicsESigma' due to exception: JOmniFactory: Failed to get collection HadronicFinalState: round_beam_four_momentum: no match for beam momentum 5.000 GeV within 10% of any of the allowed values.
[e:0] [JEventProcessorPODIO] [error] Omitting PODIO collection 'InclusiveKinematicsElectron' due to exception: JOmniFactory: Failed to get collection HadronicFinalState: round_beam_four_momentum: no match for beam momentum 5.000 GeV within 10% of any of the allowed values.
[e:0] [JEventProcessorPODIO] [error] Omitting PODIO collection 'InclusiveKinematicsJB' due to exception: JOmniFactory: Failed to get collection HadronicFinalState: round_beam_four_momentum: no match for beam momentum 5.000 GeV within 10% of any of the allowed values.
[e:0] [JEventProcessorPODIO] [error] Omitting PODIO collection 'InclusiveKinematicsML' due to exception: JOmniFactory: Failed to get collection InclusiveKinematicsElectron: JOmniFactory: Failed to get collection HadronicFinalState: round_beam_four_momentum: no match for beam momentum 5.000 GeV within 10% of any of the allowed values.
[e:0] [JEventProcessorPODIO] [error] Omitting PODIO collection 'InclusiveKinematicsSigma' due to exception: JOmniFactory: Failed to get collection HadronicFinalState: round_beam_four_momentum: no match for beam momentum 5.000 GeV within 10% of any of the allowed values.
[e:0] [JEventProcessorPODIO] [error] Omitting PODIO collection 'InclusiveKinematicseSigma' due to exception: JOmniFactory: Failed to get collection InclusiveKinematicsESigma: JOmniFactory: Failed to get collection HadronicFinalState: round_beam_four_momentum: no match for beam momentum 5.000 GeV within 10% of any of the allowed values.
[e:0] [JEventProcessorPODIO] [error] Omitting PODIO collection 'ReconstructedBreitFrameParticles' due to exception: JOmniFactory: Failed to get collection InclusiveKinematicsElectron: JOmniFactory: Failed to get collection HadronicFinalState: round_beam_four_momentum: no match for beam momentum 5.000 GeV within 10% of any of the allowed values.
[e:0] [JEventProcessorPODIO] [error] Omitting PODIO collection 'ReconstructedCentauroJets' due to exception: JOmniFactory: Failed to get collection ReconstructedBreitFrameParticles: JOmniFactory: Failed to get collection InclusiveKinematicsElectron: JOmniFactory: Failed to get collection HadronicFinalState: round_beam_four_momentum: no match for beam momentum 5.000 GeV within 10% of any of the allowed values.
[e:0] [FOFFMTRK:ForwardOffMRecParticles] [error] No beam protons found
[e:0] [JEventProcessorPODIO] [error] Omitting PODIO collection 'ForwardOffMRecParticles' due to exception: No beam protons found.
[e:0] [RPOTS:ForwardRomanPotRecParticles] [error] No beam protons found
[e:0] [JEventProcessorPODIO] [error] Omitting PODIO collection 'ForwardRomanPotRecParticles' due to exception: No beam protons found.
[e:0] [RPOTS:ForwardRomanPotStaticRecParticles] [error] No beam protons found
[e:0] [JEventProcessorPODIO] [error] Omitting PODIO collection 'ForwardRomanPotStaticRecParticles' due to exception: No beam protons found.
[e:0] [JEventProcessorPODIO] [error] Omitting PODIO collection 'GeneratedBreitFrameParticles' due to exception: JOmniFactory: Failed to get collection InclusiveKinematicsElectron: JOmniFactory: Failed to get collection HadronicFinalState: round_beam_four_momentum: no match for beam momentum 5.000 GeV within 10% of any of the allowed values.
[e:0] [JEventProcessorPODIO] [error] Omitting PODIO collection 'GeneratedCentauroJets' due to exception: JOmniFactory: Failed to get collection GeneratedBreitFrameParticles: JOmniFactory: Failed to get collection InclusiveKinematicsElectron: JOmniFactory: Failed to get collection HadronicFinalState: round_beam_four_momentum: no match for beam momentum 5.000 GeV within 10% of any of the allowed values.
[e:0] [JEventProcessorPODIO] [error] Omitting PODIO collection 'HadronicFinalState' due to exception: round_beam_four_momentum: no match for beam momentum 5.000 GeV within 10% of any of the allowed values.
[e:0] [JEventProcessorPODIO] [error] Omitting PODIO collection 'InclusiveKinematicsDA' due to exception: JOmniFactory: Failed to get collection HadronicFinalState: round_beam_four_momentum: no match for beam momentum 5.000 GeV within 10% of any of the allowed values.
[e:0] [JEventProcessorPODIO] [error] Omitting PODIO collection 'InclusiveKinematicsESigma' due to exception: JOmniFactory: Failed to get collection HadronicFinalState: round_beam_four_momentum: no match for beam momentum 5.000 GeV within 10% of any of the allowed values.
[e:0] [JEventProcessorPODIO] [error] Omitting PODIO collection 'InclusiveKinematicsElectron' due to exception: JOmniFactory: Failed to get collection HadronicFinalState: round_beam_four_momentum: no match for beam momentum 5.000 GeV within 10% of any of the allowed values.
[e:0] [JEventProcessorPODIO] [error] Omitting PODIO collection 'InclusiveKinematicsJB' due to exception: JOmniFactory: Failed to get collection HadronicFinalState: round_beam_four_momentum: no match for beam momentum 5.000 GeV within 10% of any of the allowed values.
[e:0] [JEventProcessorPODIO] [error] Omitting PODIO collection 'InclusiveKinematicsML' due to exception: JOmniFactory: Failed to get collection InclusiveKinematicsElectron: JOmniFactory: Failed to get collection HadronicFinalState: round_beam_four_momentum: no match for beam momentum 5.000 GeV within 10% of any of the allowed values.
[e:0] [JEventProcessorPODIO] [error] Omitting PODIO collection 'InclusiveKinematicsSigma' due to exception: JOmniFactory: Failed to get collection HadronicFinalState: round_beam_four_momentum: no match for beam momentum 5.000 GeV within 10% of any of the allowed values.
[e:0] [JEventProcessorPODIO] [error] Omitting PODIO collection 'InclusiveKinematicseSigma' due to exception: JOmniFactory: Failed to get collection InclusiveKinematicsESigma: JOmniFactory: Failed to get collection HadronicFinalState: round_beam_four_momentum: no match for beam momentum 5.000 GeV within 10% of any of the allowed values.
[e:0] [JEventProcessorPODIO] [error] Omitting PODIO collection 'ReconstructedBreitFrameParticles' due to exception: JOmniFactory: Failed to get collection InclusiveKinematicsElectron: JOmniFactory: Failed to get collection HadronicFinalState: round_beam_four_momentum: no match for beam momentum 5.000 GeV within 10% of any of the allowed values.
[e:0] [JEventProcessorPODIO] [error] Omitting PODIO collection 'ReconstructedCentauroJets' due to exception: JOmniFactory: Failed to get collection ReconstructedBreitFrameParticles: JOmniFactory: Failed to get collection InclusiveKinematicsElectron: JOmniFactory: Failed to get collection HadronicFinalState: round_beam_four_momentum: no match for beam momentum 5.000 GeV within 10% of any of the allowed values.
11:12:55.382  [info] Status: 51 events processed at 10.0 Hz (10.2 Hz avg)
[e:0] [FOFFMTRK:ForwardOffMRecParticles] [error] No beam protons found
[e:0] [JEventProcessorPODIO] [error] Omitting PODIO collection 'ForwardOffMRecParticles' due to exception: No beam protons found.
[e:0] [RPOTS:ForwardRomanPotRecParticles] [error] No beam protons found
[e:0] [JEventProcessorPODIO] [error] Omitting PODIO collection 'ForwardRomanPotRecParticles' due to exception: No beam protons found.
[e:0] [RPOTS:ForwardRomanPotStaticRecParticles] [error] No beam protons found
[e:0] [JEventProcessorPODIO] [error] Omitting PODIO collection 'ForwardRomanPotStaticRecParticles' due to exception: No beam protons found.
[e:0] [JEventProcessorPODIO] [error] Omitting PODIO collection 'GeneratedBreitFrameParticles' due to exception: JOmniFactory: Failed to get collection InclusiveKinematicsElectron: JOmniFactory: Failed to get collection HadronicFinalState: round_beam_four_momentum: no match for beam momentum 5.000 GeV within 10% of any of the allowed values.
[e:0] [JEventProcessorPODIO] [error] Omitting PODIO collection 'GeneratedCentauroJets' due to exception: JOmniFactory: Failed to get collection GeneratedBreitFrameParticles: JOmniFactory: Failed to get collection InclusiveKinematicsElectron: JOmniFactory: Failed to get collection HadronicFinalState: round_beam_four_momentum: no match for beam momentum 5.000 GeV within 10% of any of the allowed values.
[e:0] [JEventProcessorPODIO] [error] Omitting PODIO collection 'HadronicFinalState' due to exception: round_beam_four_momentum: no match for beam momentum 5.000 GeV within 10% of any of the allowed values.
[e:0] [JEventProcessorPODIO] [error] Omitting PODIO collection 'InclusiveKinematicsDA' due to exception: JOmniFactory: Failed to get collection HadronicFinalState: round_beam_four_momentum: no match for beam momentum 5.000 GeV within 10% of any of the allowed values.
[e:0] [JEventProcessorPODIO] [error] Omitting PODIO collection 'InclusiveKinematicsESigma' due to exception: JOmniFactory: Failed to get collection HadronicFinalState: round_beam_four_momentum: no match for beam momentum 5.000 GeV within 10% of any of the allowed values.
[e:0] [JEventProcessorPODIO] [error] Omitting PODIO collection 'InclusiveKinematicsElectron' due to exception: JOmniFactory: Failed to get collection HadronicFinalState: round_beam_four_momentum: no match for beam momentum 5.000 GeV within 10% of any of the allowed values.
[e:0] [JEventProcessorPODIO] [error] Omitting PODIO collection 'InclusiveKinematicsJB' due to exception: JOmniFactory: Failed to get collection HadronicFinalState: round_beam_four_momentum: no match for beam momentum 5.000 GeV within 10% of any of the allowed values.
[e:0] [JEventProcessorPODIO] [error] Omitting PODIO collection 'InclusiveKinematicsML' due to exception: JOmniFactory: Failed to get collection InclusiveKinematicsElectron: JOmniFactory: Failed to get collection HadronicFinalState: round_beam_four_momentum: no match for beam momentum 5.000 GeV within 10% of any of the allowed values.
[e:0] [JEventProcessorPODIO] [error] Omitting PODIO collection 'InclusiveKinematicsSigma' due to exception: JOmniFactory: Failed to get collection HadronicFinalState: round_beam_four_momentum: no match for beam momentum 5.000 GeV within 10% of any of the allowed values.
[e:0] [JEventProcessorPODIO] [error] Omitting PODIO collection 'InclusiveKinematicseSigma' due to exception: JOmniFactory: Failed to get collection InclusiveKinematicsESigma: JOmniFactory: Failed to get collection HadronicFinalState: round_beam_four_momentum: no match for beam momentum 5.000 GeV within 10% of any of the allowed values.
[e:0] [JEventProcessorPODIO] [error] Omitting PODIO collection 'ReconstructedBreitFrameParticles' due to exception: JOmniFactory: Failed to get collection InclusiveKinematicsElectron: JOmniFactory: Failed to get collection HadronicFinalState: round_beam_four_momentum: no match for beam momentum 5.000 GeV within 10% of any of the allowed values.
[e:0] [JEventProcessorPODIO] [error] Omitting PODIO collection 'ReconstructedCentauroJets' due to exception: JOmniFactory: Failed to get collection ReconstructedBreitFrameParticles: JOmniFactory: Failed to get collection InclusiveKinematicsElectron: JOmniFactory: Failed to get collection HadronicFinalState: round_beam_four_momentum: no match for beam momentum 5.000 GeV within 10% of any of the allowed values.
[e:0] [FOFFMTRK:ForwardOffMRecParticles] [error] No beam protons found
[e:0] [JEventProcessorPODIO] [error] Omitting PODIO collection 'ForwardOffMRecParticles' due to exception: No beam protons found.
[e:0] [RPOTS:ForwardRomanPotRecParticles] [error] No beam protons found
[e:0] [JEventProcessorPODIO] [error] Omitting PODIO collection 'ForwardRomanPotRecParticles' due to exception: No beam protons found.
[e:0] [RPOTS:ForwardRomanPotStaticRecParticles] [error] No beam protons found
[e:0] [JEventProcessorPODIO] [error] Omitting PODIO collection 'ForwardRomanPotStaticRecParticles' due to exception: No beam protons found.
[e:0] [JEventProcessorPODIO] [error] Omitting PODIO collection 'GeneratedBreitFrameParticles' due to exception: JOmniFactory: Failed to get collection InclusiveKinematicsElectron: JOmniFactory: Failed to get collection HadronicFinalState: round_beam_four_momentum: no match for beam momentum 5.000 GeV within 10% of any of the allowed values.
[e:0] [JEventProcessorPODIO] [error] Omitting PODIO collection 'GeneratedCentauroJets' due to exception: JOmniFactory: Failed to get collection GeneratedBreitFrameParticles: JOmniFactory: Failed to get collection InclusiveKinematicsElectron: JOmniFactory: Failed to get collection HadronicFinalState: round_beam_four_momentum: no match for beam momentum 5.000 GeV within 10% of any of the allowed values.
[e:0] [JEventProcessorPODIO] [error] Omitting PODIO collection 'HadronicFinalState' due to exception: round_beam_four_momentum: no match for beam momentum 5.000 GeV within 10% of any of the allowed values.
[e:0] [JEventProcessorPODIO] [error] Omitting PODIO collection 'InclusiveKinematicsDA' due to exception: JOmniFactory: Failed to get collection HadronicFinalState: round_beam_four_momentum: no match for beam momentum 5.000 GeV within 10% of any of the allowed values.
[e:0] [JEventProcessorPODIO] [error] Omitting PODIO collection 'InclusiveKinematicsESigma' due to exception: JOmniFactory: Failed to get collection HadronicFinalState: round_beam_four_momentum: no match for beam momentum 5.000 GeV within 10% of any of the allowed values.
[e:0] [JEventProcessorPODIO] [error] Omitting PODIO collection 'InclusiveKinematicsElectron' due to exception: JOmniFactory: Failed to get collection HadronicFinalState: round_beam_four_momentum: no match for beam momentum 5.000 GeV within 10% of any of the allowed values.
[e:0] [JEventProcessorPODIO] [error] Omitting PODIO collection 'InclusiveKinematicsJB' due to exception: JOmniFactory: Failed to get collection HadronicFinalState: round_beam_four_momentum: no match for beam momentum 5.000 GeV within 10% of any of the allowed values.
[e:0] [JEventProcessorPODIO] [error] Omitting PODIO collection 'InclusiveKinematicsML' due to exception: JOmniFactory: Failed to get collection InclusiveKinematicsElectron: JOmniFactory: Failed to get collection HadronicFinalState: round_beam_four_momentum: no match for beam momentum 5.000 GeV within 10% of any of the allowed values.
[e:0] [JEventProcessorPODIO] [error] Omitting PODIO collection 'InclusiveKinematicsSigma' due to exception: JOmniFactory: Failed to get collection HadronicFinalState: round_beam_four_momentum: no match for beam momentum 5.000 GeV within 10% of any of the allowed values.
[e:0] [JEventProcessorPODIO] [error] Omitting PODIO collection 'InclusiveKinematicseSigma' due to exception: JOmniFactory: Failed to get collection InclusiveKinematicsESigma: JOmniFactory: Failed to get collection HadronicFinalState: round_beam_four_momentum: no match for beam momentum 5.000 GeV within 10% of any of the allowed values.
[e:0] [JEventProcessorPODIO] [error] Omitting PODIO collection 'ReconstructedBreitFrameParticles' due to exception: JOmniFactory: Failed to get collection InclusiveKinematicsElectron: JOmniFactory: Failed to get collection HadronicFinalState: round_beam_four_momentum: no match for beam momentum 5.000 GeV within 10% of any of the allowed values.
[e:0] [JEventProcessorPODIO] [error] Omitting PODIO collection 'ReconstructedCentauroJets' due to exception: JOmniFactory: Failed to get collection ReconstructedBreitFrameParticles: JOmniFactory: Failed to get collection InclusiveKinematicsElectron: JOmniFactory: Failed to get collection HadronicFinalState: round_beam_four_momentum: no match for beam momentum 5.000 GeV within 10% of any of the allowed values.
[e:0] [FOFFMTRK:ForwardOffMRecParticles] [error] No beam protons found
[e:0] [JEventProcessorPODIO] [error] Omitting PODIO collection 'ForwardOffMRecParticles' due to exception: No beam protons found.
[e:0] [RPOTS:ForwardRomanPotRecParticles] [error] No beam protons found
[e:0] [JEventProcessorPODIO] [error] Omitting PODIO collection 'ForwardRomanPotRecParticles' due to exception: No beam protons found.
[e:0] [RPOTS:ForwardRomanPotStaticRecParticles] [error] No beam protons found
[e:0] [JEventProcessorPODIO] [error] Omitting PODIO collection 'ForwardRomanPotStaticRecParticles' due to exception: No beam protons found.
[e:0] [JEventProcessorPODIO] [error] Omitting PODIO collection 'GeneratedBreitFrameParticles' due to exception: JOmniFactory: Failed to get collection InclusiveKinematicsElectron: JOmniFactory: Failed to get collection HadronicFinalState: round_beam_four_momentum: no match for beam momentum 5.000 GeV within 10% of any of the allowed values.
[e:0] [JEventProcessorPODIO] [error] Omitting PODIO collection 'GeneratedCentauroJets' due to exception: JOmniFactory: Failed to get collection GeneratedBreitFrameParticles: JOmniFactory: Failed to get collection InclusiveKinematicsElectron: JOmniFactory: Failed to get collection HadronicFinalState: round_beam_four_momentum: no match for beam momentum 5.000 GeV within 10% of any of the allowed values.
[e:0] [JEventProcessorPODIO] [error] Omitting PODIO collection 'HadronicFinalState' due to exception: round_beam_four_momentum: no match for beam momentum 5.000 GeV within 10% of any of the allowed values.
[e:0] [JEventProcessorPODIO] [error] Omitting PODIO collection 'InclusiveKinematicsDA' due to exception: JOmniFactory: Failed to get collection HadronicFinalState: round_beam_four_momentum: no match for beam momentum 5.000 GeV within 10% of any of the allowed values.
[e:0] [JEventProcessorPODIO] [error] Omitting PODIO collection 'InclusiveKinematicsESigma' due to exception: JOmniFactory: Failed to get collection HadronicFinalState: round_beam_four_momentum: no match for beam momentum 5.000 GeV within 10% of any of the allowed values.
[e:0] [JEventProcessorPODIO] [error] Omitting PODIO collection 'InclusiveKinematicsElectron' due to exception: JOmniFactory: Failed to get collection HadronicFinalState: round_beam_four_momentum: no match for beam momentum 5.000 GeV within 10% of any of the allowed values.
[e:0] [JEventProcessorPODIO] [error] Omitting PODIO collection 'InclusiveKinematicsJB' due to exception: JOmniFactory: Failed to get collection HadronicFinalState: round_beam_four_momentum: no match for beam momentum 5.000 GeV within 10% of any of the allowed values.
[e:0] [JEventProcessorPODIO] [error] Omitting PODIO collection 'InclusiveKinematicsML' due to exception: JOmniFactory: Failed to get collection InclusiveKinematicsElectron: JOmniFactory: Failed to get collection HadronicFinalState: round_beam_four_momentum: no match for beam momentum 5.000 GeV within 10% of any of the allowed values.
[e:0] [JEventProcessorPODIO] [error] Omitting PODIO collection 'InclusiveKinematicsSigma' due to exception: JOmniFactory: Failed to get collection HadronicFinalState: round_beam_four_momentum: no match for beam momentum 5.000 GeV within 10% of any of the allowed values.
[e:0] [JEventProcessorPODIO] [error] Omitting PODIO collection 'InclusiveKinematicseSigma' due to exception: JOmniFactory: Failed to get collection InclusiveKinematicsESigma: JOmniFactory: Failed to get collection HadronicFinalState: round_beam_four_momentum: no match for beam momentum 5.000 GeV within 10% of any of the allowed values.
[e:0] [JEventProcessorPODIO] [error] Omitting PODIO collection 'ReconstructedBreitFrameParticles' due to exception: JOmniFactory: Failed to get collection InclusiveKinematicsElectron: JOmniFactory: Failed to get collection HadronicFinalState: round_beam_four_momentum: no match for beam momentum 5.000 GeV within 10% of any of the allowed values.
[e:0] [JEventProcessorPODIO] [error] Omitting PODIO collection 'ReconstructedCentauroJets' due to exception: JOmniFactory: Failed to get collection ReconstructedBreitFrameParticles: JOmniFactory: Failed to get collection InclusiveKinematicsElectron: JOmniFactory: Failed to get collection HadronicFinalState: round_beam_four_momentum: no match for beam momentum 5.000 GeV within 10% of any of the allowed values.
[e:0] [FOFFMTRK:ForwardOffMRecParticles] [error] No beam protons found
[e:0] [JEventProcessorPODIO] [error] Omitting PODIO collection 'ForwardOffMRecParticles' due to exception: No beam protons found.
[e:0] [RPOTS:ForwardRomanPotRecParticles] [error] No beam protons found
[e:0] [JEventProcessorPODIO] [error] Omitting PODIO collection 'ForwardRomanPotRecParticles' due to exception: No beam protons found.
[e:0] [RPOTS:ForwardRomanPotStaticRecParticles] [error] No beam protons found
[e:0] [JEventProcessorPODIO] [error] Omitting PODIO collection 'ForwardRomanPotStaticRecParticles' due to exception: No beam protons found.
[e:0] [JEventProcessorPODIO] [error] Omitting PODIO collection 'GeneratedBreitFrameParticles' due to exception: JOmniFactory: Failed to get collection InclusiveKinematicsElectron: JOmniFactory: Failed to get collection HadronicFinalState: round_beam_four_momentum: no match for beam momentum 5.000 GeV within 10% of any of the allowed values.
[e:0] [JEventProcessorPODIO] [error] Omitting PODIO collection 'GeneratedCentauroJets' due to exception: JOmniFactory: Failed to get collection GeneratedBreitFrameParticles: JOmniFactory: Failed to get collection InclusiveKinematicsElectron: JOmniFactory: Failed to get collection HadronicFinalState: round_beam_four_momentum: no match for beam momentum 5.000 GeV within 10% of any of the allowed values.
[e:0] [JEventProcessorPODIO] [error] Omitting PODIO collection 'HadronicFinalState' due to exception: round_beam_four_momentum: no match for beam momentum 5.000 GeV within 10% of any of the allowed values.
[e:0] [JEventProcessorPODIO] [error] Omitting PODIO collection 'InclusiveKinematicsDA' due to exception: JOmniFactory: Failed to get collection HadronicFinalState: round_beam_four_momentum: no match for beam momentum 5.000 GeV within 10% of any of the allowed values.
[e:0] [JEventProcessorPODIO] [error] Omitting PODIO collection 'InclusiveKinematicsESigma' due to exception: JOmniFactory: Failed to get collection HadronicFinalState: round_beam_four_momentum: no match for beam momentum 5.000 GeV within 10% of any of the allowed values.
[e:0] [JEventProcessorPODIO] [error] Omitting PODIO collection 'InclusiveKinematicsElectron' due to exception: JOmniFactory: Failed to get collection HadronicFinalState: round_beam_four_momentum: no match for beam momentum 5.000 GeV within 10% of any of the allowed values.
[e:0] [JEventProcessorPODIO] [error] Omitting PODIO collection 'InclusiveKinematicsJB' due to exception: JOmniFactory: Failed to get collection HadronicFinalState: round_beam_four_momentum: no match for beam momentum 5.000 GeV within 10% of any of the allowed values.
[e:0] [JEventProcessorPODIO] [error] Omitting PODIO collection 'InclusiveKinematicsML' due to exception: JOmniFactory: Failed to get collection InclusiveKinematicsElectron: JOmniFactory: Failed to get collection HadronicFinalState: round_beam_four_momentum: no match for beam momentum 5.000 GeV within 10% of any of the allowed values.
[e:0] [JEventProcessorPODIO] [error] Omitting PODIO collection 'InclusiveKinematicsSigma' due to exception: JOmniFactory: Failed to get collection HadronicFinalState: round_beam_four_momentum: no match for beam momentum 5.000 GeV within 10% of any of the allowed values.
[e:0] [JEventProcessorPODIO] [error] Omitting PODIO collection 'InclusiveKinematicseSigma' due to exception: JOmniFactory: Failed to get collection InclusiveKinematicsESigma: JOmniFactory: Failed to get collection HadronicFinalState: round_beam_four_momentum: no match for beam momentum 5.000 GeV within 10% of any of the allowed values.
[e:0] [JEventProcessorPODIO] [error] Omitting PODIO collection 'ReconstructedBreitFrameParticles' due to exception: JOmniFactory: Failed to get collection InclusiveKinematicsElectron: JOmniFactory: Failed to get collection HadronicFinalState: round_beam_four_momentum: no match for beam momentum 5.000 GeV within 10% of any of the allowed values.
[e:0] [JEventProcessorPODIO] [error] Omitting PODIO collection 'ReconstructedCentauroJets' due to exception: JOmniFactory: Failed to get collection ReconstructedBreitFrameParticles: JOmniFactory: Failed to get collection InclusiveKinematicsElectron: JOmniFactory: Failed to get collection HadronicFinalState: round_beam_four_momentum: no match for beam momentum 5.000 GeV within 10% of any of the allowed values.
[e:0] [FOFFMTRK:ForwardOffMRecParticles] [error] No beam protons found
[e:0] [JEventProcessorPODIO] [error] Omitting PODIO collection 'ForwardOffMRecParticles' due to exception: No beam protons found.
[e:0] [RPOTS:ForwardRomanPotRecParticles] [error] No beam protons found
[e:0] [JEventProcessorPODIO] [error] Omitting PODIO collection 'ForwardRomanPotRecParticles' due to exception: No beam protons found.
[e:0] [RPOTS:ForwardRomanPotStaticRecParticles] [error] No beam protons found
[e:0] [JEventProcessorPODIO] [error] Omitting PODIO collection 'ForwardRomanPotStaticRecParticles' due to exception: No beam protons found.
[e:0] [JEventProcessorPODIO] [error] Omitting PODIO collection 'GeneratedBreitFrameParticles' due to exception: JOmniFactory: Failed to get collection InclusiveKinematicsElectron: JOmniFactory: Failed to get collection HadronicFinalState: round_beam_four_momentum: no match for beam momentum 5.000 GeV within 10% of any of the allowed values.
[e:0] [JEventProcessorPODIO] [error] Omitting PODIO collection 'GeneratedCentauroJets' due to exception: JOmniFactory: Failed to get collection GeneratedBreitFrameParticles: JOmniFactory: Failed to get collection InclusiveKinematicsElectron: JOmniFactory: Failed to get collection HadronicFinalState: round_beam_four_momentum: no match for beam momentum 5.000 GeV within 10% of any of the allowed values.
[e:0] [JEventProcessorPODIO] [error] Omitting PODIO collection 'HadronicFinalState' due to exception: round_beam_four_momentum: no match for beam momentum 5.000 GeV within 10% of any of the allowed values.
[e:0] [JEventProcessorPODIO] [error] Omitting PODIO collection 'InclusiveKinematicsDA' due to exception: JOmniFactory: Failed to get collection HadronicFinalState: round_beam_four_momentum: no match for beam momentum 5.000 GeV within 10% of any of the allowed values.
[e:0] [JEventProcessorPODIO] [error] Omitting PODIO collection 'InclusiveKinematicsESigma' due to exception: JOmniFactory: Failed to get collection HadronicFinalState: round_beam_four_momentum: no match for beam momentum 5.000 GeV within 10% of any of the allowed values.
[e:0] [JEventProcessorPODIO] [error] Omitting PODIO collection 'InclusiveKinematicsElectron' due to exception: JOmniFactory: Failed to get collection HadronicFinalState: round_beam_four_momentum: no match for beam momentum 5.000 GeV within 10% of any of the allowed values.
[e:0] [JEventProcessorPODIO] [error] Omitting PODIO collection 'InclusiveKinematicsJB' due to exception: JOmniFactory: Failed to get collection HadronicFinalState: round_beam_four_momentum: no match for beam momentum 5.000 GeV within 10% of any of the allowed values.
[e:0] [JEventProcessorPODIO] [error] Omitting PODIO collection 'InclusiveKinematicsML' due to exception: JOmniFactory: Failed to get collection InclusiveKinematicsElectron: JOmniFactory: Failed to get collection HadronicFinalState: round_beam_four_momentum: no match for beam momentum 5.000 GeV within 10% of any of the allowed values.
[e:0] [JEventProcessorPODIO] [error] Omitting PODIO collection 'InclusiveKinematicsSigma' due to exception: JOmniFactory: Failed to get collection HadronicFinalState: round_beam_four_momentum: no match for beam momentum 5.000 GeV within 10% of any of the allowed values.
[e:0] [JEventProcessorPODIO] [error] Omitting PODIO collection 'InclusiveKinematicseSigma' due to exception: JOmniFactory: Failed to get collection InclusiveKinematicsESigma: JOmniFactory: Failed to get collection HadronicFinalState: round_beam_four_momentum: no match for beam momentum 5.000 GeV within 10% of any of the allowed values.
[e:0] [JEventProcessorPODIO] [error] Omitting PODIO collection 'ReconstructedBreitFrameParticles' due to exception: JOmniFactory: Failed to get collection InclusiveKinematicsElectron: JOmniFactory: Failed to get collection HadronicFinalState: round_beam_four_momentum: no match for beam momentum 5.000 GeV within 10% of any of the allowed values.
[e:0] [JEventProcessorPODIO] [error] Omitting PODIO collection 'ReconstructedCentauroJets' due to exception: JOmniFactory: Failed to get collection ReconstructedBreitFrameParticles: JOmniFactory: Failed to get collection InclusiveKinematicsElectron: JOmniFactory: Failed to get collection HadronicFinalState: round_beam_four_momentum: no match for beam momentum 5.000 GeV within 10% of any of the allowed values.
[e:0] [FOFFMTRK:ForwardOffMRecParticles] [error] No beam protons found
[e:0] [JEventProcessorPODIO] [error] Omitting PODIO collection 'ForwardOffMRecParticles' due to exception: No beam protons found.
[e:0] [RPOTS:ForwardRomanPotRecParticles] [error] No beam protons found
[e:0] [JEventProcessorPODIO] [error] Omitting PODIO collection 'ForwardRomanPotRecParticles' due to exception: No beam protons found.
[e:0] [RPOTS:ForwardRomanPotStaticRecParticles] [error] No beam protons found
[e:0] [JEventProcessorPODIO] [error] Omitting PODIO collection 'ForwardRomanPotStaticRecParticles' due to exception: No beam protons found.
[e:0] [JEventProcessorPODIO] [error] Omitting PODIO collection 'GeneratedBreitFrameParticles' due to exception: JOmniFactory: Failed to get collection InclusiveKinematicsElectron: JOmniFactory: Failed to get collection HadronicFinalState: round_beam_four_momentum: no match for beam momentum 5.000 GeV within 10% of any of the allowed values.
[e:0] [JEventProcessorPODIO] [error] Omitting PODIO collection 'GeneratedCentauroJets' due to exception: JOmniFactory: Failed to get collection GeneratedBreitFrameParticles: JOmniFactory: Failed to get collection InclusiveKinematicsElectron: JOmniFactory: Failed to get collection HadronicFinalState: round_beam_four_momentum: no match for beam momentum 5.000 GeV within 10% of any of the allowed values.
[e:0] [JEventProcessorPODIO] [error] Omitting PODIO collection 'HadronicFinalState' due to exception: round_beam_four_momentum: no match for beam momentum 5.000 GeV within 10% of any of the allowed values.
[e:0] [JEventProcessorPODIO] [error] Omitting PODIO collection 'InclusiveKinematicsDA' due to exception: JOmniFactory: Failed to get collection HadronicFinalState: round_beam_four_momentum: no match for beam momentum 5.000 GeV within 10% of any of the allowed values.
[e:0] [JEventProcessorPODIO] [error] Omitting PODIO collection 'InclusiveKinematicsESigma' due to exception: JOmniFactory: Failed to get collection HadronicFinalState: round_beam_four_momentum: no match for beam momentum 5.000 GeV within 10% of any of the allowed values.
[e:0] [JEventProcessorPODIO] [error] Omitting PODIO collection 'InclusiveKinematicsElectron' due to exception: JOmniFactory: Failed to get collection HadronicFinalState: round_beam_four_momentum: no match for beam momentum 5.000 GeV within 10% of any of the allowed values.
[e:0] [JEventProcessorPODIO] [error] Omitting PODIO collection 'InclusiveKinematicsJB' due to exception: JOmniFactory: Failed to get collection HadronicFinalState: round_beam_four_momentum: no match for beam momentum 5.000 GeV within 10% of any of the allowed values.
[e:0] [JEventProcessorPODIO] [error] Omitting PODIO collection 'InclusiveKinematicsML' due to exception: JOmniFactory: Failed to get collection InclusiveKinematicsElectron: JOmniFactory: Failed to get collection HadronicFinalState: round_beam_four_momentum: no match for beam momentum 5.000 GeV within 10% of any of the allowed values.
[e:0] [JEventProcessorPODIO] [error] Omitting PODIO collection 'InclusiveKinematicsSigma' due to exception: JOmniFactory: Failed to get collection HadronicFinalState: round_beam_four_momentum: no match for beam momentum 5.000 GeV within 10% of any of the allowed values.
[e:0] [JEventProcessorPODIO] [error] Omitting PODIO collection 'InclusiveKinematicseSigma' due to exception: JOmniFactory: Failed to get collection InclusiveKinematicsESigma: JOmniFactory: Failed to get collection HadronicFinalState: round_beam_four_momentum: no match for beam momentum 5.000 GeV within 10% of any of the allowed values.
[e:0] [JEventProcessorPODIO] [error] Omitting PODIO collection 'ReconstructedBreitFrameParticles' due to exception: JOmniFactory: Failed to get collection InclusiveKinematicsElectron: JOmniFactory: Failed to get collection HadronicFinalState: round_beam_four_momentum: no match for beam momentum 5.000 GeV within 10% of any of the allowed values.
[e:0] [JEventProcessorPODIO] [error] Omitting PODIO collection 'ReconstructedCentauroJets' due to exception: JOmniFactory: Failed to get collection ReconstructedBreitFrameParticles: JOmniFactory: Failed to get collection InclusiveKinematicsElectron: JOmniFactory: Failed to get collection HadronicFinalState: round_beam_four_momentum: no match for beam momentum 5.000 GeV within 10% of any of the allowed values.
11:12:55.884  [info] Status: 57 events processed at 12.0 Hz (10.4 Hz avg)
[e:0] [FOFFMTRK:ForwardOffMRecParticles] [error] No beam protons found
[e:0] [JEventProcessorPODIO] [error] Omitting PODIO collection 'ForwardOffMRecParticles' due to exception: No beam protons found.
[e:0] [RPOTS:ForwardRomanPotRecParticles] [error] No beam protons found
[e:0] [JEventProcessorPODIO] [error] Omitting PODIO collection 'ForwardRomanPotRecParticles' due to exception: No beam protons found.
[e:0] [RPOTS:ForwardRomanPotStaticRecParticles] [error] No beam protons found
[e:0] [JEventProcessorPODIO] [error] Omitting PODIO collection 'ForwardRomanPotStaticRecParticles' due to exception: No beam protons found.
[e:0] [JEventProcessorPODIO] [error] Omitting PODIO collection 'GeneratedBreitFrameParticles' due to exception: JOmniFactory: Failed to get collection InclusiveKinematicsElectron: JOmniFactory: Failed to get collection HadronicFinalState: round_beam_four_momentum: no match for beam momentum 5.000 GeV within 10% of any of the allowed values.
[e:0] [JEventProcessorPODIO] [error] Omitting PODIO collection 'GeneratedCentauroJets' due to exception: JOmniFactory: Failed to get collection GeneratedBreitFrameParticles: JOmniFactory: Failed to get collection InclusiveKinematicsElectron: JOmniFactory: Failed to get collection HadronicFinalState: round_beam_four_momentum: no match for beam momentum 5.000 GeV within 10% of any of the allowed values.
[e:0] [JEventProcessorPODIO] [error] Omitting PODIO collection 'HadronicFinalState' due to exception: round_beam_four_momentum: no match for beam momentum 5.000 GeV within 10% of any of the allowed values.
[e:0] [JEventProcessorPODIO] [error] Omitting PODIO collection 'InclusiveKinematicsDA' due to exception: JOmniFactory: Failed to get collection HadronicFinalState: round_beam_four_momentum: no match for beam momentum 5.000 GeV within 10% of any of the allowed values.
[e:0] [JEventProcessorPODIO] [error] Omitting PODIO collection 'InclusiveKinematicsESigma' due to exception: JOmniFactory: Failed to get collection HadronicFinalState: round_beam_four_momentum: no match for beam momentum 5.000 GeV within 10% of any of the allowed values.
[e:0] [JEventProcessorPODIO] [error] Omitting PODIO collection 'InclusiveKinematicsElectron' due to exception: JOmniFactory: Failed to get collection HadronicFinalState: round_beam_four_momentum: no match for beam momentum 5.000 GeV within 10% of any of the allowed values.
[e:0] [JEventProcessorPODIO] [error] Omitting PODIO collection 'InclusiveKinematicsJB' due to exception: JOmniFactory: Failed to get collection HadronicFinalState: round_beam_four_momentum: no match for beam momentum 5.000 GeV within 10% of any of the allowed values.
[e:0] [JEventProcessorPODIO] [error] Omitting PODIO collection 'InclusiveKinematicsML' due to exception: JOmniFactory: Failed to get collection InclusiveKinematicsElectron: JOmniFactory: Failed to get collection HadronicFinalState: round_beam_four_momentum: no match for beam momentum 5.000 GeV within 10% of any of the allowed values.
[e:0] [JEventProcessorPODIO] [error] Omitting PODIO collection 'InclusiveKinematicsSigma' due to exception: JOmniFactory: Failed to get collection HadronicFinalState: round_beam_four_momentum: no match for beam momentum 5.000 GeV within 10% of any of the allowed values.
[e:0] [JEventProcessorPODIO] [error] Omitting PODIO collection 'InclusiveKinematicseSigma' due to exception: JOmniFactory: Failed to get collection InclusiveKinematicsESigma: JOmniFactory: Failed to get collection HadronicFinalState: round_beam_four_momentum: no match for beam momentum 5.000 GeV within 10% of any of the allowed values.
[e:0] [JEventProcessorPODIO] [error] Omitting PODIO collection 'ReconstructedBreitFrameParticles' due to exception: JOmniFactory: Failed to get collection InclusiveKinematicsElectron: JOmniFactory: Failed to get collection HadronicFinalState: round_beam_four_momentum: no match for beam momentum 5.000 GeV within 10% of any of the allowed values.
[e:0] [JEventProcessorPODIO] [error] Omitting PODIO collection 'ReconstructedCentauroJets' due to exception: JOmniFactory: Failed to get collection ReconstructedBreitFrameParticles: JOmniFactory: Failed to get collection InclusiveKinematicsElectron: JOmniFactory: Failed to get collection HadronicFinalState: round_beam_four_momentum: no match for beam momentum 5.000 GeV within 10% of any of the allowed values.
[e:0] [FOFFMTRK:ForwardOffMRecParticles] [error] No beam protons found
[e:0] [JEventProcessorPODIO] [error] Omitting PODIO collection 'ForwardOffMRecParticles' due to exception: No beam protons found.
[e:0] [RPOTS:ForwardRomanPotRecParticles] [error] No beam protons found
[e:0] [JEventProcessorPODIO] [error] Omitting PODIO collection 'ForwardRomanPotRecParticles' due to exception: No beam protons found.
[e:0] [RPOTS:ForwardRomanPotStaticRecParticles] [error] No beam protons found
[e:0] [JEventProcessorPODIO] [error] Omitting PODIO collection 'ForwardRomanPotStaticRecParticles' due to exception: No beam protons found.
[e:0] [JEventProcessorPODIO] [error] Omitting PODIO collection 'GeneratedBreitFrameParticles' due to exception: JOmniFactory: Failed to get collection InclusiveKinematicsElectron: JOmniFactory: Failed to get collection HadronicFinalState: round_beam_four_momentum: no match for beam momentum 5.000 GeV within 10% of any of the allowed values.
[e:0] [JEventProcessorPODIO] [error] Omitting PODIO collection 'GeneratedCentauroJets' due to exception: JOmniFactory: Failed to get collection GeneratedBreitFrameParticles: JOmniFactory: Failed to get collection InclusiveKinematicsElectron: JOmniFactory: Failed to get collection HadronicFinalState: round_beam_four_momentum: no match for beam momentum 5.000 GeV within 10% of any of the allowed values.
[e:0] [JEventProcessorPODIO] [error] Omitting PODIO collection 'HadronicFinalState' due to exception: round_beam_four_momentum: no match for beam momentum 5.000 GeV within 10% of any of the allowed values.
[e:0] [JEventProcessorPODIO] [error] Omitting PODIO collection 'InclusiveKinematicsDA' due to exception: JOmniFactory: Failed to get collection HadronicFinalState: round_beam_four_momentum: no match for beam momentum 5.000 GeV within 10% of any of the allowed values.
[e:0] [JEventProcessorPODIO] [error] Omitting PODIO collection 'InclusiveKinematicsESigma' due to exception: JOmniFactory: Failed to get collection HadronicFinalState: round_beam_four_momentum: no match for beam momentum 5.000 GeV within 10% of any of the allowed values.
[e:0] [JEventProcessorPODIO] [error] Omitting PODIO collection 'InclusiveKinematicsElectron' due to exception: JOmniFactory: Failed to get collection HadronicFinalState: round_beam_four_momentum: no match for beam momentum 5.000 GeV within 10% of any of the allowed values.
[e:0] [JEventProcessorPODIO] [error] Omitting PODIO collection 'InclusiveKinematicsJB' due to exception: JOmniFactory: Failed to get collection HadronicFinalState: round_beam_four_momentum: no match for beam momentum 5.000 GeV within 10% of any of the allowed values.
[e:0] [JEventProcessorPODIO] [error] Omitting PODIO collection 'InclusiveKinematicsML' due to exception: JOmniFactory: Failed to get collection InclusiveKinematicsElectron: JOmniFactory: Failed to get collection HadronicFinalState: round_beam_four_momentum: no match for beam momentum 5.000 GeV within 10% of any of the allowed values.
[e:0] [JEventProcessorPODIO] [error] Omitting PODIO collection 'InclusiveKinematicsSigma' due to exception: JOmniFactory: Failed to get collection HadronicFinalState: round_beam_four_momentum: no match for beam momentum 5.000 GeV within 10% of any of the allowed values.
[e:0] [JEventProcessorPODIO] [error] Omitting PODIO collection 'InclusiveKinematicseSigma' due to exception: JOmniFactory: Failed to get collection InclusiveKinematicsESigma: JOmniFactory: Failed to get collection HadronicFinalState: round_beam_four_momentum: no match for beam momentum 5.000 GeV within 10% of any of the allowed values.
[e:0] [JEventProcessorPODIO] [error] Omitting PODIO collection 'ReconstructedBreitFrameParticles' due to exception: JOmniFactory: Failed to get collection InclusiveKinematicsElectron: JOmniFactory: Failed to get collection HadronicFinalState: round_beam_four_momentum: no match for beam momentum 5.000 GeV within 10% of any of the allowed values.
[e:0] [JEventProcessorPODIO] [error] Omitting PODIO collection 'ReconstructedCentauroJets' due to exception: JOmniFactory: Failed to get collection ReconstructedBreitFrameParticles: JOmniFactory: Failed to get collection InclusiveKinematicsElectron: JOmniFactory: Failed to get collection HadronicFinalState: round_beam_four_momentum: no match for beam momentum 5.000 GeV within 10% of any of the allowed values.
[e:0] [FOFFMTRK:ForwardOffMRecParticles] [error] No beam protons found
[e:0] [JEventProcessorPODIO] [error] Omitting PODIO collection 'ForwardOffMRecParticles' due to exception: No beam protons found.
[e:0] [RPOTS:ForwardRomanPotRecParticles] [error] No beam protons found
[e:0] [JEventProcessorPODIO] [error] Omitting PODIO collection 'ForwardRomanPotRecParticles' due to exception: No beam protons found.
[e:0] [RPOTS:ForwardRomanPotStaticRecParticles] [error] No beam protons found
[e:0] [JEventProcessorPODIO] [error] Omitting PODIO collection 'ForwardRomanPotStaticRecParticles' due to exception: No beam protons found.
[e:0] [JEventProcessorPODIO] [error] Omitting PODIO collection 'GeneratedBreitFrameParticles' due to exception: JOmniFactory: Failed to get collection InclusiveKinematicsElectron: JOmniFactory: Failed to get collection HadronicFinalState: round_beam_four_momentum: no match for beam momentum 5.000 GeV within 10% of any of the allowed values.
[e:0] [JEventProcessorPODIO] [error] Omitting PODIO collection 'GeneratedCentauroJets' due to exception: JOmniFactory: Failed to get collection GeneratedBreitFrameParticles: JOmniFactory: Failed to get collection InclusiveKinematicsElectron: JOmniFactory: Failed to get collection HadronicFinalState: round_beam_four_momentum: no match for beam momentum 5.000 GeV within 10% of any of the allowed values.
[e:0] [JEventProcessorPODIO] [error] Omitting PODIO collection 'HadronicFinalState' due to exception: round_beam_four_momentum: no match for beam momentum 5.000 GeV within 10% of any of the allowed values.
[e:0] [JEventProcessorPODIO] [error] Omitting PODIO collection 'InclusiveKinematicsDA' due to exception: JOmniFactory: Failed to get collection HadronicFinalState: round_beam_four_momentum: no match for beam momentum 5.000 GeV within 10% of any of the allowed values.
[e:0] [JEventProcessorPODIO] [error] Omitting PODIO collection 'InclusiveKinematicsESigma' due to exception: JOmniFactory: Failed to get collection HadronicFinalState: round_beam_four_momentum: no match for beam momentum 5.000 GeV within 10% of any of the allowed values.
[e:0] [JEventProcessorPODIO] [error] Omitting PODIO collection 'InclusiveKinematicsElectron' due to exception: JOmniFactory: Failed to get collection HadronicFinalState: round_beam_four_momentum: no match for beam momentum 5.000 GeV within 10% of any of the allowed values.
[e:0] [JEventProcessorPODIO] [error] Omitting PODIO collection 'InclusiveKinematicsJB' due to exception: JOmniFactory: Failed to get collection HadronicFinalState: round_beam_four_momentum: no match for beam momentum 5.000 GeV within 10% of any of the allowed values.
[e:0] [JEventProcessorPODIO] [error] Omitting PODIO collection 'InclusiveKinematicsML' due to exception: JOmniFactory: Failed to get collection InclusiveKinematicsElectron: JOmniFactory: Failed to get collection HadronicFinalState: round_beam_four_momentum: no match for beam momentum 5.000 GeV within 10% of any of the allowed values.
[e:0] [JEventProcessorPODIO] [error] Omitting PODIO collection 'InclusiveKinematicsSigma' due to exception: JOmniFactory: Failed to get collection HadronicFinalState: round_beam_four_momentum: no match for beam momentum 5.000 GeV within 10% of any of the allowed values.
[e:0] [JEventProcessorPODIO] [error] Omitting PODIO collection 'InclusiveKinematicseSigma' due to exception: JOmniFactory: Failed to get collection InclusiveKinematicsESigma: JOmniFactory: Failed to get collection HadronicFinalState: round_beam_four_momentum: no match for beam momentum 5.000 GeV within 10% of any of the allowed values.
[e:0] [JEventProcessorPODIO] [error] Omitting PODIO collection 'ReconstructedBreitFrameParticles' due to exception: JOmniFactory: Failed to get collection InclusiveKinematicsElectron: JOmniFactory: Failed to get collection HadronicFinalState: round_beam_four_momentum: no match for beam momentum 5.000 GeV within 10% of any of the allowed values.
[e:0] [JEventProcessorPODIO] [error] Omitting PODIO collection 'ReconstructedCentauroJets' due to exception: JOmniFactory: Failed to get collection ReconstructedBreitFrameParticles: JOmniFactory: Failed to get collection InclusiveKinematicsElectron: JOmniFactory: Failed to get collection HadronicFinalState: round_beam_four_momentum: no match for beam momentum 5.000 GeV within 10% of any of the allowed values.
[e:0] [FOFFMTRK:ForwardOffMRecParticles] [error] No beam protons found
[e:0] [JEventProcessorPODIO] [error] Omitting PODIO collection 'ForwardOffMRecParticles' due to exception: No beam protons found.
[e:0] [RPOTS:ForwardRomanPotRecParticles] [error] No beam protons found
[e:0] [JEventProcessorPODIO] [error] Omitting PODIO collection 'ForwardRomanPotRecParticles' due to exception: No beam protons found.
[e:0] [RPOTS:ForwardRomanPotStaticRecParticles] [error] No beam protons found
[e:0] [JEventProcessorPODIO] [error] Omitting PODIO collection 'ForwardRomanPotStaticRecParticles' due to exception: No beam protons found.
[e:0] [JEventProcessorPODIO] [error] Omitting PODIO collection 'GeneratedBreitFrameParticles' due to exception: JOmniFactory: Failed to get collection InclusiveKinematicsElectron: JOmniFactory: Failed to get collection HadronicFinalState: round_beam_four_momentum: no match for beam momentum 5.000 GeV within 10% of any of the allowed values.
[e:0] [JEventProcessorPODIO] [error] Omitting PODIO collection 'GeneratedCentauroJets' due to exception: JOmniFactory: Failed to get collection GeneratedBreitFrameParticles: JOmniFactory: Failed to get collection InclusiveKinematicsElectron: JOmniFactory: Failed to get collection HadronicFinalState: round_beam_four_momentum: no match for beam momentum 5.000 GeV within 10% of any of the allowed values.
[e:0] [JEventProcessorPODIO] [error] Omitting PODIO collection 'HadronicFinalState' due to exception: round_beam_four_momentum: no match for beam momentum 5.000 GeV within 10% of any of the allowed values.
[e:0] [JEventProcessorPODIO] [error] Omitting PODIO collection 'InclusiveKinematicsDA' due to exception: JOmniFactory: Failed to get collection HadronicFinalState: round_beam_four_momentum: no match for beam momentum 5.000 GeV within 10% of any of the allowed values.
[e:0] [JEventProcessorPODIO] [error] Omitting PODIO collection 'InclusiveKinematicsESigma' due to exception: JOmniFactory: Failed to get collection HadronicFinalState: round_beam_four_momentum: no match for beam momentum 5.000 GeV within 10% of any of the allowed values.
[e:0] [JEventProcessorPODIO] [error] Omitting PODIO collection 'InclusiveKinematicsElectron' due to exception: JOmniFactory: Failed to get collection HadronicFinalState: round_beam_four_momentum: no match for beam momentum 5.000 GeV within 10% of any of the allowed values.
[e:0] [JEventProcessorPODIO] [error] Omitting PODIO collection 'InclusiveKinematicsJB' due to exception: JOmniFactory: Failed to get collection HadronicFinalState: round_beam_four_momentum: no match for beam momentum 5.000 GeV within 10% of any of the allowed values.
[e:0] [JEventProcessorPODIO] [error] Omitting PODIO collection 'InclusiveKinematicsML' due to exception: JOmniFactory: Failed to get collection InclusiveKinematicsElectron: JOmniFactory: Failed to get collection HadronicFinalState: round_beam_four_momentum: no match for beam momentum 5.000 GeV within 10% of any of the allowed values.
[e:0] [JEventProcessorPODIO] [error] Omitting PODIO collection 'InclusiveKinematicsSigma' due to exception: JOmniFactory: Failed to get collection HadronicFinalState: round_beam_four_momentum: no match for beam momentum 5.000 GeV within 10% of any of the allowed values.
[e:0] [JEventProcessorPODIO] [error] Omitting PODIO collection 'InclusiveKinematicseSigma' due to exception: JOmniFactory: Failed to get collection InclusiveKinematicsESigma: JOmniFactory: Failed to get collection HadronicFinalState: round_beam_four_momentum: no match for beam momentum 5.000 GeV within 10% of any of the allowed values.
[e:0] [JEventProcessorPODIO] [error] Omitting PODIO collection 'ReconstructedBreitFrameParticles' due to exception: JOmniFactory: Failed to get collection InclusiveKinematicsElectron: JOmniFactory: Failed to get collection HadronicFinalState: round_beam_four_momentum: no match for beam momentum 5.000 GeV within 10% of any of the allowed values.
[e:0] [JEventProcessorPODIO] [error] Omitting PODIO collection 'ReconstructedCentauroJets' due to exception: JOmniFactory: Failed to get collection ReconstructedBreitFrameParticles: JOmniFactory: Failed to get collection InclusiveKinematicsElectron: JOmniFactory: Failed to get collection HadronicFinalState: round_beam_four_momentum: no match for beam momentum 5.000 GeV within 10% of any of the allowed values.
[e:0] [FOFFMTRK:ForwardOffMRecParticles] [error] No beam protons found
[e:0] [JEventProcessorPODIO] [error] Omitting PODIO collection 'ForwardOffMRecParticles' due to exception: No beam protons found.
[e:0] [RPOTS:ForwardRomanPotRecParticles] [error] No beam protons found
[e:0] [JEventProcessorPODIO] [error] Omitting PODIO collection 'ForwardRomanPotRecParticles' due to exception: No beam protons found.
[e:0] [RPOTS:ForwardRomanPotStaticRecParticles] [error] No beam protons found
[e:0] [JEventProcessorPODIO] [error] Omitting PODIO collection 'ForwardRomanPotStaticRecParticles' due to exception: No beam protons found.
[e:0] [JEventProcessorPODIO] [error] Omitting PODIO collection 'GeneratedBreitFrameParticles' due to exception: JOmniFactory: Failed to get collection InclusiveKinematicsElectron: JOmniFactory: Failed to get collection HadronicFinalState: round_beam_four_momentum: no match for beam momentum 5.000 GeV within 10% of any of the allowed values.
[e:0] [JEventProcessorPODIO] [error] Omitting PODIO collection 'GeneratedCentauroJets' due to exception: JOmniFactory: Failed to get collection GeneratedBreitFrameParticles: JOmniFactory: Failed to get collection InclusiveKinematicsElectron: JOmniFactory: Failed to get collection HadronicFinalState: round_beam_four_momentum: no match for beam momentum 5.000 GeV within 10% of any of the allowed values.
[e:0] [JEventProcessorPODIO] [error] Omitting PODIO collection 'HadronicFinalState' due to exception: round_beam_four_momentum: no match for beam momentum 5.000 GeV within 10% of any of the allowed values.
[e:0] [JEventProcessorPODIO] [error] Omitting PODIO collection 'InclusiveKinematicsDA' due to exception: JOmniFactory: Failed to get collection HadronicFinalState: round_beam_four_momentum: no match for beam momentum 5.000 GeV within 10% of any of the allowed values.
[e:0] [JEventProcessorPODIO] [error] Omitting PODIO collection 'InclusiveKinematicsESigma' due to exception: JOmniFactory: Failed to get collection HadronicFinalState: round_beam_four_momentum: no match for beam momentum 5.000 GeV within 10% of any of the allowed values.
[e:0] [JEventProcessorPODIO] [error] Omitting PODIO collection 'InclusiveKinematicsElectron' due to exception: JOmniFactory: Failed to get collection HadronicFinalState: round_beam_four_momentum: no match for beam momentum 5.000 GeV within 10% of any of the allowed values.
[e:0] [JEventProcessorPODIO] [error] Omitting PODIO collection 'InclusiveKinematicsJB' due to exception: JOmniFactory: Failed to get collection HadronicFinalState: round_beam_four_momentum: no match for beam momentum 5.000 GeV within 10% of any of the allowed values.
[e:0] [JEventProcessorPODIO] [error] Omitting PODIO collection 'InclusiveKinematicsML' due to exception: JOmniFactory: Failed to get collection InclusiveKinematicsElectron: JOmniFactory: Failed to get collection HadronicFinalState: round_beam_four_momentum: no match for beam momentum 5.000 GeV within 10% of any of the allowed values.
[e:0] [JEventProcessorPODIO] [error] Omitting PODIO collection 'InclusiveKinematicsSigma' due to exception: JOmniFactory: Failed to get collection HadronicFinalState: round_beam_four_momentum: no match for beam momentum 5.000 GeV within 10% of any of the allowed values.
[e:0] [JEventProcessorPODIO] [error] Omitting PODIO collection 'InclusiveKinematicseSigma' due to exception: JOmniFactory: Failed to get collection InclusiveKinematicsESigma: JOmniFactory: Failed to get collection HadronicFinalState: round_beam_four_momentum: no match for beam momentum 5.000 GeV within 10% of any of the allowed values.
[e:0] [JEventProcessorPODIO] [error] Omitting PODIO collection 'ReconstructedBreitFrameParticles' due to exception: JOmniFactory: Failed to get collection InclusiveKinematicsElectron: JOmniFactory: Failed to get collection HadronicFinalState: round_beam_four_momentum: no match for beam momentum 5.000 GeV within 10% of any of the allowed values.
[e:0] [JEventProcessorPODIO] [error] Omitting PODIO collection 'ReconstructedCentauroJets' due to exception: JOmniFactory: Failed to get collection ReconstructedBreitFrameParticles: JOmniFactory: Failed to get collection InclusiveKinematicsElectron: JOmniFactory: Failed to get collection HadronicFinalState: round_beam_four_momentum: no match for beam momentum 5.000 GeV within 10% of any of the allowed values.
[e:0] [FOFFMTRK:ForwardOffMRecParticles] [error] No beam protons found
[e:0] [JEventProcessorPODIO] [error] Omitting PODIO collection 'ForwardOffMRecParticles' due to exception: No beam protons found.
[e:0] [RPOTS:ForwardRomanPotRecParticles] [error] No beam protons found
[e:0] [JEventProcessorPODIO] [error] Omitting PODIO collection 'ForwardRomanPotRecParticles' due to exception: No beam protons found.
[e:0] [RPOTS:ForwardRomanPotStaticRecParticles] [error] No beam protons found
[e:0] [JEventProcessorPODIO] [error] Omitting PODIO collection 'ForwardRomanPotStaticRecParticles' due to exception: No beam protons found.
[e:0] [JEventProcessorPODIO] [error] Omitting PODIO collection 'GeneratedBreitFrameParticles' due to exception: JOmniFactory: Failed to get collection InclusiveKinematicsElectron: JOmniFactory: Failed to get collection HadronicFinalState: round_beam_four_momentum: no match for beam momentum 5.000 GeV within 10% of any of the allowed values.
[e:0] [JEventProcessorPODIO] [error] Omitting PODIO collection 'GeneratedCentauroJets' due to exception: JOmniFactory: Failed to get collection GeneratedBreitFrameParticles: JOmniFactory: Failed to get collection InclusiveKinematicsElectron: JOmniFactory: Failed to get collection HadronicFinalState: round_beam_four_momentum: no match for beam momentum 5.000 GeV within 10% of any of the allowed values.
[e:0] [JEventProcessorPODIO] [error] Omitting PODIO collection 'HadronicFinalState' due to exception: round_beam_four_momentum: no match for beam momentum 5.000 GeV within 10% of any of the allowed values.
[e:0] [JEventProcessorPODIO] [error] Omitting PODIO collection 'InclusiveKinematicsDA' due to exception: JOmniFactory: Failed to get collection HadronicFinalState: round_beam_four_momentum: no match for beam momentum 5.000 GeV within 10% of any of the allowed values.
[e:0] [JEventProcessorPODIO] [error] Omitting PODIO collection 'InclusiveKinematicsESigma' due to exception: JOmniFactory: Failed to get collection HadronicFinalState: round_beam_four_momentum: no match for beam momentum 5.000 GeV within 10% of any of the allowed values.
[e:0] [JEventProcessorPODIO] [error] Omitting PODIO collection 'InclusiveKinematicsElectron' due to exception: JOmniFactory: Failed to get collection HadronicFinalState: round_beam_four_momentum: no match for beam momentum 5.000 GeV within 10% of any of the allowed values.
[e:0] [JEventProcessorPODIO] [error] Omitting PODIO collection 'InclusiveKinematicsJB' due to exception: JOmniFactory: Failed to get collection HadronicFinalState: round_beam_four_momentum: no match for beam momentum 5.000 GeV within 10% of any of the allowed values.
[e:0] [JEventProcessorPODIO] [error] Omitting PODIO collection 'InclusiveKinematicsML' due to exception: JOmniFactory: Failed to get collection InclusiveKinematicsElectron: JOmniFactory: Failed to get collection HadronicFinalState: round_beam_four_momentum: no match for beam momentum 5.000 GeV within 10% of any of the allowed values.
[e:0] [JEventProcessorPODIO] [error] Omitting PODIO collection 'InclusiveKinematicsSigma' due to exception: JOmniFactory: Failed to get collection HadronicFinalState: round_beam_four_momentum: no match for beam momentum 5.000 GeV within 10% of any of the allowed values.
[e:0] [JEventProcessorPODIO] [error] Omitting PODIO collection 'InclusiveKinematicseSigma' due to exception: JOmniFactory: Failed to get collection InclusiveKinematicsESigma: JOmniFactory: Failed to get collection HadronicFinalState: round_beam_four_momentum: no match for beam momentum 5.000 GeV within 10% of any of the allowed values.
11:12:56.384  [info] Status: 62 events processed at 10.0 Hz (10.3 Hz avg)
[e:0] [JEventProcessorPODIO] [error] Omitting PODIO collection 'ReconstructedCentauroJets' due to exception: JOmniFactory: Failed to get collection ReconstructedBreitFrameParticles: JOmniFactory: Failed to get collection InclusiveKinematicsElectron: JOmniFactory: Failed to get collection HadronicFinalState: round_beam_four_momentum: no match for beam momentum 5.000 GeV within 10% of any of the allowed values.
[e:0] [FOFFMTRK:ForwardOffMRecParticles] [error] No beam protons found
[e:0] [JEventProcessorPODIO] [error] Omitting PODIO collection 'ForwardOffMRecParticles' due to exception: No beam protons found.
[e:0] [RPOTS:ForwardRomanPotRecParticles] [error] No beam protons found
[e:0] [JEventProcessorPODIO] [error] Omitting PODIO collection 'ForwardRomanPotRecParticles' due to exception: No beam protons found.
[e:0] [RPOTS:ForwardRomanPotStaticRecParticles] [error] No beam protons found
[e:0] [JEventProcessorPODIO] [error] Omitting PODIO collection 'ForwardRomanPotStaticRecParticles' due to exception: No beam protons found.
[e:0] [JEventProcessorPODIO] [error] Omitting PODIO collection 'GeneratedBreitFrameParticles' due to exception: JOmniFactory: Failed to get collection InclusiveKinematicsElectron: JOmniFactory: Failed to get collection HadronicFinalState: round_beam_four_momentum: no match for beam momentum 5.000 GeV within 10% of any of the allowed values.
[e:0] [JEventProcessorPODIO] [error] Omitting PODIO collection 'GeneratedCentauroJets' due to exception: JOmniFactory: Failed to get collection GeneratedBreitFrameParticles: JOmniFactory: Failed to get collection InclusiveKinematicsElectron: JOmniFactory: Failed to get collection HadronicFinalState: round_beam_four_momentum: no match for beam momentum 5.000 GeV within 10% of any of the allowed values.
[e:0] [JEventProcessorPODIO] [error] Omitting PODIO collection 'HadronicFinalState' due to exception: round_beam_four_momentum: no match for beam momentum 5.000 GeV within 10% of any of the allowed values.
[e:0] [JEventProcessorPODIO] [error] Omitting PODIO collection 'InclusiveKinematicsDA' due to exception: JOmniFactory: Failed to get collection HadronicFinalState: round_beam_four_momentum: no match for beam momentum 5.000 GeV within 10% of any of the allowed values.
[e:0] [JEventProcessorPODIO] [error] Omitting PODIO collection 'InclusiveKinematicsESigma' due to exception: JOmniFactory: Failed to get collection HadronicFinalState: round_beam_four_momentum: no match for beam momentum 5.000 GeV within 10% of any of the allowed values.
[e:0] [JEventProcessorPODIO] [error] Omitting PODIO collection 'InclusiveKinematicsElectron' due to exception: JOmniFactory: Failed to get collection HadronicFinalState: round_beam_four_momentum: no match for beam momentum 5.000 GeV within 10% of any of the allowed values.
[e:0] [JEventProcessorPODIO] [error] Omitting PODIO collection 'InclusiveKinematicsJB' due to exception: JOmniFactory: Failed to get collection HadronicFinalState: round_beam_four_momentum: no match for beam momentum 5.000 GeV within 10% of any of the allowed values.
[e:0] [JEventProcessorPODIO] [error] Omitting PODIO collection 'InclusiveKinematicsML' due to exception: JOmniFactory: Failed to get collection InclusiveKinematicsElectron: JOmniFactory: Failed to get collection HadronicFinalState: round_beam_four_momentum: no match for beam momentum 5.000 GeV within 10% of any of the allowed values.
[e:0] [JEventProcessorPODIO] [error] Omitting PODIO collection 'InclusiveKinematicsSigma' due to exception: JOmniFactory: Failed to get collection HadronicFinalState: round_beam_four_momentum: no match for beam momentum 5.000 GeV within 10% of any of the allowed values.
[e:0] [JEventProcessorPODIO] [error] Omitting PODIO collection 'InclusiveKinematicseSigma' due to exception: JOmniFactory: Failed to get collection InclusiveKinematicsESigma: JOmniFactory: Failed to get collection HadronicFinalState: round_beam_four_momentum: no match for beam momentum 5.000 GeV within 10% of any of the allowed values.
[e:0] [JEventProcessorPODIO] [error] Omitting PODIO collection 'ReconstructedBreitFrameParticles' due to exception: JOmniFactory: Failed to get collection InclusiveKinematicsElectron: JOmniFactory: Failed to get collection HadronicFinalState: round_beam_four_momentum: no match for beam momentum 5.000 GeV within 10% of any of the allowed values.
[e:0] [JEventProcessorPODIO] [error] Omitting PODIO collection 'ReconstructedCentauroJets' due to exception: JOmniFactory: Failed to get collection ReconstructedBreitFrameParticles: JOmniFactory: Failed to get collection InclusiveKinematicsElectron: JOmniFactory: Failed to get collection HadronicFinalState: round_beam_four_momentum: no match for beam momentum 5.000 GeV within 10% of any of the allowed values.
[e:0] [FOFFMTRK:ForwardOffMRecParticles] [error] No beam protons found
[e:0] [JEventProcessorPODIO] [error] Omitting PODIO collection 'ForwardOffMRecParticles' due to exception: No beam protons found.
[e:0] [RPOTS:ForwardRomanPotRecParticles] [error] No beam protons found
[e:0] [JEventProcessorPODIO] [error] Omitting PODIO collection 'ForwardRomanPotRecParticles' due to exception: No beam protons found.
[e:0] [RPOTS:ForwardRomanPotStaticRecParticles] [error] No beam protons found
[e:0] [JEventProcessorPODIO] [error] Omitting PODIO collection 'ForwardRomanPotStaticRecParticles' due to exception: No beam protons found.
[e:0] [JEventProcessorPODIO] [error] Omitting PODIO collection 'GeneratedBreitFrameParticles' due to exception: JOmniFactory: Failed to get collection InclusiveKinematicsElectron: JOmniFactory: Failed to get collection HadronicFinalState: round_beam_four_momentum: no match for beam momentum 5.000 GeV within 10% of any of the allowed values.
[e:0] [JEventProcessorPODIO] [error] Omitting PODIO collection 'GeneratedCentauroJets' due to exception: JOmniFactory: Failed to get collection GeneratedBreitFrameParticles: JOmniFactory: Failed to get collection InclusiveKinematicsElectron: JOmniFactory: Failed to get collection HadronicFinalState: round_beam_four_momentum: no match for beam momentum 5.000 GeV within 10% of any of the allowed values.
[e:0] [JEventProcessorPODIO] [error] Omitting PODIO collection 'HadronicFinalState' due to exception: round_beam_four_momentum: no match for beam momentum 5.000 GeV within 10% of any of the allowed values.
[e:0] [JEventProcessorPODIO] [error] Omitting PODIO collection 'InclusiveKinematicsDA' due to exception: JOmniFactory: Failed to get collection HadronicFinalState: round_beam_four_momentum: no match for beam momentum 5.000 GeV within 10% of any of the allowed values.
[e:0] [JEventProcessorPODIO] [error] Omitting PODIO collection 'InclusiveKinematicsESigma' due to exception: JOmniFactory: Failed to get collection HadronicFinalState: round_beam_four_momentum: no match for beam momentum 5.000 GeV within 10% of any of the allowed values.
[e:0] [JEventProcessorPODIO] [error] Omitting PODIO collection 'InclusiveKinematicsElectron' due to exception: JOmniFactory: Failed to get collection HadronicFinalState: round_beam_four_momentum: no match for beam momentum 5.000 GeV within 10% of any of the allowed values.
[e:0] [JEventProcessorPODIO] [error] Omitting PODIO collection 'InclusiveKinematicsJB' due to exception: JOmniFactory: Failed to get collection HadronicFinalState: round_beam_four_momentum: no match for beam momentum 5.000 GeV within 10% of any of the allowed values.
[e:0] [JEventProcessorPODIO] [error] Omitting PODIO collection 'InclusiveKinematicsML' due to exception: JOmniFactory: Failed to get collection InclusiveKinematicsElectron: JOmniFactory: Failed to get collection HadronicFinalState: round_beam_four_momentum: no match for beam momentum 5.000 GeV within 10% of any of the allowed values.
[e:0] [JEventProcessorPODIO] [error] Omitting PODIO collection 'InclusiveKinematicsSigma' due to exception: JOmniFactory: Failed to get collection HadronicFinalState: round_beam_four_momentum: no match for beam momentum 5.000 GeV within 10% of any of the allowed values.
[e:0] [JEventProcessorPODIO] [error] Omitting PODIO collection 'InclusiveKinematicseSigma' due to exception: JOmniFactory: Failed to get collection InclusiveKinematicsESigma: JOmniFactory: Failed to get collection HadronicFinalState: round_beam_four_momentum: no match for beam momentum 5.000 GeV within 10% of any of the allowed values.
[e:0] [JEventProcessorPODIO] [error] Omitting PODIO collection 'ReconstructedBreitFrameParticles' due to exception: JOmniFactory: Failed to get collection InclusiveKinematicsElectron: JOmniFactory: Failed to get collection HadronicFinalState: round_beam_four_momentum: no match for beam momentum 5.000 GeV within 10% of any of the allowed values.
[e:0] [JEventProcessorPODIO] [error] Omitting PODIO collection 'ReconstructedCentauroJets' due to exception: JOmniFactory: Failed to get collection ReconstructedBreitFrameParticles: JOmniFactory: Failed to get collection InclusiveKinematicsElectron: JOmniFactory: Failed to get collection HadronicFinalState: round_beam_four_momentum: no match for beam momentum 5.000 GeV within 10% of any of the allowed values.
[e:0] [FOFFMTRK:ForwardOffMRecParticles] [error] No beam protons found
[e:0] [JEventProcessorPODIO] [error] Omitting PODIO collection 'ForwardOffMRecParticles' due to exception: No beam protons found.
[e:0] [RPOTS:ForwardRomanPotRecParticles] [error] No beam protons found
[e:0] [JEventProcessorPODIO] [error] Omitting PODIO collection 'ForwardRomanPotRecParticles' due to exception: No beam protons found.
[e:0] [RPOTS:ForwardRomanPotStaticRecParticles] [error] No beam protons found
[e:0] [JEventProcessorPODIO] [error] Omitting PODIO collection 'ForwardRomanPotStaticRecParticles' due to exception: No beam protons found.
[e:0] [JEventProcessorPODIO] [error] Omitting PODIO collection 'GeneratedBreitFrameParticles' due to exception: JOmniFactory: Failed to get collection InclusiveKinematicsElectron: JOmniFactory: Failed to get collection HadronicFinalState: round_beam_four_momentum: no match for beam momentum 5.000 GeV within 10% of any of the allowed values.
[e:0] [JEventProcessorPODIO] [error] Omitting PODIO collection 'GeneratedCentauroJets' due to exception: JOmniFactory: Failed to get collection GeneratedBreitFrameParticles: JOmniFactory: Failed to get collection InclusiveKinematicsElectron: JOmniFactory: Failed to get collection HadronicFinalState: round_beam_four_momentum: no match for beam momentum 5.000 GeV within 10% of any of the allowed values.
[e:0] [JEventProcessorPODIO] [error] Omitting PODIO collection 'HadronicFinalState' due to exception: round_beam_four_momentum: no match for beam momentum 5.000 GeV within 10% of any of the allowed values.
[e:0] [JEventProcessorPODIO] [error] Omitting PODIO collection 'InclusiveKinematicsDA' due to exception: JOmniFactory: Failed to get collection HadronicFinalState: round_beam_four_momentum: no match for beam momentum 5.000 GeV within 10% of any of the allowed values.
[e:0] [JEventProcessorPODIO] [error] Omitting PODIO collection 'InclusiveKinematicsESigma' due to exception: JOmniFactory: Failed to get collection HadronicFinalState: round_beam_four_momentum: no match for beam momentum 5.000 GeV within 10% of any of the allowed values.
[e:0] [JEventProcessorPODIO] [error] Omitting PODIO collection 'InclusiveKinematicsElectron' due to exception: JOmniFactory: Failed to get collection HadronicFinalState: round_beam_four_momentum: no match for beam momentum 5.000 GeV within 10% of any of the allowed values.
[e:0] [JEventProcessorPODIO] [error] Omitting PODIO collection 'InclusiveKinematicsJB' due to exception: JOmniFactory: Failed to get collection HadronicFinalState: round_beam_four_momentum: no match for beam momentum 5.000 GeV within 10% of any of the allowed values.
[e:0] [JEventProcessorPODIO] [error] Omitting PODIO collection 'InclusiveKinematicsML' due to exception: JOmniFactory: Failed to get collection InclusiveKinematicsElectron: JOmniFactory: Failed to get collection HadronicFinalState: round_beam_four_momentum: no match for beam momentum 5.000 GeV within 10% of any of the allowed values.
[e:0] [JEventProcessorPODIO] [error] Omitting PODIO collection 'InclusiveKinematicsSigma' due to exception: JOmniFactory: Failed to get collection HadronicFinalState: round_beam_four_momentum: no match for beam momentum 5.000 GeV within 10% of any of the allowed values.
[e:0] [JEventProcessorPODIO] [error] Omitting PODIO collection 'InclusiveKinematicseSigma' due to exception: JOmniFactory: Failed to get collection InclusiveKinematicsESigma: JOmniFactory: Failed to get collection HadronicFinalState: round_beam_four_momentum: no match for beam momentum 5.000 GeV within 10% of any of the allowed values.
[e:0] [JEventProcessorPODIO] [error] Omitting PODIO collection 'ReconstructedBreitFrameParticles' due to exception: JOmniFactory: Failed to get collection InclusiveKinematicsElectron: JOmniFactory: Failed to get collection HadronicFinalState: round_beam_four_momentum: no match for beam momentum 5.000 GeV within 10% of any of the allowed values.
[e:0] [JEventProcessorPODIO] [error] Omitting PODIO collection 'ReconstructedCentauroJets' due to exception: JOmniFactory: Failed to get collection ReconstructedBreitFrameParticles: JOmniFactory: Failed to get collection InclusiveKinematicsElectron: JOmniFactory: Failed to get collection HadronicFinalState: round_beam_four_momentum: no match for beam momentum 5.000 GeV within 10% of any of the allowed values.
[e:0] [FOFFMTRK:ForwardOffMRecParticles] [error] No beam protons found
[e:0] [JEventProcessorPODIO] [error] Omitting PODIO collection 'ForwardOffMRecParticles' due to exception: No beam protons found.
[e:0] [RPOTS:ForwardRomanPotRecParticles] [error] No beam protons found
[e:0] [JEventProcessorPODIO] [error] Omitting PODIO collection 'ForwardRomanPotRecParticles' due to exception: No beam protons found.
[e:0] [RPOTS:ForwardRomanPotStaticRecParticles] [error] No beam protons found
[e:0] [JEventProcessorPODIO] [error] Omitting PODIO collection 'ForwardRomanPotStaticRecParticles' due to exception: No beam protons found.
[e:0] [JEventProcessorPODIO] [error] Omitting PODIO collection 'GeneratedBreitFrameParticles' due to exception: JOmniFactory: Failed to get collection InclusiveKinematicsElectron: JOmniFactory: Failed to get collection HadronicFinalState: round_beam_four_momentum: no match for beam momentum 5.000 GeV within 10% of any of the allowed values.
[e:0] [JEventProcessorPODIO] [error] Omitting PODIO collection 'GeneratedCentauroJets' due to exception: JOmniFactory: Failed to get collection GeneratedBreitFrameParticles: JOmniFactory: Failed to get collection InclusiveKinematicsElectron: JOmniFactory: Failed to get collection HadronicFinalState: round_beam_four_momentum: no match for beam momentum 5.000 GeV within 10% of any of the allowed values.
[e:0] [JEventProcessorPODIO] [error] Omitting PODIO collection 'HadronicFinalState' due to exception: round_beam_four_momentum: no match for beam momentum 5.000 GeV within 10% of any of the allowed values.
[e:0] [JEventProcessorPODIO] [error] Omitting PODIO collection 'InclusiveKinematicsDA' due to exception: JOmniFactory: Failed to get collection HadronicFinalState: round_beam_four_momentum: no match for beam momentum 5.000 GeV within 10% of any of the allowed values.
[e:0] [JEventProcessorPODIO] [error] Omitting PODIO collection 'InclusiveKinematicsESigma' due to exception: JOmniFactory: Failed to get collection HadronicFinalState: round_beam_four_momentum: no match for beam momentum 5.000 GeV within 10% of any of the allowed values.
[e:0] [JEventProcessorPODIO] [error] Omitting PODIO collection 'InclusiveKinematicsElectron' due to exception: JOmniFactory: Failed to get collection HadronicFinalState: round_beam_four_momentum: no match for beam momentum 5.000 GeV within 10% of any of the allowed values.
[e:0] [JEventProcessorPODIO] [error] Omitting PODIO collection 'InclusiveKinematicsJB' due to exception: JOmniFactory: Failed to get collection HadronicFinalState: round_beam_four_momentum: no match for beam momentum 5.000 GeV within 10% of any of the allowed values.
[e:0] [JEventProcessorPODIO] [error] Omitting PODIO collection 'InclusiveKinematicsML' due to exception: JOmniFactory: Failed to get collection InclusiveKinematicsElectron: JOmniFactory: Failed to get collection HadronicFinalState: round_beam_four_momentum: no match for beam momentum 5.000 GeV within 10% of any of the allowed values.
[e:0] [JEventProcessorPODIO] [error] Omitting PODIO collection 'InclusiveKinematicsSigma' due to exception: JOmniFactory: Failed to get collection HadronicFinalState: round_beam_four_momentum: no match for beam momentum 5.000 GeV within 10% of any of the allowed values.
[e:0] [JEventProcessorPODIO] [error] Omitting PODIO collection 'InclusiveKinematicseSigma' due to exception: JOmniFactory: Failed to get collection InclusiveKinematicsESigma: JOmniFactory: Failed to get collection HadronicFinalState: round_beam_four_momentum: no match for beam momentum 5.000 GeV within 10% of any of the allowed values.
[e:0] [JEventProcessorPODIO] [error] Omitting PODIO collection 'ReconstructedBreitFrameParticles' due to exception: JOmniFactory: Failed to get collection InclusiveKinematicsElectron: JOmniFactory: Failed to get collection HadronicFinalState: round_beam_four_momentum: no match for beam momentum 5.000 GeV within 10% of any of the allowed values.
[e:0] [JEventProcessorPODIO] [error] Omitting PODIO collection 'ReconstructedCentauroJets' due to exception: JOmniFactory: Failed to get collection ReconstructedBreitFrameParticles: JOmniFactory: Failed to get collection InclusiveKinematicsElectron: JOmniFactory: Failed to get collection HadronicFinalState: round_beam_four_momentum: no match for beam momentum 5.000 GeV within 10% of any of the allowed values.
[e:0] [FOFFMTRK:ForwardOffMRecParticles] [error] No beam protons found
[e:0] [JEventProcessorPODIO] [error] Omitting PODIO collection 'ForwardOffMRecParticles' due to exception: No beam protons found.
[e:0] [RPOTS:ForwardRomanPotRecParticles] [error] No beam protons found
[e:0] [JEventProcessorPODIO] [error] Omitting PODIO collection 'ForwardRomanPotRecParticles' due to exception: No beam protons found.
[e:0] [RPOTS:ForwardRomanPotStaticRecParticles] [error] No beam protons found
[e:0] [JEventProcessorPODIO] [error] Omitting PODIO collection 'ForwardRomanPotStaticRecParticles' due to exception: No beam protons found.
[e:0] [JEventProcessorPODIO] [error] Omitting PODIO collection 'GeneratedBreitFrameParticles' due to exception: JOmniFactory: Failed to get collection InclusiveKinematicsElectron: JOmniFactory: Failed to get collection HadronicFinalState: round_beam_four_momentum: no match for beam momentum 5.000 GeV within 10% of any of the allowed values.
[e:0] [JEventProcessorPODIO] [error] Omitting PODIO collection 'GeneratedCentauroJets' due to exception: JOmniFactory: Failed to get collection GeneratedBreitFrameParticles: JOmniFactory: Failed to get collection InclusiveKinematicsElectron: JOmniFactory: Failed to get collection HadronicFinalState: round_beam_four_momentum: no match for beam momentum 5.000 GeV within 10% of any of the allowed values.
[e:0] [JEventProcessorPODIO] [error] Omitting PODIO collection 'HadronicFinalState' due to exception: round_beam_four_momentum: no match for beam momentum 5.000 GeV within 10% of any of the allowed values.
[e:0] [JEventProcessorPODIO] [error] Omitting PODIO collection 'InclusiveKinematicsDA' due to exception: JOmniFactory: Failed to get collection HadronicFinalState: round_beam_four_momentum: no match for beam momentum 5.000 GeV within 10% of any of the allowed values.
[e:0] [JEventProcessorPODIO] [error] Omitting PODIO collection 'InclusiveKinematicsESigma' due to exception: JOmniFactory: Failed to get collection HadronicFinalState: round_beam_four_momentum: no match for beam momentum 5.000 GeV within 10% of any of the allowed values.
[e:0] [JEventProcessorPODIO] [error] Omitting PODIO collection 'InclusiveKinematicsElectron' due to exception: JOmniFactory: Failed to get collection HadronicFinalState: round_beam_four_momentum: no match for beam momentum 5.000 GeV within 10% of any of the allowed values.
[e:0] [JEventProcessorPODIO] [error] Omitting PODIO collection 'InclusiveKinematicsJB' due to exception: JOmniFactory: Failed to get collection HadronicFinalState: round_beam_four_momentum: no match for beam momentum 5.000 GeV within 10% of any of the allowed values.
[e:0] [JEventProcessorPODIO] [error] Omitting PODIO collection 'InclusiveKinematicsML' due to exception: JOmniFactory: Failed to get collection InclusiveKinematicsElectron: JOmniFactory: Failed to get collection HadronicFinalState: round_beam_four_momentum: no match for beam momentum 5.000 GeV within 10% of any of the allowed values.
[e:0] [JEventProcessorPODIO] [error] Omitting PODIO collection 'InclusiveKinematicsSigma' due to exception: JOmniFactory: Failed to get collection HadronicFinalState: round_beam_four_momentum: no match for beam momentum 5.000 GeV within 10% of any of the allowed values.
[e:0] [JEventProcessorPODIO] [error] Omitting PODIO collection 'InclusiveKinematicseSigma' due to exception: JOmniFactory: Failed to get collection InclusiveKinematicsESigma: JOmniFactory: Failed to get collection HadronicFinalState: round_beam_four_momentum: no match for beam momentum 5.000 GeV within 10% of any of the allowed values.
[e:0] [JEventProcessorPODIO] [error] Omitting PODIO collection 'ReconstructedBreitFrameParticles' due to exception: JOmniFactory: Failed to get collection InclusiveKinematicsElectron: JOmniFactory: Failed to get collection HadronicFinalState: round_beam_four_momentum: no match for beam momentum 5.000 GeV within 10% of any of the allowed values.
[e:0] [JEventProcessorPODIO] [error] Omitting PODIO collection 'ReconstructedCentauroJets' due to exception: JOmniFactory: Failed to get collection ReconstructedBreitFrameParticles: JOmniFactory: Failed to get collection InclusiveKinematicsElectron: JOmniFactory: Failed to get collection HadronicFinalState: round_beam_four_momentum: no match for beam momentum 5.000 GeV within 10% of any of the allowed values.
11:12:56.890  [info] Status: 68 events processed at 11.9 Hz (10.4 Hz avg)
[e:0] [LUMISPECCAL:EcalLumiSpecTruthClustersWithoutShapes] [warning] zero total weights encountered, you may want to adjust your weighting parameter.
[e:0] [FOFFMTRK:ForwardOffMRecParticles] [error] No beam protons found
[e:0] [JEventProcessorPODIO] [error] Omitting PODIO collection 'ForwardOffMRecParticles' due to exception: No beam protons found.
[e:0] [RPOTS:ForwardRomanPotRecParticles] [error] No beam protons found
[e:0] [JEventProcessorPODIO] [error] Omitting PODIO collection 'ForwardRomanPotRecParticles' due to exception: No beam protons found.
[e:0] [RPOTS:ForwardRomanPotStaticRecParticles] [error] No beam protons found
[e:0] [JEventProcessorPODIO] [error] Omitting PODIO collection 'ForwardRomanPotStaticRecParticles' due to exception: No beam protons found.
[e:0] [JEventProcessorPODIO] [error] Omitting PODIO collection 'GeneratedBreitFrameParticles' due to exception: JOmniFactory: Failed to get collection InclusiveKinematicsElectron: JOmniFactory: Failed to get collection HadronicFinalState: round_beam_four_momentum: no match for beam momentum 5.000 GeV within 10% of any of the allowed values.
[e:0] [JEventProcessorPODIO] [error] Omitting PODIO collection 'GeneratedCentauroJets' due to exception: JOmniFactory: Failed to get collection GeneratedBreitFrameParticles: JOmniFactory: Failed to get collection InclusiveKinematicsElectron: JOmniFactory: Failed to get collection HadronicFinalState: round_beam_four_momentum: no match for beam momentum 5.000 GeV within 10% of any of the allowed values.
[e:0] [JEventProcessorPODIO] [error] Omitting PODIO collection 'HadronicFinalState' due to exception: round_beam_four_momentum: no match for beam momentum 5.000 GeV within 10% of any of the allowed values.
[e:0] [JEventProcessorPODIO] [error] Omitting PODIO collection 'InclusiveKinematicsDA' due to exception: JOmniFactory: Failed to get collection HadronicFinalState: round_beam_four_momentum: no match for beam momentum 5.000 GeV within 10% of any of the allowed values.
[e:0] [JEventProcessorPODIO] [error] Omitting PODIO collection 'InclusiveKinematicsESigma' due to exception: JOmniFactory: Failed to get collection HadronicFinalState: round_beam_four_momentum: no match for beam momentum 5.000 GeV within 10% of any of the allowed values.
[e:0] [JEventProcessorPODIO] [error] Omitting PODIO collection 'InclusiveKinematicsElectron' due to exception: JOmniFactory: Failed to get collection HadronicFinalState: round_beam_four_momentum: no match for beam momentum 5.000 GeV within 10% of any of the allowed values.
[e:0] [JEventProcessorPODIO] [error] Omitting PODIO collection 'InclusiveKinematicsJB' due to exception: JOmniFactory: Failed to get collection HadronicFinalState: round_beam_four_momentum: no match for beam momentum 5.000 GeV within 10% of any of the allowed values.
[e:0] [JEventProcessorPODIO] [error] Omitting PODIO collection 'InclusiveKinematicsML' due to exception: JOmniFactory: Failed to get collection InclusiveKinematicsElectron: JOmniFactory: Failed to get collection HadronicFinalState: round_beam_four_momentum: no match for beam momentum 5.000 GeV within 10% of any of the allowed values.
[e:0] [JEventProcessorPODIO] [error] Omitting PODIO collection 'InclusiveKinematicsSigma' due to exception: JOmniFactory: Failed to get collection HadronicFinalState: round_beam_four_momentum: no match for beam momentum 5.000 GeV within 10% of any of the allowed values.
[e:0] [JEventProcessorPODIO] [error] Omitting PODIO collection 'InclusiveKinematicseSigma' due to exception: JOmniFactory: Failed to get collection InclusiveKinematicsESigma: JOmniFactory: Failed to get collection HadronicFinalState: round_beam_four_momentum: no match for beam momentum 5.000 GeV within 10% of any of the allowed values.
[e:0] [JEventProcessorPODIO] [error] Omitting PODIO collection 'ReconstructedBreitFrameParticles' due to exception: JOmniFactory: Failed to get collection InclusiveKinematicsElectron: JOmniFactory: Failed to get collection HadronicFinalState: round_beam_four_momentum: no match for beam momentum 5.000 GeV within 10% of any of the allowed values.
[e:0] [JEventProcessorPODIO] [error] Omitting PODIO collection 'ReconstructedCentauroJets' due to exception: JOmniFactory: Failed to get collection ReconstructedBreitFrameParticles: JOmniFactory: Failed to get collection InclusiveKinematicsElectron: JOmniFactory: Failed to get collection HadronicFinalState: round_beam_four_momentum: no match for beam momentum 5.000 GeV within 10% of any of the allowed values.
[e:0] [FOFFMTRK:ForwardOffMRecParticles] [error] No beam protons found
[e:0] [JEventProcessorPODIO] [error] Omitting PODIO collection 'ForwardOffMRecParticles' due to exception: No beam protons found.
[e:0] [RPOTS:ForwardRomanPotRecParticles] [error] No beam protons found
[e:0] [JEventProcessorPODIO] [error] Omitting PODIO collection 'ForwardRomanPotRecParticles' due to exception: No beam protons found.
[e:0] [RPOTS:ForwardRomanPotStaticRecParticles] [error] No beam protons found
[e:0] [JEventProcessorPODIO] [error] Omitting PODIO collection 'ForwardRomanPotStaticRecParticles' due to exception: No beam protons found.
[e:0] [JEventProcessorPODIO] [error] Omitting PODIO collection 'GeneratedBreitFrameParticles' due to exception: JOmniFactory: Failed to get collection InclusiveKinematicsElectron: JOmniFactory: Failed to get collection HadronicFinalState: round_beam_four_momentum: no match for beam momentum 5.000 GeV within 10% of any of the allowed values.
[e:0] [JEventProcessorPODIO] [error] Omitting PODIO collection 'GeneratedCentauroJets' due to exception: JOmniFactory: Failed to get collection GeneratedBreitFrameParticles: JOmniFactory: Failed to get collection InclusiveKinematicsElectron: JOmniFactory: Failed to get collection HadronicFinalState: round_beam_four_momentum: no match for beam momentum 5.000 GeV within 10% of any of the allowed values.
[e:0] [JEventProcessorPODIO] [error] Omitting PODIO collection 'HadronicFinalState' due to exception: round_beam_four_momentum: no match for beam momentum 5.000 GeV within 10% of any of the allowed values.
[e:0] [JEventProcessorPODIO] [error] Omitting PODIO collection 'InclusiveKinematicsDA' due to exception: JOmniFactory: Failed to get collection HadronicFinalState: round_beam_four_momentum: no match for beam momentum 5.000 GeV within 10% of any of the allowed values.
[e:0] [JEventProcessorPODIO] [error] Omitting PODIO collection 'InclusiveKinematicsESigma' due to exception: JOmniFactory: Failed to get collection HadronicFinalState: round_beam_four_momentum: no match for beam momentum 5.000 GeV within 10% of any of the allowed values.
[e:0] [JEventProcessorPODIO] [error] Omitting PODIO collection 'InclusiveKinematicsElectron' due to exception: JOmniFactory: Failed to get collection HadronicFinalState: round_beam_four_momentum: no match for beam momentum 5.000 GeV within 10% of any of the allowed values.
[e:0] [JEventProcessorPODIO] [error] Omitting PODIO collection 'InclusiveKinematicsJB' due to exception: JOmniFactory: Failed to get collection HadronicFinalState: round_beam_four_momentum: no match for beam momentum 5.000 GeV within 10% of any of the allowed values.
[e:0] [JEventProcessorPODIO] [error] Omitting PODIO collection 'InclusiveKinematicsML' due to exception: JOmniFactory: Failed to get collection InclusiveKinematicsElectron: JOmniFactory: Failed to get collection HadronicFinalState: round_beam_four_momentum: no match for beam momentum 5.000 GeV within 10% of any of the allowed values.
[e:0] [JEventProcessorPODIO] [error] Omitting PODIO collection 'InclusiveKinematicsSigma' due to exception: JOmniFactory: Failed to get collection HadronicFinalState: round_beam_four_momentum: no match for beam momentum 5.000 GeV within 10% of any of the allowed values.
[e:0] [JEventProcessorPODIO] [error] Omitting PODIO collection 'InclusiveKinematicseSigma' due to exception: JOmniFactory: Failed to get collection InclusiveKinematicsESigma: JOmniFactory: Failed to get collection HadronicFinalState: round_beam_four_momentum: no match for beam momentum 5.000 GeV within 10% of any of the allowed values.
[e:0] [JEventProcessorPODIO] [error] Omitting PODIO collection 'ReconstructedBreitFrameParticles' due to exception: JOmniFactory: Failed to get collection InclusiveKinematicsElectron: JOmniFactory: Failed to get collection HadronicFinalState: round_beam_four_momentum: no match for beam momentum 5.000 GeV within 10% of any of the allowed values.
[e:0] [JEventProcessorPODIO] [error] Omitting PODIO collection 'ReconstructedCentauroJets' due to exception: JOmniFactory: Failed to get collection ReconstructedBreitFrameParticles: JOmniFactory: Failed to get collection InclusiveKinematicsElectron: JOmniFactory: Failed to get collection HadronicFinalState: round_beam_four_momentum: no match for beam momentum 5.000 GeV within 10% of any of the allowed values.
[e:0] [FOFFMTRK:ForwardOffMRecParticles] [error] No beam protons found
[e:0] [JEventProcessorPODIO] [error] Omitting PODIO collection 'ForwardOffMRecParticles' due to exception: No beam protons found.
[e:0] [RPOTS:ForwardRomanPotRecParticles] [error] No beam protons found
[e:0] [JEventProcessorPODIO] [error] Omitting PODIO collection 'ForwardRomanPotRecParticles' due to exception: No beam protons found.
[e:0] [RPOTS:ForwardRomanPotStaticRecParticles] [error] No beam protons found
[e:0] [JEventProcessorPODIO] [error] Omitting PODIO collection 'ForwardRomanPotStaticRecParticles' due to exception: No beam protons found.
[e:0] [JEventProcessorPODIO] [error] Omitting PODIO collection 'GeneratedBreitFrameParticles' due to exception: JOmniFactory: Failed to get collection InclusiveKinematicsElectron: JOmniFactory: Failed to get collection HadronicFinalState: round_beam_four_momentum: no match for beam momentum 5.000 GeV within 10% of any of the allowed values.
[e:0] [JEventProcessorPODIO] [error] Omitting PODIO collection 'GeneratedCentauroJets' due to exception: JOmniFactory: Failed to get collection GeneratedBreitFrameParticles: JOmniFactory: Failed to get collection InclusiveKinematicsElectron: JOmniFactory: Failed to get collection HadronicFinalState: round_beam_four_momentum: no match for beam momentum 5.000 GeV within 10% of any of the allowed values.
[e:0] [JEventProcessorPODIO] [error] Omitting PODIO collection 'HadronicFinalState' due to exception: round_beam_four_momentum: no match for beam momentum 5.000 GeV within 10% of any of the allowed values.
[e:0] [JEventProcessorPODIO] [error] Omitting PODIO collection 'InclusiveKinematicsDA' due to exception: JOmniFactory: Failed to get collection HadronicFinalState: round_beam_four_momentum: no match for beam momentum 5.000 GeV within 10% of any of the allowed values.
[e:0] [JEventProcessorPODIO] [error] Omitting PODIO collection 'InclusiveKinematicsESigma' due to exception: JOmniFactory: Failed to get collection HadronicFinalState: round_beam_four_momentum: no match for beam momentum 5.000 GeV within 10% of any of the allowed values.
[e:0] [JEventProcessorPODIO] [error] Omitting PODIO collection 'InclusiveKinematicsElectron' due to exception: JOmniFactory: Failed to get collection HadronicFinalState: round_beam_four_momentum: no match for beam momentum 5.000 GeV within 10% of any of the allowed values.
[e:0] [JEventProcessorPODIO] [error] Omitting PODIO collection 'InclusiveKinematicsJB' due to exception: JOmniFactory: Failed to get collection HadronicFinalState: round_beam_four_momentum: no match for beam momentum 5.000 GeV within 10% of any of the allowed values.
[e:0] [JEventProcessorPODIO] [error] Omitting PODIO collection 'InclusiveKinematicsML' due to exception: JOmniFactory: Failed to get collection InclusiveKinematicsElectron: JOmniFactory: Failed to get collection HadronicFinalState: round_beam_four_momentum: no match for beam momentum 5.000 GeV within 10% of any of the allowed values.
[e:0] [JEventProcessorPODIO] [error] Omitting PODIO collection 'InclusiveKinematicsSigma' due to exception: JOmniFactory: Failed to get collection HadronicFinalState: round_beam_four_momentum: no match for beam momentum 5.000 GeV within 10% of any of the allowed values.
[e:0] [JEventProcessorPODIO] [error] Omitting PODIO collection 'InclusiveKinematicseSigma' due to exception: JOmniFactory: Failed to get collection InclusiveKinematicsESigma: JOmniFactory: Failed to get collection HadronicFinalState: round_beam_four_momentum: no match for beam momentum 5.000 GeV within 10% of any of the allowed values.
[e:0] [JEventProcessorPODIO] [error] Omitting PODIO collection 'ReconstructedBreitFrameParticles' due to exception: JOmniFactory: Failed to get collection InclusiveKinematicsElectron: JOmniFactory: Failed to get collection HadronicFinalState: round_beam_four_momentum: no match for beam momentum 5.000 GeV within 10% of any of the allowed values.
[e:0] [JEventProcessorPODIO] [error] Omitting PODIO collection 'ReconstructedCentauroJets' due to exception: JOmniFactory: Failed to get collection ReconstructedBreitFrameParticles: JOmniFactory: Failed to get collection InclusiveKinematicsElectron: JOmniFactory: Failed to get collection HadronicFinalState: round_beam_four_momentum: no match for beam momentum 5.000 GeV within 10% of any of the allowed values.
[e:0] [FOFFMTRK:ForwardOffMRecParticles] [error] No beam protons found
[e:0] [JEventProcessorPODIO] [error] Omitting PODIO collection 'ForwardOffMRecParticles' due to exception: No beam protons found.
[e:0] [RPOTS:ForwardRomanPotRecParticles] [error] No beam protons found
[e:0] [JEventProcessorPODIO] [error] Omitting PODIO collection 'ForwardRomanPotRecParticles' due to exception: No beam protons found.
[e:0] [RPOTS:ForwardRomanPotStaticRecParticles] [error] No beam protons found
[e:0] [JEventProcessorPODIO] [error] Omitting PODIO collection 'ForwardRomanPotStaticRecParticles' due to exception: No beam protons found.
[e:0] [JEventProcessorPODIO] [error] Omitting PODIO collection 'GeneratedBreitFrameParticles' due to exception: JOmniFactory: Failed to get collection InclusiveKinematicsElectron: JOmniFactory: Failed to get collection HadronicFinalState: round_beam_four_momentum: no match for beam momentum 5.000 GeV within 10% of any of the allowed values.
[e:0] [JEventProcessorPODIO] [error] Omitting PODIO collection 'GeneratedCentauroJets' due to exception: JOmniFactory: Failed to get collection GeneratedBreitFrameParticles: JOmniFactory: Failed to get collection InclusiveKinematicsElectron: JOmniFactory: Failed to get collection HadronicFinalState: round_beam_four_momentum: no match for beam momentum 5.000 GeV within 10% of any of the allowed values.
[e:0] [JEventProcessorPODIO] [error] Omitting PODIO collection 'HadronicFinalState' due to exception: round_beam_four_momentum: no match for beam momentum 5.000 GeV within 10% of any of the allowed values.
[e:0] [JEventProcessorPODIO] [error] Omitting PODIO collection 'InclusiveKinematicsDA' due to exception: JOmniFactory: Failed to get collection HadronicFinalState: round_beam_four_momentum: no match for beam momentum 5.000 GeV within 10% of any of the allowed values.
[e:0] [JEventProcessorPODIO] [error] Omitting PODIO collection 'InclusiveKinematicsESigma' due to exception: JOmniFactory: Failed to get collection HadronicFinalState: round_beam_four_momentum: no match for beam momentum 5.000 GeV within 10% of any of the allowed values.
[e:0] [JEventProcessorPODIO] [error] Omitting PODIO collection 'InclusiveKinematicsElectron' due to exception: JOmniFactory: Failed to get collection HadronicFinalState: round_beam_four_momentum: no match for beam momentum 5.000 GeV within 10% of any of the allowed values.
[e:0] [JEventProcessorPODIO] [error] Omitting PODIO collection 'InclusiveKinematicsJB' due to exception: JOmniFactory: Failed to get collection HadronicFinalState: round_beam_four_momentum: no match for beam momentum 5.000 GeV within 10% of any of the allowed values.
[e:0] [JEventProcessorPODIO] [error] Omitting PODIO collection 'InclusiveKinematicsML' due to exception: JOmniFactory: Failed to get collection InclusiveKinematicsElectron: JOmniFactory: Failed to get collection HadronicFinalState: round_beam_four_momentum: no match for beam momentum 5.000 GeV within 10% of any of the allowed values.
[e:0] [JEventProcessorPODIO] [error] Omitting PODIO collection 'InclusiveKinematicsSigma' due to exception: JOmniFactory: Failed to get collection HadronicFinalState: round_beam_four_momentum: no match for beam momentum 5.000 GeV within 10% of any of the allowed values.
[e:0] [JEventProcessorPODIO] [error] Omitting PODIO collection 'InclusiveKinematicseSigma' due to exception: JOmniFactory: Failed to get collection InclusiveKinematicsESigma: JOmniFactory: Failed to get collection HadronicFinalState: round_beam_four_momentum: no match for beam momentum 5.000 GeV within 10% of any of the allowed values.
[e:0] [JEventProcessorPODIO] [error] Omitting PODIO collection 'ReconstructedBreitFrameParticles' due to exception: JOmniFactory: Failed to get collection InclusiveKinematicsElectron: JOmniFactory: Failed to get collection HadronicFinalState: round_beam_four_momentum: no match for beam momentum 5.000 GeV within 10% of any of the allowed values.
[e:0] [JEventProcessorPODIO] [error] Omitting PODIO collection 'ReconstructedCentauroJets' due to exception: JOmniFactory: Failed to get collection ReconstructedBreitFrameParticles: JOmniFactory: Failed to get collection InclusiveKinematicsElectron: JOmniFactory: Failed to get collection HadronicFinalState: round_beam_four_momentum: no match for beam momentum 5.000 GeV within 10% of any of the allowed values.
[e:0] [FOFFMTRK:ForwardOffMRecParticles] [error] No beam protons found
[e:0] [JEventProcessorPODIO] [error] Omitting PODIO collection 'ForwardOffMRecParticles' due to exception: No beam protons found.
[e:0] [RPOTS:ForwardRomanPotRecParticles] [error] No beam protons found
[e:0] [JEventProcessorPODIO] [error] Omitting PODIO collection 'ForwardRomanPotRecParticles' due to exception: No beam protons found.
[e:0] [RPOTS:ForwardRomanPotStaticRecParticles] [error] No beam protons found
[e:0] [JEventProcessorPODIO] [error] Omitting PODIO collection 'ForwardRomanPotStaticRecParticles' due to exception: No beam protons found.
[e:0] [JEventProcessorPODIO] [error] Omitting PODIO collection 'GeneratedBreitFrameParticles' due to exception: JOmniFactory: Failed to get collection InclusiveKinematicsElectron: JOmniFactory: Failed to get collection HadronicFinalState: round_beam_four_momentum: no match for beam momentum 5.000 GeV within 10% of any of the allowed values.
[e:0] [JEventProcessorPODIO] [error] Omitting PODIO collection 'GeneratedCentauroJets' due to exception: JOmniFactory: Failed to get collection GeneratedBreitFrameParticles: JOmniFactory: Failed to get collection InclusiveKinematicsElectron: JOmniFactory: Failed to get collection HadronicFinalState: round_beam_four_momentum: no match for beam momentum 5.000 GeV within 10% of any of the allowed values.
[e:0] [JEventProcessorPODIO] [error] Omitting PODIO collection 'HadronicFinalState' due to exception: round_beam_four_momentum: no match for beam momentum 5.000 GeV within 10% of any of the allowed values.
[e:0] [JEventProcessorPODIO] [error] Omitting PODIO collection 'InclusiveKinematicsDA' due to exception: JOmniFactory: Failed to get collection HadronicFinalState: round_beam_four_momentum: no match for beam momentum 5.000 GeV within 10% of any of the allowed values.
[e:0] [JEventProcessorPODIO] [error] Omitting PODIO collection 'InclusiveKinematicsESigma' due to exception: JOmniFactory: Failed to get collection HadronicFinalState: round_beam_four_momentum: no match for beam momentum 5.000 GeV within 10% of any of the allowed values.
[e:0] [JEventProcessorPODIO] [error] Omitting PODIO collection 'InclusiveKinematicsElectron' due to exception: JOmniFactory: Failed to get collection HadronicFinalState: round_beam_four_momentum: no match for beam momentum 5.000 GeV within 10% of any of the allowed values.
[e:0] [JEventProcessorPODIO] [error] Omitting PODIO collection 'InclusiveKinematicsJB' due to exception: JOmniFactory: Failed to get collection HadronicFinalState: round_beam_four_momentum: no match for beam momentum 5.000 GeV within 10% of any of the allowed values.
[e:0] [JEventProcessorPODIO] [error] Omitting PODIO collection 'InclusiveKinematicsML' due to exception: JOmniFactory: Failed to get collection InclusiveKinematicsElectron: JOmniFactory: Failed to get collection HadronicFinalState: round_beam_four_momentum: no match for beam momentum 5.000 GeV within 10% of any of the allowed values.
[e:0] [JEventProcessorPODIO] [error] Omitting PODIO collection 'InclusiveKinematicsSigma' due to exception: JOmniFactory: Failed to get collection HadronicFinalState: round_beam_four_momentum: no match for beam momentum 5.000 GeV within 10% of any of the allowed values.
[e:0] [JEventProcessorPODIO] [error] Omitting PODIO collection 'InclusiveKinematicseSigma' due to exception: JOmniFactory: Failed to get collection InclusiveKinematicsESigma: JOmniFactory: Failed to get collection HadronicFinalState: round_beam_four_momentum: no match for beam momentum 5.000 GeV within 10% of any of the allowed values.
[e:0] [JEventProcessorPODIO] [error] Omitting PODIO collection 'ReconstructedBreitFrameParticles' due to exception: JOmniFactory: Failed to get collection InclusiveKinematicsElectron: JOmniFactory: Failed to get collection HadronicFinalState: round_beam_four_momentum: no match for beam momentum 5.000 GeV within 10% of any of the allowed values.
[e:0] [JEventProcessorPODIO] [error] Omitting PODIO collection 'ReconstructedCentauroJets' due to exception: JOmniFactory: Failed to get collection ReconstructedBreitFrameParticles: JOmniFactory: Failed to get collection InclusiveKinematicsElectron: JOmniFactory: Failed to get collection HadronicFinalState: round_beam_four_momentum: no match for beam momentum 5.000 GeV within 10% of any of the allowed values.
[e:0] [FOFFMTRK:ForwardOffMRecParticles] [error] No beam protons found
[e:0] [JEventProcessorPODIO] [error] Omitting PODIO collection 'ForwardOffMRecParticles' due to exception: No beam protons found.
[e:0] [RPOTS:ForwardRomanPotRecParticles] [error] No beam protons found
[e:0] [JEventProcessorPODIO] [error] Omitting PODIO collection 'ForwardRomanPotRecParticles' due to exception: No beam protons found.
[e:0] [RPOTS:ForwardRomanPotStaticRecParticles] [error] No beam protons found
[e:0] [JEventProcessorPODIO] [error] Omitting PODIO collection 'ForwardRomanPotStaticRecParticles' due to exception: No beam protons found.
[e:0] [JEventProcessorPODIO] [error] Omitting PODIO collection 'GeneratedBreitFrameParticles' due to exception: JOmniFactory: Failed to get collection InclusiveKinematicsElectron: JOmniFactory: Failed to get collection HadronicFinalState: round_beam_four_momentum: no match for beam momentum 5.000 GeV within 10% of any of the allowed values.
[e:0] [JEventProcessorPODIO] [error] Omitting PODIO collection 'GeneratedCentauroJets' due to exception: JOmniFactory: Failed to get collection GeneratedBreitFrameParticles: JOmniFactory: Failed to get collection InclusiveKinematicsElectron: JOmniFactory: Failed to get collection HadronicFinalState: round_beam_four_momentum: no match for beam momentum 5.000 GeV within 10% of any of the allowed values.
[e:0] [JEventProcessorPODIO] [error] Omitting PODIO collection 'HadronicFinalState' due to exception: round_beam_four_momentum: no match for beam momentum 5.000 GeV within 10% of any of the allowed values.
[e:0] [JEventProcessorPODIO] [error] Omitting PODIO collection 'InclusiveKinematicsDA' due to exception: JOmniFactory: Failed to get collection HadronicFinalState: round_beam_four_momentum: no match for beam momentum 5.000 GeV within 10% of any of the allowed values.
[e:0] [JEventProcessorPODIO] [error] Omitting PODIO collection 'InclusiveKinematicsESigma' due to exception: JOmniFactory: Failed to get collection HadronicFinalState: round_beam_four_momentum: no match for beam momentum 5.000 GeV within 10% of any of the allowed values.
[e:0] [JEventProcessorPODIO] [error] Omitting PODIO collection 'InclusiveKinematicsElectron' due to exception: JOmniFactory: Failed to get collection HadronicFinalState: round_beam_four_momentum: no match for beam momentum 5.000 GeV within 10% of any of the allowed values.
[e:0] [JEventProcessorPODIO] [error] Omitting PODIO collection 'InclusiveKinematicsJB' due to exception: JOmniFactory: Failed to get collection HadronicFinalState: round_beam_four_momentum: no match for beam momentum 5.000 GeV within 10% of any of the allowed values.
[e:0] [JEventProcessorPODIO] [error] Omitting PODIO collection 'InclusiveKinematicsML' due to exception: JOmniFactory: Failed to get collection InclusiveKinematicsElectron: JOmniFactory: Failed to get collection HadronicFinalState: round_beam_four_momentum: no match for beam momentum 5.000 GeV within 10% of any of the allowed values.
[e:0] [JEventProcessorPODIO] [error] Omitting PODIO collection 'InclusiveKinematicsSigma' due to exception: JOmniFactory: Failed to get collection HadronicFinalState: round_beam_four_momentum: no match for beam momentum 5.000 GeV within 10% of any of the allowed values.
[e:0] [JEventProcessorPODIO] [error] Omitting PODIO collection 'InclusiveKinematicseSigma' due to exception: JOmniFactory: Failed to get collection InclusiveKinematicsESigma: JOmniFactory: Failed to get collection HadronicFinalState: round_beam_four_momentum: no match for beam momentum 5.000 GeV within 10% of any of the allowed values.
[e:0] [JEventProcessorPODIO] [error] Omitting PODIO collection 'ReconstructedBreitFrameParticles' due to exception: JOmniFactory: Failed to get collection InclusiveKinematicsElectron: JOmniFactory: Failed to get collection HadronicFinalState: round_beam_four_momentum: no match for beam momentum 5.000 GeV within 10% of any of the allowed values.
[e:0] [JEventProcessorPODIO] [error] Omitting PODIO collection 'ReconstructedCentauroJets' due to exception: JOmniFactory: Failed to get collection ReconstructedBreitFrameParticles: JOmniFactory: Failed to get collection InclusiveKinematicsElectron: JOmniFactory: Failed to get collection HadronicFinalState: round_beam_four_momentum: no match for beam momentum 5.000 GeV within 10% of any of the allowed values.
11:12:57.391  [info] Status: 74 events processed at 12.0 Hz (10.6 Hz avg)
[e:0] [FOFFMTRK:ForwardOffMRecParticles] [error] No beam protons found
[e:0] [JEventProcessorPODIO] [error] Omitting PODIO collection 'ForwardOffMRecParticles' due to exception: No beam protons found.
[e:0] [RPOTS:ForwardRomanPotRecParticles] [error] No beam protons found
[e:0] [JEventProcessorPODIO] [error] Omitting PODIO collection 'ForwardRomanPotRecParticles' due to exception: No beam protons found.
[e:0] [RPOTS:ForwardRomanPotStaticRecParticles] [error] No beam protons found
[e:0] [JEventProcessorPODIO] [error] Omitting PODIO collection 'ForwardRomanPotStaticRecParticles' due to exception: No beam protons found.
[e:0] [JEventProcessorPODIO] [error] Omitting PODIO collection 'GeneratedBreitFrameParticles' due to exception: JOmniFactory: Failed to get collection InclusiveKinematicsElectron: JOmniFactory: Failed to get collection HadronicFinalState: round_beam_four_momentum: no match for beam momentum 5.000 GeV within 10% of any of the allowed values.
[e:0] [JEventProcessorPODIO] [error] Omitting PODIO collection 'GeneratedCentauroJets' due to exception: JOmniFactory: Failed to get collection GeneratedBreitFrameParticles: JOmniFactory: Failed to get collection InclusiveKinematicsElectron: JOmniFactory: Failed to get collection HadronicFinalState: round_beam_four_momentum: no match for beam momentum 5.000 GeV within 10% of any of the allowed values.
[e:0] [JEventProcessorPODIO] [error] Omitting PODIO collection 'HadronicFinalState' due to exception: round_beam_four_momentum: no match for beam momentum 5.000 GeV within 10% of any of the allowed values.
[e:0] [JEventProcessorPODIO] [error] Omitting PODIO collection 'InclusiveKinematicsDA' due to exception: JOmniFactory: Failed to get collection HadronicFinalState: round_beam_four_momentum: no match for beam momentum 5.000 GeV within 10% of any of the allowed values.
[e:0] [JEventProcessorPODIO] [error] Omitting PODIO collection 'InclusiveKinematicsESigma' due to exception: JOmniFactory: Failed to get collection HadronicFinalState: round_beam_four_momentum: no match for beam momentum 5.000 GeV within 10% of any of the allowed values.
[e:0] [JEventProcessorPODIO] [error] Omitting PODIO collection 'InclusiveKinematicsElectron' due to exception: JOmniFactory: Failed to get collection HadronicFinalState: round_beam_four_momentum: no match for beam momentum 5.000 GeV within 10% of any of the allowed values.
[e:0] [JEventProcessorPODIO] [error] Omitting PODIO collection 'InclusiveKinematicsJB' due to exception: JOmniFactory: Failed to get collection HadronicFinalState: round_beam_four_momentum: no match for beam momentum 5.000 GeV within 10% of any of the allowed values.
[e:0] [JEventProcessorPODIO] [error] Omitting PODIO collection 'InclusiveKinematicsML' due to exception: JOmniFactory: Failed to get collection InclusiveKinematicsElectron: JOmniFactory: Failed to get collection HadronicFinalState: round_beam_four_momentum: no match for beam momentum 5.000 GeV within 10% of any of the allowed values.
[e:0] [JEventProcessorPODIO] [error] Omitting PODIO collection 'InclusiveKinematicsSigma' due to exception: JOmniFactory: Failed to get collection HadronicFinalState: round_beam_four_momentum: no match for beam momentum 5.000 GeV within 10% of any of the allowed values.
[e:0] [JEventProcessorPODIO] [error] Omitting PODIO collection 'InclusiveKinematicseSigma' due to exception: JOmniFactory: Failed to get collection InclusiveKinematicsESigma: JOmniFactory: Failed to get collection HadronicFinalState: round_beam_four_momentum: no match for beam momentum 5.000 GeV within 10% of any of the allowed values.
[e:0] [JEventProcessorPODIO] [error] Omitting PODIO collection 'ReconstructedBreitFrameParticles' due to exception: JOmniFactory: Failed to get collection InclusiveKinematicsElectron: JOmniFactory: Failed to get collection HadronicFinalState: round_beam_four_momentum: no match for beam momentum 5.000 GeV within 10% of any of the allowed values.
[e:0] [JEventProcessorPODIO] [error] Omitting PODIO collection 'ReconstructedCentauroJets' due to exception: JOmniFactory: Failed to get collection ReconstructedBreitFrameParticles: JOmniFactory: Failed to get collection InclusiveKinematicsElectron: JOmniFactory: Failed to get collection HadronicFinalState: round_beam_four_momentum: no match for beam momentum 5.000 GeV within 10% of any of the allowed values.
[e:0] [FOFFMTRK:ForwardOffMRecParticles] [error] No beam protons found
[e:0] [JEventProcessorPODIO] [error] Omitting PODIO collection 'ForwardOffMRecParticles' due to exception: No beam protons found.
[e:0] [RPOTS:ForwardRomanPotRecParticles] [error] No beam protons found
[e:0] [JEventProcessorPODIO] [error] Omitting PODIO collection 'ForwardRomanPotRecParticles' due to exception: No beam protons found.
[e:0] [RPOTS:ForwardRomanPotStaticRecParticles] [error] No beam protons found
[e:0] [JEventProcessorPODIO] [error] Omitting PODIO collection 'ForwardRomanPotStaticRecParticles' due to exception: No beam protons found.
[e:0] [JEventProcessorPODIO] [error] Omitting PODIO collection 'GeneratedBreitFrameParticles' due to exception: JOmniFactory: Failed to get collection InclusiveKinematicsElectron: JOmniFactory: Failed to get collection HadronicFinalState: round_beam_four_momentum: no match for beam momentum 5.000 GeV within 10% of any of the allowed values.
[e:0] [JEventProcessorPODIO] [error] Omitting PODIO collection 'GeneratedCentauroJets' due to exception: JOmniFactory: Failed to get collection GeneratedBreitFrameParticles: JOmniFactory: Failed to get collection InclusiveKinematicsElectron: JOmniFactory: Failed to get collection HadronicFinalState: round_beam_four_momentum: no match for beam momentum 5.000 GeV within 10% of any of the allowed values.
[e:0] [JEventProcessorPODIO] [error] Omitting PODIO collection 'HadronicFinalState' due to exception: round_beam_four_momentum: no match for beam momentum 5.000 GeV within 10% of any of the allowed values.
[e:0] [JEventProcessorPODIO] [error] Omitting PODIO collection 'InclusiveKinematicsDA' due to exception: JOmniFactory: Failed to get collection HadronicFinalState: round_beam_four_momentum: no match for beam momentum 5.000 GeV within 10% of any of the allowed values.
[e:0] [JEventProcessorPODIO] [error] Omitting PODIO collection 'InclusiveKinematicsESigma' due to exception: JOmniFactory: Failed to get collection HadronicFinalState: round_beam_four_momentum: no match for beam momentum 5.000 GeV within 10% of any of the allowed values.
[e:0] [JEventProcessorPODIO] [error] Omitting PODIO collection 'InclusiveKinematicsElectron' due to exception: JOmniFactory: Failed to get collection HadronicFinalState: round_beam_four_momentum: no match for beam momentum 5.000 GeV within 10% of any of the allowed values.
[e:0] [JEventProcessorPODIO] [error] Omitting PODIO collection 'InclusiveKinematicsJB' due to exception: JOmniFactory: Failed to get collection HadronicFinalState: round_beam_four_momentum: no match for beam momentum 5.000 GeV within 10% of any of the allowed values.
[e:0] [JEventProcessorPODIO] [error] Omitting PODIO collection 'InclusiveKinematicsML' due to exception: JOmniFactory: Failed to get collection InclusiveKinematicsElectron: JOmniFactory: Failed to get collection HadronicFinalState: round_beam_four_momentum: no match for beam momentum 5.000 GeV within 10% of any of the allowed values.
[e:0] [JEventProcessorPODIO] [error] Omitting PODIO collection 'InclusiveKinematicsSigma' due to exception: JOmniFactory: Failed to get collection HadronicFinalState: round_beam_four_momentum: no match for beam momentum 5.000 GeV within 10% of any of the allowed values.
[e:0] [JEventProcessorPODIO] [error] Omitting PODIO collection 'InclusiveKinematicseSigma' due to exception: JOmniFactory: Failed to get collection InclusiveKinematicsESigma: JOmniFactory: Failed to get collection HadronicFinalState: round_beam_four_momentum: no match for beam momentum 5.000 GeV within 10% of any of the allowed values.
[e:0] [JEventProcessorPODIO] [error] Omitting PODIO collection 'ReconstructedBreitFrameParticles' due to exception: JOmniFactory: Failed to get collection InclusiveKinematicsElectron: JOmniFactory: Failed to get collection HadronicFinalState: round_beam_four_momentum: no match for beam momentum 5.000 GeV within 10% of any of the allowed values.
[e:0] [JEventProcessorPODIO] [error] Omitting PODIO collection 'ReconstructedCentauroJets' due to exception: JOmniFactory: Failed to get collection ReconstructedBreitFrameParticles: JOmniFactory: Failed to get collection InclusiveKinematicsElectron: JOmniFactory: Failed to get collection HadronicFinalState: round_beam_four_momentum: no match for beam momentum 5.000 GeV within 10% of any of the allowed values.
[e:0] [FOFFMTRK:ForwardOffMRecParticles] [error] No beam protons found
[e:0] [JEventProcessorPODIO] [error] Omitting PODIO collection 'ForwardOffMRecParticles' due to exception: No beam protons found.
[e:0] [RPOTS:ForwardRomanPotRecParticles] [error] No beam protons found
[e:0] [JEventProcessorPODIO] [error] Omitting PODIO collection 'ForwardRomanPotRecParticles' due to exception: No beam protons found.
[e:0] [RPOTS:ForwardRomanPotStaticRecParticles] [error] No beam protons found
[e:0] [JEventProcessorPODIO] [error] Omitting PODIO collection 'ForwardRomanPotStaticRecParticles' due to exception: No beam protons found.
[e:0] [JEventProcessorPODIO] [error] Omitting PODIO collection 'GeneratedBreitFrameParticles' due to exception: JOmniFactory: Failed to get collection InclusiveKinematicsElectron: JOmniFactory: Failed to get collection HadronicFinalState: round_beam_four_momentum: no match for beam momentum 5.000 GeV within 10% of any of the allowed values.
[e:0] [JEventProcessorPODIO] [error] Omitting PODIO collection 'GeneratedCentauroJets' due to exception: JOmniFactory: Failed to get collection GeneratedBreitFrameParticles: JOmniFactory: Failed to get collection InclusiveKinematicsElectron: JOmniFactory: Failed to get collection HadronicFinalState: round_beam_four_momentum: no match for beam momentum 5.000 GeV within 10% of any of the allowed values.
[e:0] [JEventProcessorPODIO] [error] Omitting PODIO collection 'HadronicFinalState' due to exception: round_beam_four_momentum: no match for beam momentum 5.000 GeV within 10% of any of the allowed values.
[e:0] [JEventProcessorPODIO] [error] Omitting PODIO collection 'InclusiveKinematicsDA' due to exception: JOmniFactory: Failed to get collection HadronicFinalState: round_beam_four_momentum: no match for beam momentum 5.000 GeV within 10% of any of the allowed values.
[e:0] [JEventProcessorPODIO] [error] Omitting PODIO collection 'InclusiveKinematicsESigma' due to exception: JOmniFactory: Failed to get collection HadronicFinalState: round_beam_four_momentum: no match for beam momentum 5.000 GeV within 10% of any of the allowed values.
[e:0] [JEventProcessorPODIO] [error] Omitting PODIO collection 'InclusiveKinematicsElectron' due to exception: JOmniFactory: Failed to get collection HadronicFinalState: round_beam_four_momentum: no match for beam momentum 5.000 GeV within 10% of any of the allowed values.
[e:0] [JEventProcessorPODIO] [error] Omitting PODIO collection 'InclusiveKinematicsJB' due to exception: JOmniFactory: Failed to get collection HadronicFinalState: round_beam_four_momentum: no match for beam momentum 5.000 GeV within 10% of any of the allowed values.
[e:0] [JEventProcessorPODIO] [error] Omitting PODIO collection 'InclusiveKinematicsML' due to exception: JOmniFactory: Failed to get collection InclusiveKinematicsElectron: JOmniFactory: Failed to get collection HadronicFinalState: round_beam_four_momentum: no match for beam momentum 5.000 GeV within 10% of any of the allowed values.
[e:0] [JEventProcessorPODIO] [error] Omitting PODIO collection 'InclusiveKinematicsSigma' due to exception: JOmniFactory: Failed to get collection HadronicFinalState: round_beam_four_momentum: no match for beam momentum 5.000 GeV within 10% of any of the allowed values.
[e:0] [JEventProcessorPODIO] [error] Omitting PODIO collection 'InclusiveKinematicseSigma' due to exception: JOmniFactory: Failed to get collection InclusiveKinematicsESigma: JOmniFactory: Failed to get collection HadronicFinalState: round_beam_four_momentum: no match for beam momentum 5.000 GeV within 10% of any of the allowed values.
[e:0] [JEventProcessorPODIO] [error] Omitting PODIO collection 'ReconstructedBreitFrameParticles' due to exception: JOmniFactory: Failed to get collection InclusiveKinematicsElectron: JOmniFactory: Failed to get collection HadronicFinalState: round_beam_four_momentum: no match for beam momentum 5.000 GeV within 10% of any of the allowed values.
[e:0] [JEventProcessorPODIO] [error] Omitting PODIO collection 'ReconstructedCentauroJets' due to exception: JOmniFactory: Failed to get collection ReconstructedBreitFrameParticles: JOmniFactory: Failed to get collection InclusiveKinematicsElectron: JOmniFactory: Failed to get collection HadronicFinalState: round_beam_four_momentum: no match for beam momentum 5.000 GeV within 10% of any of the allowed values.
[e:0] [FOFFMTRK:ForwardOffMRecParticles] [error] No beam protons found
[e:0] [JEventProcessorPODIO] [error] Omitting PODIO collection 'ForwardOffMRecParticles' due to exception: No beam protons found.
[e:0] [RPOTS:ForwardRomanPotRecParticles] [error] No beam protons found
[e:0] [JEventProcessorPODIO] [error] Omitting PODIO collection 'ForwardRomanPotRecParticles' due to exception: No beam protons found.
[e:0] [RPOTS:ForwardRomanPotStaticRecParticles] [error] No beam protons found
[e:0] [JEventProcessorPODIO] [error] Omitting PODIO collection 'ForwardRomanPotStaticRecParticles' due to exception: No beam protons found.
[e:0] [JEventProcessorPODIO] [error] Omitting PODIO collection 'GeneratedBreitFrameParticles' due to exception: JOmniFactory: Failed to get collection InclusiveKinematicsElectron: JOmniFactory: Failed to get collection HadronicFinalState: round_beam_four_momentum: no match for beam momentum 5.000 GeV within 10% of any of the allowed values.
[e:0] [JEventProcessorPODIO] [error] Omitting PODIO collection 'GeneratedCentauroJets' due to exception: JOmniFactory: Failed to get collection GeneratedBreitFrameParticles: JOmniFactory: Failed to get collection InclusiveKinematicsElectron: JOmniFactory: Failed to get collection HadronicFinalState: round_beam_four_momentum: no match for beam momentum 5.000 GeV within 10% of any of the allowed values.
[e:0] [JEventProcessorPODIO] [error] Omitting PODIO collection 'HadronicFinalState' due to exception: round_beam_four_momentum: no match for beam momentum 5.000 GeV within 10% of any of the allowed values.
[e:0] [JEventProcessorPODIO] [error] Omitting PODIO collection 'InclusiveKinematicsDA' due to exception: JOmniFactory: Failed to get collection HadronicFinalState: round_beam_four_momentum: no match for beam momentum 5.000 GeV within 10% of any of the allowed values.
[e:0] [JEventProcessorPODIO] [error] Omitting PODIO collection 'InclusiveKinematicsESigma' due to exception: JOmniFactory: Failed to get collection HadronicFinalState: round_beam_four_momentum: no match for beam momentum 5.000 GeV within 10% of any of the allowed values.
[e:0] [JEventProcessorPODIO] [error] Omitting PODIO collection 'InclusiveKinematicsElectron' due to exception: JOmniFactory: Failed to get collection HadronicFinalState: round_beam_four_momentum: no match for beam momentum 5.000 GeV within 10% of any of the allowed values.
[e:0] [JEventProcessorPODIO] [error] Omitting PODIO collection 'InclusiveKinematicsJB' due to exception: JOmniFactory: Failed to get collection HadronicFinalState: round_beam_four_momentum: no match for beam momentum 5.000 GeV within 10% of any of the allowed values.
[e:0] [JEventProcessorPODIO] [error] Omitting PODIO collection 'InclusiveKinematicsML' due to exception: JOmniFactory: Failed to get collection InclusiveKinematicsElectron: JOmniFactory: Failed to get collection HadronicFinalState: round_beam_four_momentum: no match for beam momentum 5.000 GeV within 10% of any of the allowed values.
[e:0] [JEventProcessorPODIO] [error] Omitting PODIO collection 'InclusiveKinematicsSigma' due to exception: JOmniFactory: Failed to get collection HadronicFinalState: round_beam_four_momentum: no match for beam momentum 5.000 GeV within 10% of any of the allowed values.
[e:0] [JEventProcessorPODIO] [error] Omitting PODIO collection 'InclusiveKinematicseSigma' due to exception: JOmniFactory: Failed to get collection InclusiveKinematicsESigma: JOmniFactory: Failed to get collection HadronicFinalState: round_beam_four_momentum: no match for beam momentum 5.000 GeV within 10% of any of the allowed values.
[e:0] [JEventProcessorPODIO] [error] Omitting PODIO collection 'ReconstructedBreitFrameParticles' due to exception: JOmniFactory: Failed to get collection InclusiveKinematicsElectron: JOmniFactory: Failed to get collection HadronicFinalState: round_beam_four_momentum: no match for beam momentum 5.000 GeV within 10% of any of the allowed values.
[e:0] [JEventProcessorPODIO] [error] Omitting PODIO collection 'ReconstructedCentauroJets' due to exception: JOmniFactory: Failed to get collection ReconstructedBreitFrameParticles: JOmniFactory: Failed to get collection InclusiveKinematicsElectron: JOmniFactory: Failed to get collection HadronicFinalState: round_beam_four_momentum: no match for beam momentum 5.000 GeV within 10% of any of the allowed values.
[e:0] [FOFFMTRK:ForwardOffMRecParticles] [error] No beam protons found
[e:0] [JEventProcessorPODIO] [error] Omitting PODIO collection 'ForwardOffMRecParticles' due to exception: No beam protons found.
[e:0] [RPOTS:ForwardRomanPotRecParticles] [error] No beam protons found
[e:0] [JEventProcessorPODIO] [error] Omitting PODIO collection 'ForwardRomanPotRecParticles' due to exception: No beam protons found.
[e:0] [RPOTS:ForwardRomanPotStaticRecParticles] [error] No beam protons found
[e:0] [JEventProcessorPODIO] [error] Omitting PODIO collection 'ForwardRomanPotStaticRecParticles' due to exception: No beam protons found.
[e:0] [JEventProcessorPODIO] [error] Omitting PODIO collection 'GeneratedBreitFrameParticles' due to exception: JOmniFactory: Failed to get collection InclusiveKinematicsElectron: JOmniFactory: Failed to get collection HadronicFinalState: round_beam_four_momentum: no match for beam momentum 5.000 GeV within 10% of any of the allowed values.
[e:0] [JEventProcessorPODIO] [error] Omitting PODIO collection 'GeneratedCentauroJets' due to exception: JOmniFactory: Failed to get collection GeneratedBreitFrameParticles: JOmniFactory: Failed to get collection InclusiveKinematicsElectron: JOmniFactory: Failed to get collection HadronicFinalState: round_beam_four_momentum: no match for beam momentum 5.000 GeV within 10% of any of the allowed values.
[e:0] [JEventProcessorPODIO] [error] Omitting PODIO collection 'HadronicFinalState' due to exception: round_beam_four_momentum: no match for beam momentum 5.000 GeV within 10% of any of the allowed values.
[e:0] [JEventProcessorPODIO] [error] Omitting PODIO collection 'InclusiveKinematicsDA' due to exception: JOmniFactory: Failed to get collection HadronicFinalState: round_beam_four_momentum: no match for beam momentum 5.000 GeV within 10% of any of the allowed values.
[e:0] [JEventProcessorPODIO] [error] Omitting PODIO collection 'InclusiveKinematicsESigma' due to exception: JOmniFactory: Failed to get collection HadronicFinalState: round_beam_four_momentum: no match for beam momentum 5.000 GeV within 10% of any of the allowed values.
[e:0] [JEventProcessorPODIO] [error] Omitting PODIO collection 'InclusiveKinematicsElectron' due to exception: JOmniFactory: Failed to get collection HadronicFinalState: round_beam_four_momentum: no match for beam momentum 5.000 GeV within 10% of any of the allowed values.
[e:0] [JEventProcessorPODIO] [error] Omitting PODIO collection 'InclusiveKinematicsJB' due to exception: JOmniFactory: Failed to get collection HadronicFinalState: round_beam_four_momentum: no match for beam momentum 5.000 GeV within 10% of any of the allowed values.
[e:0] [JEventProcessorPODIO] [error] Omitting PODIO collection 'InclusiveKinematicsML' due to exception: JOmniFactory: Failed to get collection InclusiveKinematicsElectron: JOmniFactory: Failed to get collection HadronicFinalState: round_beam_four_momentum: no match for beam momentum 5.000 GeV within 10% of any of the allowed values.
[e:0] [JEventProcessorPODIO] [error] Omitting PODIO collection 'InclusiveKinematicsSigma' due to exception: JOmniFactory: Failed to get collection HadronicFinalState: round_beam_four_momentum: no match for beam momentum 5.000 GeV within 10% of any of the allowed values.
[e:0] [JEventProcessorPODIO] [error] Omitting PODIO collection 'InclusiveKinematicseSigma' due to exception: JOmniFactory: Failed to get collection InclusiveKinematicsESigma: JOmniFactory: Failed to get collection HadronicFinalState: round_beam_four_momentum: no match for beam momentum 5.000 GeV within 10% of any of the allowed values.
[e:0] [JEventProcessorPODIO] [error] Omitting PODIO collection 'ReconstructedBreitFrameParticles' due to exception: JOmniFactory: Failed to get collection InclusiveKinematicsElectron: JOmniFactory: Failed to get collection HadronicFinalState: round_beam_four_momentum: no match for beam momentum 5.000 GeV within 10% of any of the allowed values.
[e:0] [JEventProcessorPODIO] [error] Omitting PODIO collection 'ReconstructedCentauroJets' due to exception: JOmniFactory: Failed to get collection ReconstructedBreitFrameParticles: JOmniFactory: Failed to get collection InclusiveKinematicsElectron: JOmniFactory: Failed to get collection HadronicFinalState: round_beam_four_momentum: no match for beam momentum 5.000 GeV within 10% of any of the allowed values.
[e:0] [FOFFMTRK:ForwardOffMRecParticles] [error] No beam protons found
[e:0] [JEventProcessorPODIO] [error] Omitting PODIO collection 'ForwardOffMRecParticles' due to exception: No beam protons found.
[e:0] [RPOTS:ForwardRomanPotRecParticles] [error] No beam protons found
[e:0] [JEventProcessorPODIO] [error] Omitting PODIO collection 'ForwardRomanPotRecParticles' due to exception: No beam protons found.
[e:0] [RPOTS:ForwardRomanPotStaticRecParticles] [error] No beam protons found
[e:0] [JEventProcessorPODIO] [error] Omitting PODIO collection 'ForwardRomanPotStaticRecParticles' due to exception: No beam protons found.
[e:0] [JEventProcessorPODIO] [error] Omitting PODIO collection 'GeneratedBreitFrameParticles' due to exception: JOmniFactory: Failed to get collection InclusiveKinematicsElectron: JOmniFactory: Failed to get collection HadronicFinalState: round_beam_four_momentum: no match for beam momentum 5.000 GeV within 10% of any of the allowed values.
[e:0] [JEventProcessorPODIO] [error] Omitting PODIO collection 'GeneratedCentauroJets' due to exception: JOmniFactory: Failed to get collection GeneratedBreitFrameParticles: JOmniFactory: Failed to get collection InclusiveKinematicsElectron: JOmniFactory: Failed to get collection HadronicFinalState: round_beam_four_momentum: no match for beam momentum 5.000 GeV within 10% of any of the allowed values.
11:12:57.891  [info] Status: 79 events processed at 10.0 Hz (10.5 Hz avg)
[e:0] [JEventProcessorPODIO] [error] Omitting PODIO collection 'HadronicFinalState' due to exception: round_beam_four_momentum: no match for beam momentum 5.000 GeV within 10% of any of the allowed values.
[e:0] [JEventProcessorPODIO] [error] Omitting PODIO collection 'InclusiveKinematicsDA' due to exception: JOmniFactory: Failed to get collection HadronicFinalState: round_beam_four_momentum: no match for beam momentum 5.000 GeV within 10% of any of the allowed values.
[e:0] [JEventProcessorPODIO] [error] Omitting PODIO collection 'InclusiveKinematicsESigma' due to exception: JOmniFactory: Failed to get collection HadronicFinalState: round_beam_four_momentum: no match for beam momentum 5.000 GeV within 10% of any of the allowed values.
[e:0] [JEventProcessorPODIO] [error] Omitting PODIO collection 'InclusiveKinematicsElectron' due to exception: JOmniFactory: Failed to get collection HadronicFinalState: round_beam_four_momentum: no match for beam momentum 5.000 GeV within 10% of any of the allowed values.
[e:0] [JEventProcessorPODIO] [error] Omitting PODIO collection 'InclusiveKinematicsJB' due to exception: JOmniFactory: Failed to get collection HadronicFinalState: round_beam_four_momentum: no match for beam momentum 5.000 GeV within 10% of any of the allowed values.
[e:0] [JEventProcessorPODIO] [error] Omitting PODIO collection 'InclusiveKinematicsML' due to exception: JOmniFactory: Failed to get collection InclusiveKinematicsElectron: JOmniFactory: Failed to get collection HadronicFinalState: round_beam_four_momentum: no match for beam momentum 5.000 GeV within 10% of any of the allowed values.
[e:0] [JEventProcessorPODIO] [error] Omitting PODIO collection 'InclusiveKinematicsSigma' due to exception: JOmniFactory: Failed to get collection HadronicFinalState: round_beam_four_momentum: no match for beam momentum 5.000 GeV within 10% of any of the allowed values.
[e:0] [JEventProcessorPODIO] [error] Omitting PODIO collection 'InclusiveKinematicseSigma' due to exception: JOmniFactory: Failed to get collection InclusiveKinematicsESigma: JOmniFactory: Failed to get collection HadronicFinalState: round_beam_four_momentum: no match for beam momentum 5.000 GeV within 10% of any of the allowed values.
[e:0] [JEventProcessorPODIO] [error] Omitting PODIO collection 'ReconstructedBreitFrameParticles' due to exception: JOmniFactory: Failed to get collection InclusiveKinematicsElectron: JOmniFactory: Failed to get collection HadronicFinalState: round_beam_four_momentum: no match for beam momentum 5.000 GeV within 10% of any of the allowed values.
[e:0] [JEventProcessorPODIO] [error] Omitting PODIO collection 'ReconstructedCentauroJets' due to exception: JOmniFactory: Failed to get collection ReconstructedBreitFrameParticles: JOmniFactory: Failed to get collection InclusiveKinematicsElectron: JOmniFactory: Failed to get collection HadronicFinalState: round_beam_four_momentum: no match for beam momentum 5.000 GeV within 10% of any of the allowed values.
[e:0] [LUMISPECCAL:EcalLumiSpecTruthClustersWithoutShapes] [warning] zero total weights encountered, you may want to adjust your weighting parameter.
[e:0] [FOFFMTRK:ForwardOffMRecParticles] [error] No beam protons found
[e:0] [JEventProcessorPODIO] [error] Omitting PODIO collection 'ForwardOffMRecParticles' due to exception: No beam protons found.
[e:0] [RPOTS:ForwardRomanPotRecParticles] [error] No beam protons found
[e:0] [JEventProcessorPODIO] [error] Omitting PODIO collection 'ForwardRomanPotRecParticles' due to exception: No beam protons found.
[e:0] [RPOTS:ForwardRomanPotStaticRecParticles] [error] No beam protons found
[e:0] [JEventProcessorPODIO] [error] Omitting PODIO collection 'ForwardRomanPotStaticRecParticles' due to exception: No beam protons found.
[e:0] [JEventProcessorPODIO] [error] Omitting PODIO collection 'GeneratedBreitFrameParticles' due to exception: JOmniFactory: Failed to get collection InclusiveKinematicsElectron: JOmniFactory: Failed to get collection HadronicFinalState: round_beam_four_momentum: no match for beam momentum 5.000 GeV within 10% of any of the allowed values.
[e:0] [JEventProcessorPODIO] [error] Omitting PODIO collection 'GeneratedCentauroJets' due to exception: JOmniFactory: Failed to get collection GeneratedBreitFrameParticles: JOmniFactory: Failed to get collection InclusiveKinematicsElectron: JOmniFactory: Failed to get collection HadronicFinalState: round_beam_four_momentum: no match for beam momentum 5.000 GeV within 10% of any of the allowed values.
[e:0] [JEventProcessorPODIO] [error] Omitting PODIO collection 'HadronicFinalState' due to exception: round_beam_four_momentum: no match for beam momentum 5.000 GeV within 10% of any of the allowed values.
[e:0] [JEventProcessorPODIO] [error] Omitting PODIO collection 'InclusiveKinematicsDA' due to exception: JOmniFactory: Failed to get collection HadronicFinalState: round_beam_four_momentum: no match for beam momentum 5.000 GeV within 10% of any of the allowed values.
[e:0] [JEventProcessorPODIO] [error] Omitting PODIO collection 'InclusiveKinematicsESigma' due to exception: JOmniFactory: Failed to get collection HadronicFinalState: round_beam_four_momentum: no match for beam momentum 5.000 GeV within 10% of any of the allowed values.
[e:0] [JEventProcessorPODIO] [error] Omitting PODIO collection 'InclusiveKinematicsElectron' due to exception: JOmniFactory: Failed to get collection HadronicFinalState: round_beam_four_momentum: no match for beam momentum 5.000 GeV within 10% of any of the allowed values.
[e:0] [JEventProcessorPODIO] [error] Omitting PODIO collection 'InclusiveKinematicsJB' due to exception: JOmniFactory: Failed to get collection HadronicFinalState: round_beam_four_momentum: no match for beam momentum 5.000 GeV within 10% of any of the allowed values.
[e:0] [JEventProcessorPODIO] [error] Omitting PODIO collection 'InclusiveKinematicsML' due to exception: JOmniFactory: Failed to get collection InclusiveKinematicsElectron: JOmniFactory: Failed to get collection HadronicFinalState: round_beam_four_momentum: no match for beam momentum 5.000 GeV within 10% of any of the allowed values.
[e:0] [JEventProcessorPODIO] [error] Omitting PODIO collection 'InclusiveKinematicsSigma' due to exception: JOmniFactory: Failed to get collection HadronicFinalState: round_beam_four_momentum: no match for beam momentum 5.000 GeV within 10% of any of the allowed values.
[e:0] [JEventProcessorPODIO] [error] Omitting PODIO collection 'InclusiveKinematicseSigma' due to exception: JOmniFactory: Failed to get collection InclusiveKinematicsESigma: JOmniFactory: Failed to get collection HadronicFinalState: round_beam_four_momentum: no match for beam momentum 5.000 GeV within 10% of any of the allowed values.
[e:0] [JEventProcessorPODIO] [error] Omitting PODIO collection 'ReconstructedBreitFrameParticles' due to exception: JOmniFactory: Failed to get collection InclusiveKinematicsElectron: JOmniFactory: Failed to get collection HadronicFinalState: round_beam_four_momentum: no match for beam momentum 5.000 GeV within 10% of any of the allowed values.
[e:0] [JEventProcessorPODIO] [error] Omitting PODIO collection 'ReconstructedCentauroJets' due to exception: JOmniFactory: Failed to get collection ReconstructedBreitFrameParticles: JOmniFactory: Failed to get collection InclusiveKinematicsElectron: JOmniFactory: Failed to get collection HadronicFinalState: round_beam_four_momentum: no match for beam momentum 5.000 GeV within 10% of any of the allowed values.
[e:0] [FOFFMTRK:ForwardOffMRecParticles] [error] No beam protons found
[e:0] [JEventProcessorPODIO] [error] Omitting PODIO collection 'ForwardOffMRecParticles' due to exception: No beam protons found.
[e:0] [RPOTS:ForwardRomanPotRecParticles] [error] No beam protons found
[e:0] [JEventProcessorPODIO] [error] Omitting PODIO collection 'ForwardRomanPotRecParticles' due to exception: No beam protons found.
[e:0] [RPOTS:ForwardRomanPotStaticRecParticles] [error] No beam protons found
[e:0] [JEventProcessorPODIO] [error] Omitting PODIO collection 'ForwardRomanPotStaticRecParticles' due to exception: No beam protons found.
[e:0] [JEventProcessorPODIO] [error] Omitting PODIO collection 'GeneratedBreitFrameParticles' due to exception: JOmniFactory: Failed to get collection InclusiveKinematicsElectron: JOmniFactory: Failed to get collection HadronicFinalState: round_beam_four_momentum: no match for beam momentum 5.000 GeV within 10% of any of the allowed values.
[e:0] [JEventProcessorPODIO] [error] Omitting PODIO collection 'GeneratedCentauroJets' due to exception: JOmniFactory: Failed to get collection GeneratedBreitFrameParticles: JOmniFactory: Failed to get collection InclusiveKinematicsElectron: JOmniFactory: Failed to get collection HadronicFinalState: round_beam_four_momentum: no match for beam momentum 5.000 GeV within 10% of any of the allowed values.
[e:0] [JEventProcessorPODIO] [error] Omitting PODIO collection 'HadronicFinalState' due to exception: round_beam_four_momentum: no match for beam momentum 5.000 GeV within 10% of any of the allowed values.
[e:0] [JEventProcessorPODIO] [error] Omitting PODIO collection 'InclusiveKinematicsDA' due to exception: JOmniFactory: Failed to get collection HadronicFinalState: round_beam_four_momentum: no match for beam momentum 5.000 GeV within 10% of any of the allowed values.
[e:0] [JEventProcessorPODIO] [error] Omitting PODIO collection 'InclusiveKinematicsESigma' due to exception: JOmniFactory: Failed to get collection HadronicFinalState: round_beam_four_momentum: no match for beam momentum 5.000 GeV within 10% of any of the allowed values.
[e:0] [JEventProcessorPODIO] [error] Omitting PODIO collection 'InclusiveKinematicsElectron' due to exception: JOmniFactory: Failed to get collection HadronicFinalState: round_beam_four_momentum: no match for beam momentum 5.000 GeV within 10% of any of the allowed values.
[e:0] [JEventProcessorPODIO] [error] Omitting PODIO collection 'InclusiveKinematicsJB' due to exception: JOmniFactory: Failed to get collection HadronicFinalState: round_beam_four_momentum: no match for beam momentum 5.000 GeV within 10% of any of the allowed values.
[e:0] [JEventProcessorPODIO] [error] Omitting PODIO collection 'InclusiveKinematicsML' due to exception: JOmniFactory: Failed to get collection InclusiveKinematicsElectron: JOmniFactory: Failed to get collection HadronicFinalState: round_beam_four_momentum: no match for beam momentum 5.000 GeV within 10% of any of the allowed values.
[e:0] [JEventProcessorPODIO] [error] Omitting PODIO collection 'InclusiveKinematicsSigma' due to exception: JOmniFactory: Failed to get collection HadronicFinalState: round_beam_four_momentum: no match for beam momentum 5.000 GeV within 10% of any of the allowed values.
[e:0] [JEventProcessorPODIO] [error] Omitting PODIO collection 'InclusiveKinematicseSigma' due to exception: JOmniFactory: Failed to get collection InclusiveKinematicsESigma: JOmniFactory: Failed to get collection HadronicFinalState: round_beam_four_momentum: no match for beam momentum 5.000 GeV within 10% of any of the allowed values.
[e:0] [JEventProcessorPODIO] [error] Omitting PODIO collection 'ReconstructedBreitFrameParticles' due to exception: JOmniFactory: Failed to get collection InclusiveKinematicsElectron: JOmniFactory: Failed to get collection HadronicFinalState: round_beam_four_momentum: no match for beam momentum 5.000 GeV within 10% of any of the allowed values.
[e:0] [JEventProcessorPODIO] [error] Omitting PODIO collection 'ReconstructedCentauroJets' due to exception: JOmniFactory: Failed to get collection ReconstructedBreitFrameParticles: JOmniFactory: Failed to get collection InclusiveKinematicsElectron: JOmniFactory: Failed to get collection HadronicFinalState: round_beam_four_momentum: no match for beam momentum 5.000 GeV within 10% of any of the allowed values.
[e:0] [FOFFMTRK:ForwardOffMRecParticles] [error] No beam protons found
[e:0] [JEventProcessorPODIO] [error] Omitting PODIO collection 'ForwardOffMRecParticles' due to exception: No beam protons found.
[e:0] [RPOTS:ForwardRomanPotRecParticles] [error] No beam protons found
[e:0] [JEventProcessorPODIO] [error] Omitting PODIO collection 'ForwardRomanPotRecParticles' due to exception: No beam protons found.
[e:0] [RPOTS:ForwardRomanPotStaticRecParticles] [error] No beam protons found
[e:0] [JEventProcessorPODIO] [error] Omitting PODIO collection 'ForwardRomanPotStaticRecParticles' due to exception: No beam protons found.
[e:0] [JEventProcessorPODIO] [error] Omitting PODIO collection 'GeneratedBreitFrameParticles' due to exception: JOmniFactory: Failed to get collection InclusiveKinematicsElectron: JOmniFactory: Failed to get collection HadronicFinalState: round_beam_four_momentum: no match for beam momentum 5.000 GeV within 10% of any of the allowed values.
[e:0] [JEventProcessorPODIO] [error] Omitting PODIO collection 'GeneratedCentauroJets' due to exception: JOmniFactory: Failed to get collection GeneratedBreitFrameParticles: JOmniFactory: Failed to get collection InclusiveKinematicsElectron: JOmniFactory: Failed to get collection HadronicFinalState: round_beam_four_momentum: no match for beam momentum 5.000 GeV within 10% of any of the allowed values.
[e:0] [JEventProcessorPODIO] [error] Omitting PODIO collection 'HadronicFinalState' due to exception: round_beam_four_momentum: no match for beam momentum 5.000 GeV within 10% of any of the allowed values.
[e:0] [JEventProcessorPODIO] [error] Omitting PODIO collection 'InclusiveKinematicsDA' due to exception: JOmniFactory: Failed to get collection HadronicFinalState: round_beam_four_momentum: no match for beam momentum 5.000 GeV within 10% of any of the allowed values.
[e:0] [JEventProcessorPODIO] [error] Omitting PODIO collection 'InclusiveKinematicsESigma' due to exception: JOmniFactory: Failed to get collection HadronicFinalState: round_beam_four_momentum: no match for beam momentum 5.000 GeV within 10% of any of the allowed values.
[e:0] [JEventProcessorPODIO] [error] Omitting PODIO collection 'InclusiveKinematicsElectron' due to exception: JOmniFactory: Failed to get collection HadronicFinalState: round_beam_four_momentum: no match for beam momentum 5.000 GeV within 10% of any of the allowed values.
[e:0] [JEventProcessorPODIO] [error] Omitting PODIO collection 'InclusiveKinematicsJB' due to exception: JOmniFactory: Failed to get collection HadronicFinalState: round_beam_four_momentum: no match for beam momentum 5.000 GeV within 10% of any of the allowed values.
[e:0] [JEventProcessorPODIO] [error] Omitting PODIO collection 'InclusiveKinematicsML' due to exception: JOmniFactory: Failed to get collection InclusiveKinematicsElectron: JOmniFactory: Failed to get collection HadronicFinalState: round_beam_four_momentum: no match for beam momentum 5.000 GeV within 10% of any of the allowed values.
[e:0] [JEventProcessorPODIO] [error] Omitting PODIO collection 'InclusiveKinematicsSigma' due to exception: JOmniFactory: Failed to get collection HadronicFinalState: round_beam_four_momentum: no match for beam momentum 5.000 GeV within 10% of any of the allowed values.
[e:0] [JEventProcessorPODIO] [error] Omitting PODIO collection 'InclusiveKinematicseSigma' due to exception: JOmniFactory: Failed to get collection InclusiveKinematicsESigma: JOmniFactory: Failed to get collection HadronicFinalState: round_beam_four_momentum: no match for beam momentum 5.000 GeV within 10% of any of the allowed values.
[e:0] [JEventProcessorPODIO] [error] Omitting PODIO collection 'ReconstructedBreitFrameParticles' due to exception: JOmniFactory: Failed to get collection InclusiveKinematicsElectron: JOmniFactory: Failed to get collection HadronicFinalState: round_beam_four_momentum: no match for beam momentum 5.000 GeV within 10% of any of the allowed values.
[e:0] [JEventProcessorPODIO] [error] Omitting PODIO collection 'ReconstructedCentauroJets' due to exception: JOmniFactory: Failed to get collection ReconstructedBreitFrameParticles: JOmniFactory: Failed to get collection InclusiveKinematicsElectron: JOmniFactory: Failed to get collection HadronicFinalState: round_beam_four_momentum: no match for beam momentum 5.000 GeV within 10% of any of the allowed values.
[e:0] [FOFFMTRK:ForwardOffMRecParticles] [error] No beam protons found
[e:0] [JEventProcessorPODIO] [error] Omitting PODIO collection 'ForwardOffMRecParticles' due to exception: No beam protons found.
[e:0] [RPOTS:ForwardRomanPotRecParticles] [error] No beam protons found
[e:0] [JEventProcessorPODIO] [error] Omitting PODIO collection 'ForwardRomanPotRecParticles' due to exception: No beam protons found.
[e:0] [RPOTS:ForwardRomanPotStaticRecParticles] [error] No beam protons found
[e:0] [JEventProcessorPODIO] [error] Omitting PODIO collection 'ForwardRomanPotStaticRecParticles' due to exception: No beam protons found.
[e:0] [JEventProcessorPODIO] [error] Omitting PODIO collection 'GeneratedBreitFrameParticles' due to exception: JOmniFactory: Failed to get collection InclusiveKinematicsElectron: JOmniFactory: Failed to get collection HadronicFinalState: round_beam_four_momentum: no match for beam momentum 5.000 GeV within 10% of any of the allowed values.
[e:0] [JEventProcessorPODIO] [error] Omitting PODIO collection 'GeneratedCentauroJets' due to exception: JOmniFactory: Failed to get collection GeneratedBreitFrameParticles: JOmniFactory: Failed to get collection InclusiveKinematicsElectron: JOmniFactory: Failed to get collection HadronicFinalState: round_beam_four_momentum: no match for beam momentum 5.000 GeV within 10% of any of the allowed values.
[e:0] [JEventProcessorPODIO] [error] Omitting PODIO collection 'HadronicFinalState' due to exception: round_beam_four_momentum: no match for beam momentum 5.000 GeV within 10% of any of the allowed values.
[e:0] [JEventProcessorPODIO] [error] Omitting PODIO collection 'InclusiveKinematicsDA' due to exception: JOmniFactory: Failed to get collection HadronicFinalState: round_beam_four_momentum: no match for beam momentum 5.000 GeV within 10% of any of the allowed values.
[e:0] [JEventProcessorPODIO] [error] Omitting PODIO collection 'InclusiveKinematicsESigma' due to exception: JOmniFactory: Failed to get collection HadronicFinalState: round_beam_four_momentum: no match for beam momentum 5.000 GeV within 10% of any of the allowed values.
[e:0] [JEventProcessorPODIO] [error] Omitting PODIO collection 'InclusiveKinematicsElectron' due to exception: JOmniFactory: Failed to get collection HadronicFinalState: round_beam_four_momentum: no match for beam momentum 5.000 GeV within 10% of any of the allowed values.
[e:0] [JEventProcessorPODIO] [error] Omitting PODIO collection 'InclusiveKinematicsJB' due to exception: JOmniFactory: Failed to get collection HadronicFinalState: round_beam_four_momentum: no match for beam momentum 5.000 GeV within 10% of any of the allowed values.
[e:0] [JEventProcessorPODIO] [error] Omitting PODIO collection 'InclusiveKinematicsML' due to exception: JOmniFactory: Failed to get collection InclusiveKinematicsElectron: JOmniFactory: Failed to get collection HadronicFinalState: round_beam_four_momentum: no match for beam momentum 5.000 GeV within 10% of any of the allowed values.
[e:0] [JEventProcessorPODIO] [error] Omitting PODIO collection 'InclusiveKinematicsSigma' due to exception: JOmniFactory: Failed to get collection HadronicFinalState: round_beam_four_momentum: no match for beam momentum 5.000 GeV within 10% of any of the allowed values.
[e:0] [JEventProcessorPODIO] [error] Omitting PODIO collection 'InclusiveKinematicseSigma' due to exception: JOmniFactory: Failed to get collection InclusiveKinematicsESigma: JOmniFactory: Failed to get collection HadronicFinalState: round_beam_four_momentum: no match for beam momentum 5.000 GeV within 10% of any of the allowed values.
[e:0] [JEventProcessorPODIO] [error] Omitting PODIO collection 'ReconstructedBreitFrameParticles' due to exception: JOmniFactory: Failed to get collection InclusiveKinematicsElectron: JOmniFactory: Failed to get collection HadronicFinalState: round_beam_four_momentum: no match for beam momentum 5.000 GeV within 10% of any of the allowed values.
[e:0] [JEventProcessorPODIO] [error] Omitting PODIO collection 'ReconstructedCentauroJets' due to exception: JOmniFactory: Failed to get collection ReconstructedBreitFrameParticles: JOmniFactory: Failed to get collection InclusiveKinematicsElectron: JOmniFactory: Failed to get collection HadronicFinalState: round_beam_four_momentum: no match for beam momentum 5.000 GeV within 10% of any of the allowed values.
[e:0] [FOFFMTRK:ForwardOffMRecParticles] [error] No beam protons found
[e:0] [JEventProcessorPODIO] [error] Omitting PODIO collection 'ForwardOffMRecParticles' due to exception: No beam protons found.
[e:0] [RPOTS:ForwardRomanPotRecParticles] [error] No beam protons found
[e:0] [JEventProcessorPODIO] [error] Omitting PODIO collection 'ForwardRomanPotRecParticles' due to exception: No beam protons found.
[e:0] [RPOTS:ForwardRomanPotStaticRecParticles] [error] No beam protons found
[e:0] [JEventProcessorPODIO] [error] Omitting PODIO collection 'ForwardRomanPotStaticRecParticles' due to exception: No beam protons found.
[e:0] [JEventProcessorPODIO] [error] Omitting PODIO collection 'GeneratedBreitFrameParticles' due to exception: JOmniFactory: Failed to get collection InclusiveKinematicsElectron: JOmniFactory: Failed to get collection HadronicFinalState: round_beam_four_momentum: no match for beam momentum 5.000 GeV within 10% of any of the allowed values.
[e:0] [JEventProcessorPODIO] [error] Omitting PODIO collection 'GeneratedCentauroJets' due to exception: JOmniFactory: Failed to get collection GeneratedBreitFrameParticles: JOmniFactory: Failed to get collection InclusiveKinematicsElectron: JOmniFactory: Failed to get collection HadronicFinalState: round_beam_four_momentum: no match for beam momentum 5.000 GeV within 10% of any of the allowed values.
[e:0] [JEventProcessorPODIO] [error] Omitting PODIO collection 'HadronicFinalState' due to exception: round_beam_four_momentum: no match for beam momentum 5.000 GeV within 10% of any of the allowed values.
[e:0] [JEventProcessorPODIO] [error] Omitting PODIO collection 'InclusiveKinematicsDA' due to exception: JOmniFactory: Failed to get collection HadronicFinalState: round_beam_four_momentum: no match for beam momentum 5.000 GeV within 10% of any of the allowed values.
[e:0] [JEventProcessorPODIO] [error] Omitting PODIO collection 'InclusiveKinematicsESigma' due to exception: JOmniFactory: Failed to get collection HadronicFinalState: round_beam_four_momentum: no match for beam momentum 5.000 GeV within 10% of any of the allowed values.
[e:0] [JEventProcessorPODIO] [error] Omitting PODIO collection 'InclusiveKinematicsElectron' due to exception: JOmniFactory: Failed to get collection HadronicFinalState: round_beam_four_momentum: no match for beam momentum 5.000 GeV within 10% of any of the allowed values.
[e:0] [JEventProcessorPODIO] [error] Omitting PODIO collection 'InclusiveKinematicsJB' due to exception: JOmniFactory: Failed to get collection HadronicFinalState: round_beam_four_momentum: no match for beam momentum 5.000 GeV within 10% of any of the allowed values.
[e:0] [JEventProcessorPODIO] [error] Omitting PODIO collection 'InclusiveKinematicsML' due to exception: JOmniFactory: Failed to get collection InclusiveKinematicsElectron: JOmniFactory: Failed to get collection HadronicFinalState: round_beam_four_momentum: no match for beam momentum 5.000 GeV within 10% of any of the allowed values.
[e:0] [JEventProcessorPODIO] [error] Omitting PODIO collection 'InclusiveKinematicsSigma' due to exception: JOmniFactory: Failed to get collection HadronicFinalState: round_beam_four_momentum: no match for beam momentum 5.000 GeV within 10% of any of the allowed values.
[e:0] [JEventProcessorPODIO] [error] Omitting PODIO collection 'InclusiveKinematicseSigma' due to exception: JOmniFactory: Failed to get collection InclusiveKinematicsESigma: JOmniFactory: Failed to get collection HadronicFinalState: round_beam_four_momentum: no match for beam momentum 5.000 GeV within 10% of any of the allowed values.
[e:0] [JEventProcessorPODIO] [error] Omitting PODIO collection 'ReconstructedBreitFrameParticles' due to exception: JOmniFactory: Failed to get collection InclusiveKinematicsElectron: JOmniFactory: Failed to get collection HadronicFinalState: round_beam_four_momentum: no match for beam momentum 5.000 GeV within 10% of any of the allowed values.
[e:0] [JEventProcessorPODIO] [error] Omitting PODIO collection 'ReconstructedCentauroJets' due to exception: JOmniFactory: Failed to get collection ReconstructedBreitFrameParticles: JOmniFactory: Failed to get collection InclusiveKinematicsElectron: JOmniFactory: Failed to get collection HadronicFinalState: round_beam_four_momentum: no match for beam momentum 5.000 GeV within 10% of any of the allowed values.
11:12:58.393  [info] Status: 85 events processed at 12.0 Hz (10.6 Hz avg)
[e:0] [FOFFMTRK:ForwardOffMRecParticles] [error] No beam protons found
[e:0] [JEventProcessorPODIO] [error] Omitting PODIO collection 'ForwardOffMRecParticles' due to exception: No beam protons found.
[e:0] [RPOTS:ForwardRomanPotRecParticles] [error] No beam protons found
[e:0] [JEventProcessorPODIO] [error] Omitting PODIO collection 'ForwardRomanPotRecParticles' due to exception: No beam protons found.
[e:0] [RPOTS:ForwardRomanPotStaticRecParticles] [error] No beam protons found
[e:0] [JEventProcessorPODIO] [error] Omitting PODIO collection 'ForwardRomanPotStaticRecParticles' due to exception: No beam protons found.
[e:0] [JEventProcessorPODIO] [error] Omitting PODIO collection 'GeneratedBreitFrameParticles' due to exception: JOmniFactory: Failed to get collection InclusiveKinematicsElectron: JOmniFactory: Failed to get collection HadronicFinalState: round_beam_four_momentum: no match for beam momentum 5.000 GeV within 10% of any of the allowed values.
[e:0] [JEventProcessorPODIO] [error] Omitting PODIO collection 'GeneratedCentauroJets' due to exception: JOmniFactory: Failed to get collection GeneratedBreitFrameParticles: JOmniFactory: Failed to get collection InclusiveKinematicsElectron: JOmniFactory: Failed to get collection HadronicFinalState: round_beam_four_momentum: no match for beam momentum 5.000 GeV within 10% of any of the allowed values.
[e:0] [JEventProcessorPODIO] [error] Omitting PODIO collection 'HadronicFinalState' due to exception: round_beam_four_momentum: no match for beam momentum 5.000 GeV within 10% of any of the allowed values.
[e:0] [JEventProcessorPODIO] [error] Omitting PODIO collection 'InclusiveKinematicsDA' due to exception: JOmniFactory: Failed to get collection HadronicFinalState: round_beam_four_momentum: no match for beam momentum 5.000 GeV within 10% of any of the allowed values.
[e:0] [JEventProcessorPODIO] [error] Omitting PODIO collection 'InclusiveKinematicsESigma' due to exception: JOmniFactory: Failed to get collection HadronicFinalState: round_beam_four_momentum: no match for beam momentum 5.000 GeV within 10% of any of the allowed values.
[e:0] [JEventProcessorPODIO] [error] Omitting PODIO collection 'InclusiveKinematicsElectron' due to exception: JOmniFactory: Failed to get collection HadronicFinalState: round_beam_four_momentum: no match for beam momentum 5.000 GeV within 10% of any of the allowed values.
[e:0] [JEventProcessorPODIO] [error] Omitting PODIO collection 'InclusiveKinematicsJB' due to exception: JOmniFactory: Failed to get collection HadronicFinalState: round_beam_four_momentum: no match for beam momentum 5.000 GeV within 10% of any of the allowed values.
[e:0] [JEventProcessorPODIO] [error] Omitting PODIO collection 'InclusiveKinematicsML' due to exception: JOmniFactory: Failed to get collection InclusiveKinematicsElectron: JOmniFactory: Failed to get collection HadronicFinalState: round_beam_four_momentum: no match for beam momentum 5.000 GeV within 10% of any of the allowed values.
[e:0] [JEventProcessorPODIO] [error] Omitting PODIO collection 'InclusiveKinematicsSigma' due to exception: JOmniFactory: Failed to get collection HadronicFinalState: round_beam_four_momentum: no match for beam momentum 5.000 GeV within 10% of any of the allowed values.
[e:0] [JEventProcessorPODIO] [error] Omitting PODIO collection 'InclusiveKinematicseSigma' due to exception: JOmniFactory: Failed to get collection InclusiveKinematicsESigma: JOmniFactory: Failed to get collection HadronicFinalState: round_beam_four_momentum: no match for beam momentum 5.000 GeV within 10% of any of the allowed values.
[e:0] [JEventProcessorPODIO] [error] Omitting PODIO collection 'ReconstructedBreitFrameParticles' due to exception: JOmniFactory: Failed to get collection InclusiveKinematicsElectron: JOmniFactory: Failed to get collection HadronicFinalState: round_beam_four_momentum: no match for beam momentum 5.000 GeV within 10% of any of the allowed values.
[e:0] [JEventProcessorPODIO] [error] Omitting PODIO collection 'ReconstructedCentauroJets' due to exception: JOmniFactory: Failed to get collection ReconstructedBreitFrameParticles: JOmniFactory: Failed to get collection InclusiveKinematicsElectron: JOmniFactory: Failed to get collection HadronicFinalState: round_beam_four_momentum: no match for beam momentum 5.000 GeV within 10% of any of the allowed values.
[e:0] [FOFFMTRK:ForwardOffMRecParticles] [error] No beam protons found
[e:0] [JEventProcessorPODIO] [error] Omitting PODIO collection 'ForwardOffMRecParticles' due to exception: No beam protons found.
[e:0] [RPOTS:ForwardRomanPotRecParticles] [error] No beam protons found
[e:0] [JEventProcessorPODIO] [error] Omitting PODIO collection 'ForwardRomanPotRecParticles' due to exception: No beam protons found.
[e:0] [RPOTS:ForwardRomanPotStaticRecParticles] [error] No beam protons found
[e:0] [JEventProcessorPODIO] [error] Omitting PODIO collection 'ForwardRomanPotStaticRecParticles' due to exception: No beam protons found.
[e:0] [JEventProcessorPODIO] [error] Omitting PODIO collection 'GeneratedBreitFrameParticles' due to exception: JOmniFactory: Failed to get collection InclusiveKinematicsElectron: JOmniFactory: Failed to get collection HadronicFinalState: round_beam_four_momentum: no match for beam momentum 5.000 GeV within 10% of any of the allowed values.
[e:0] [JEventProcessorPODIO] [error] Omitting PODIO collection 'GeneratedCentauroJets' due to exception: JOmniFactory: Failed to get collection GeneratedBreitFrameParticles: JOmniFactory: Failed to get collection InclusiveKinematicsElectron: JOmniFactory: Failed to get collection HadronicFinalState: round_beam_four_momentum: no match for beam momentum 5.000 GeV within 10% of any of the allowed values.
[e:0] [JEventProcessorPODIO] [error] Omitting PODIO collection 'HadronicFinalState' due to exception: round_beam_four_momentum: no match for beam momentum 5.000 GeV within 10% of any of the allowed values.
[e:0] [JEventProcessorPODIO] [error] Omitting PODIO collection 'InclusiveKinematicsDA' due to exception: JOmniFactory: Failed to get collection HadronicFinalState: round_beam_four_momentum: no match for beam momentum 5.000 GeV within 10% of any of the allowed values.
[e:0] [JEventProcessorPODIO] [error] Omitting PODIO collection 'InclusiveKinematicsESigma' due to exception: JOmniFactory: Failed to get collection HadronicFinalState: round_beam_four_momentum: no match for beam momentum 5.000 GeV within 10% of any of the allowed values.
[e:0] [JEventProcessorPODIO] [error] Omitting PODIO collection 'InclusiveKinematicsElectron' due to exception: JOmniFactory: Failed to get collection HadronicFinalState: round_beam_four_momentum: no match for beam momentum 5.000 GeV within 10% of any of the allowed values.
[e:0] [JEventProcessorPODIO] [error] Omitting PODIO collection 'InclusiveKinematicsJB' due to exception: JOmniFactory: Failed to get collection HadronicFinalState: round_beam_four_momentum: no match for beam momentum 5.000 GeV within 10% of any of the allowed values.
[e:0] [JEventProcessorPODIO] [error] Omitting PODIO collection 'InclusiveKinematicsML' due to exception: JOmniFactory: Failed to get collection InclusiveKinematicsElectron: JOmniFactory: Failed to get collection HadronicFinalState: round_beam_four_momentum: no match for beam momentum 5.000 GeV within 10% of any of the allowed values.
[e:0] [JEventProcessorPODIO] [error] Omitting PODIO collection 'InclusiveKinematicsSigma' due to exception: JOmniFactory: Failed to get collection HadronicFinalState: round_beam_four_momentum: no match for beam momentum 5.000 GeV within 10% of any of the allowed values.
[e:0] [JEventProcessorPODIO] [error] Omitting PODIO collection 'InclusiveKinematicseSigma' due to exception: JOmniFactory: Failed to get collection InclusiveKinematicsESigma: JOmniFactory: Failed to get collection HadronicFinalState: round_beam_four_momentum: no match for beam momentum 5.000 GeV within 10% of any of the allowed values.
[e:0] [JEventProcessorPODIO] [error] Omitting PODIO collection 'ReconstructedBreitFrameParticles' due to exception: JOmniFactory: Failed to get collection InclusiveKinematicsElectron: JOmniFactory: Failed to get collection HadronicFinalState: round_beam_four_momentum: no match for beam momentum 5.000 GeV within 10% of any of the allowed values.
[e:0] [JEventProcessorPODIO] [error] Omitting PODIO collection 'ReconstructedCentauroJets' due to exception: JOmniFactory: Failed to get collection ReconstructedBreitFrameParticles: JOmniFactory: Failed to get collection InclusiveKinematicsElectron: JOmniFactory: Failed to get collection HadronicFinalState: round_beam_four_momentum: no match for beam momentum 5.000 GeV within 10% of any of the allowed values.
[e:0] [FOFFMTRK:ForwardOffMRecParticles] [error] No beam protons found
[e:0] [JEventProcessorPODIO] [error] Omitting PODIO collection 'ForwardOffMRecParticles' due to exception: No beam protons found.
[e:0] [RPOTS:ForwardRomanPotRecParticles] [error] No beam protons found
[e:0] [JEventProcessorPODIO] [error] Omitting PODIO collection 'ForwardRomanPotRecParticles' due to exception: No beam protons found.
[e:0] [RPOTS:ForwardRomanPotStaticRecParticles] [error] No beam protons found
[e:0] [JEventProcessorPODIO] [error] Omitting PODIO collection 'ForwardRomanPotStaticRecParticles' due to exception: No beam protons found.
[e:0] [JEventProcessorPODIO] [error] Omitting PODIO collection 'GeneratedBreitFrameParticles' due to exception: JOmniFactory: Failed to get collection InclusiveKinematicsElectron: JOmniFactory: Failed to get collection HadronicFinalState: round_beam_four_momentum: no match for beam momentum 5.000 GeV within 10% of any of the allowed values.
[e:0] [JEventProcessorPODIO] [error] Omitting PODIO collection 'GeneratedCentauroJets' due to exception: JOmniFactory: Failed to get collection GeneratedBreitFrameParticles: JOmniFactory: Failed to get collection InclusiveKinematicsElectron: JOmniFactory: Failed to get collection HadronicFinalState: round_beam_four_momentum: no match for beam momentum 5.000 GeV within 10% of any of the allowed values.
[e:0] [JEventProcessorPODIO] [error] Omitting PODIO collection 'HadronicFinalState' due to exception: round_beam_four_momentum: no match for beam momentum 5.000 GeV within 10% of any of the allowed values.
[e:0] [JEventProcessorPODIO] [error] Omitting PODIO collection 'InclusiveKinematicsDA' due to exception: JOmniFactory: Failed to get collection HadronicFinalState: round_beam_four_momentum: no match for beam momentum 5.000 GeV within 10% of any of the allowed values.
[e:0] [JEventProcessorPODIO] [error] Omitting PODIO collection 'InclusiveKinematicsESigma' due to exception: JOmniFactory: Failed to get collection HadronicFinalState: round_beam_four_momentum: no match for beam momentum 5.000 GeV within 10% of any of the allowed values.
[e:0] [JEventProcessorPODIO] [error] Omitting PODIO collection 'InclusiveKinematicsElectron' due to exception: JOmniFactory: Failed to get collection HadronicFinalState: round_beam_four_momentum: no match for beam momentum 5.000 GeV within 10% of any of the allowed values.
[e:0] [JEventProcessorPODIO] [error] Omitting PODIO collection 'InclusiveKinematicsJB' due to exception: JOmniFactory: Failed to get collection HadronicFinalState: round_beam_four_momentum: no match for beam momentum 5.000 GeV within 10% of any of the allowed values.
[e:0] [JEventProcessorPODIO] [error] Omitting PODIO collection 'InclusiveKinematicsML' due to exception: JOmniFactory: Failed to get collection InclusiveKinematicsElectron: JOmniFactory: Failed to get collection HadronicFinalState: round_beam_four_momentum: no match for beam momentum 5.000 GeV within 10% of any of the allowed values.
[e:0] [JEventProcessorPODIO] [error] Omitting PODIO collection 'InclusiveKinematicsSigma' due to exception: JOmniFactory: Failed to get collection HadronicFinalState: round_beam_four_momentum: no match for beam momentum 5.000 GeV within 10% of any of the allowed values.
[e:0] [JEventProcessorPODIO] [error] Omitting PODIO collection 'InclusiveKinematicseSigma' due to exception: JOmniFactory: Failed to get collection InclusiveKinematicsESigma: JOmniFactory: Failed to get collection HadronicFinalState: round_beam_four_momentum: no match for beam momentum 5.000 GeV within 10% of any of the allowed values.
[e:0] [JEventProcessorPODIO] [error] Omitting PODIO collection 'ReconstructedBreitFrameParticles' due to exception: JOmniFactory: Failed to get collection InclusiveKinematicsElectron: JOmniFactory: Failed to get collection HadronicFinalState: round_beam_four_momentum: no match for beam momentum 5.000 GeV within 10% of any of the allowed values.
[e:0] [JEventProcessorPODIO] [error] Omitting PODIO collection 'ReconstructedCentauroJets' due to exception: JOmniFactory: Failed to get collection ReconstructedBreitFrameParticles: JOmniFactory: Failed to get collection InclusiveKinematicsElectron: JOmniFactory: Failed to get collection HadronicFinalState: round_beam_four_momentum: no match for beam momentum 5.000 GeV within 10% of any of the allowed values.
[e:0] [FOFFMTRK:ForwardOffMRecParticles] [error] No beam protons found
[e:0] [JEventProcessorPODIO] [error] Omitting PODIO collection 'ForwardOffMRecParticles' due to exception: No beam protons found.
[e:0] [RPOTS:ForwardRomanPotRecParticles] [error] No beam protons found
[e:0] [JEventProcessorPODIO] [error] Omitting PODIO collection 'ForwardRomanPotRecParticles' due to exception: No beam protons found.
[e:0] [RPOTS:ForwardRomanPotStaticRecParticles] [error] No beam protons found
[e:0] [JEventProcessorPODIO] [error] Omitting PODIO collection 'ForwardRomanPotStaticRecParticles' due to exception: No beam protons found.
[e:0] [JEventProcessorPODIO] [error] Omitting PODIO collection 'GeneratedBreitFrameParticles' due to exception: JOmniFactory: Failed to get collection InclusiveKinematicsElectron: JOmniFactory: Failed to get collection HadronicFinalState: round_beam_four_momentum: no match for beam momentum 5.000 GeV within 10% of any of the allowed values.
[e:0] [JEventProcessorPODIO] [error] Omitting PODIO collection 'GeneratedCentauroJets' due to exception: JOmniFactory: Failed to get collection GeneratedBreitFrameParticles: JOmniFactory: Failed to get collection InclusiveKinematicsElectron: JOmniFactory: Failed to get collection HadronicFinalState: round_beam_four_momentum: no match for beam momentum 5.000 GeV within 10% of any of the allowed values.
[e:0] [JEventProcessorPODIO] [error] Omitting PODIO collection 'HadronicFinalState' due to exception: round_beam_four_momentum: no match for beam momentum 5.000 GeV within 10% of any of the allowed values.
[e:0] [JEventProcessorPODIO] [error] Omitting PODIO collection 'InclusiveKinematicsDA' due to exception: JOmniFactory: Failed to get collection HadronicFinalState: round_beam_four_momentum: no match for beam momentum 5.000 GeV within 10% of any of the allowed values.
[e:0] [JEventProcessorPODIO] [error] Omitting PODIO collection 'InclusiveKinematicsESigma' due to exception: JOmniFactory: Failed to get collection HadronicFinalState: round_beam_four_momentum: no match for beam momentum 5.000 GeV within 10% of any of the allowed values.
[e:0] [JEventProcessorPODIO] [error] Omitting PODIO collection 'InclusiveKinematicsElectron' due to exception: JOmniFactory: Failed to get collection HadronicFinalState: round_beam_four_momentum: no match for beam momentum 5.000 GeV within 10% of any of the allowed values.
[e:0] [JEventProcessorPODIO] [error] Omitting PODIO collection 'InclusiveKinematicsJB' due to exception: JOmniFactory: Failed to get collection HadronicFinalState: round_beam_four_momentum: no match for beam momentum 5.000 GeV within 10% of any of the allowed values.
[e:0] [JEventProcessorPODIO] [error] Omitting PODIO collection 'InclusiveKinematicsML' due to exception: JOmniFactory: Failed to get collection InclusiveKinematicsElectron: JOmniFactory: Failed to get collection HadronicFinalState: round_beam_four_momentum: no match for beam momentum 5.000 GeV within 10% of any of the allowed values.
[e:0] [JEventProcessorPODIO] [error] Omitting PODIO collection 'InclusiveKinematicsSigma' due to exception: JOmniFactory: Failed to get collection HadronicFinalState: round_beam_four_momentum: no match for beam momentum 5.000 GeV within 10% of any of the allowed values.
[e:0] [JEventProcessorPODIO] [error] Omitting PODIO collection 'InclusiveKinematicseSigma' due to exception: JOmniFactory: Failed to get collection InclusiveKinematicsESigma: JOmniFactory: Failed to get collection HadronicFinalState: round_beam_four_momentum: no match for beam momentum 5.000 GeV within 10% of any of the allowed values.
[e:0] [JEventProcessorPODIO] [error] Omitting PODIO collection 'ReconstructedBreitFrameParticles' due to exception: JOmniFactory: Failed to get collection InclusiveKinematicsElectron: JOmniFactory: Failed to get collection HadronicFinalState: round_beam_four_momentum: no match for beam momentum 5.000 GeV within 10% of any of the allowed values.
[e:0] [JEventProcessorPODIO] [error] Omitting PODIO collection 'ReconstructedCentauroJets' due to exception: JOmniFactory: Failed to get collection ReconstructedBreitFrameParticles: JOmniFactory: Failed to get collection InclusiveKinematicsElectron: JOmniFactory: Failed to get collection HadronicFinalState: round_beam_four_momentum: no match for beam momentum 5.000 GeV within 10% of any of the allowed values.
[e:0] [FOFFMTRK:ForwardOffMRecParticles] [error] No beam protons found
[e:0] [JEventProcessorPODIO] [error] Omitting PODIO collection 'ForwardOffMRecParticles' due to exception: No beam protons found.
[e:0] [RPOTS:ForwardRomanPotRecParticles] [error] No beam protons found
[e:0] [JEventProcessorPODIO] [error] Omitting PODIO collection 'ForwardRomanPotRecParticles' due to exception: No beam protons found.
[e:0] [RPOTS:ForwardRomanPotStaticRecParticles] [error] No beam protons found
[e:0] [JEventProcessorPODIO] [error] Omitting PODIO collection 'ForwardRomanPotStaticRecParticles' due to exception: No beam protons found.
[e:0] [JEventProcessorPODIO] [error] Omitting PODIO collection 'GeneratedBreitFrameParticles' due to exception: JOmniFactory: Failed to get collection InclusiveKinematicsElectron: JOmniFactory: Failed to get collection HadronicFinalState: round_beam_four_momentum: no match for beam momentum 5.000 GeV within 10% of any of the allowed values.
[e:0] [JEventProcessorPODIO] [error] Omitting PODIO collection 'GeneratedCentauroJets' due to exception: JOmniFactory: Failed to get collection GeneratedBreitFrameParticles: JOmniFactory: Failed to get collection InclusiveKinematicsElectron: JOmniFactory: Failed to get collection HadronicFinalState: round_beam_four_momentum: no match for beam momentum 5.000 GeV within 10% of any of the allowed values.
[e:0] [JEventProcessorPODIO] [error] Omitting PODIO collection 'HadronicFinalState' due to exception: round_beam_four_momentum: no match for beam momentum 5.000 GeV within 10% of any of the allowed values.
[e:0] [JEventProcessorPODIO] [error] Omitting PODIO collection 'InclusiveKinematicsDA' due to exception: JOmniFactory: Failed to get collection HadronicFinalState: round_beam_four_momentum: no match for beam momentum 5.000 GeV within 10% of any of the allowed values.
[e:0] [JEventProcessorPODIO] [error] Omitting PODIO collection 'InclusiveKinematicsESigma' due to exception: JOmniFactory: Failed to get collection HadronicFinalState: round_beam_four_momentum: no match for beam momentum 5.000 GeV within 10% of any of the allowed values.
[e:0] [JEventProcessorPODIO] [error] Omitting PODIO collection 'InclusiveKinematicsElectron' due to exception: JOmniFactory: Failed to get collection HadronicFinalState: round_beam_four_momentum: no match for beam momentum 5.000 GeV within 10% of any of the allowed values.
[e:0] [JEventProcessorPODIO] [error] Omitting PODIO collection 'InclusiveKinematicsJB' due to exception: JOmniFactory: Failed to get collection HadronicFinalState: round_beam_four_momentum: no match for beam momentum 5.000 GeV within 10% of any of the allowed values.
[e:0] [JEventProcessorPODIO] [error] Omitting PODIO collection 'InclusiveKinematicsML' due to exception: JOmniFactory: Failed to get collection InclusiveKinematicsElectron: JOmniFactory: Failed to get collection HadronicFinalState: round_beam_four_momentum: no match for beam momentum 5.000 GeV within 10% of any of the allowed values.
[e:0] [JEventProcessorPODIO] [error] Omitting PODIO collection 'InclusiveKinematicsSigma' due to exception: JOmniFactory: Failed to get collection HadronicFinalState: round_beam_four_momentum: no match for beam momentum 5.000 GeV within 10% of any of the allowed values.
[e:0] [JEventProcessorPODIO] [error] Omitting PODIO collection 'InclusiveKinematicseSigma' due to exception: JOmniFactory: Failed to get collection InclusiveKinematicsESigma: JOmniFactory: Failed to get collection HadronicFinalState: round_beam_four_momentum: no match for beam momentum 5.000 GeV within 10% of any of the allowed values.
[e:0] [JEventProcessorPODIO] [error] Omitting PODIO collection 'ReconstructedBreitFrameParticles' due to exception: JOmniFactory: Failed to get collection InclusiveKinematicsElectron: JOmniFactory: Failed to get collection HadronicFinalState: round_beam_four_momentum: no match for beam momentum 5.000 GeV within 10% of any of the allowed values.
[e:0] [JEventProcessorPODIO] [error] Omitting PODIO collection 'ReconstructedCentauroJets' due to exception: JOmniFactory: Failed to get collection ReconstructedBreitFrameParticles: JOmniFactory: Failed to get collection InclusiveKinematicsElectron: JOmniFactory: Failed to get collection HadronicFinalState: round_beam_four_momentum: no match for beam momentum 5.000 GeV within 10% of any of the allowed values.
[e:0] [FOFFMTRK:ForwardOffMRecParticles] [error] No beam protons found
[e:0] [JEventProcessorPODIO] [error] Omitting PODIO collection 'ForwardOffMRecParticles' due to exception: No beam protons found.
[e:0] [RPOTS:ForwardRomanPotRecParticles] [error] No beam protons found
[e:0] [JEventProcessorPODIO] [error] Omitting PODIO collection 'ForwardRomanPotRecParticles' due to exception: No beam protons found.
[e:0] [RPOTS:ForwardRomanPotStaticRecParticles] [error] No beam protons found
[e:0] [JEventProcessorPODIO] [error] Omitting PODIO collection 'ForwardRomanPotStaticRecParticles' due to exception: No beam protons found.
[e:0] [JEventProcessorPODIO] [error] Omitting PODIO collection 'GeneratedBreitFrameParticles' due to exception: JOmniFactory: Failed to get collection InclusiveKinematicsElectron: JOmniFactory: Failed to get collection HadronicFinalState: round_beam_four_momentum: no match for beam momentum 5.000 GeV within 10% of any of the allowed values.
[e:0] [JEventProcessorPODIO] [error] Omitting PODIO collection 'GeneratedCentauroJets' due to exception: JOmniFactory: Failed to get collection GeneratedBreitFrameParticles: JOmniFactory: Failed to get collection InclusiveKinematicsElectron: JOmniFactory: Failed to get collection HadronicFinalState: round_beam_four_momentum: no match for beam momentum 5.000 GeV within 10% of any of the allowed values.
[e:0] [JEventProcessorPODIO] [error] Omitting PODIO collection 'HadronicFinalState' due to exception: round_beam_four_momentum: no match for beam momentum 5.000 GeV within 10% of any of the allowed values.
[e:0] [JEventProcessorPODIO] [error] Omitting PODIO collection 'InclusiveKinematicsDA' due to exception: JOmniFactory: Failed to get collection HadronicFinalState: round_beam_four_momentum: no match for beam momentum 5.000 GeV within 10% of any of the allowed values.
[e:0] [JEventProcessorPODIO] [error] Omitting PODIO collection 'InclusiveKinematicsESigma' due to exception: JOmniFactory: Failed to get collection HadronicFinalState: round_beam_four_momentum: no match for beam momentum 5.000 GeV within 10% of any of the allowed values.
[e:0] [JEventProcessorPODIO] [error] Omitting PODIO collection 'InclusiveKinematicsElectron' due to exception: JOmniFactory: Failed to get collection HadronicFinalState: round_beam_four_momentum: no match for beam momentum 5.000 GeV within 10% of any of the allowed values.
[e:0] [JEventProcessorPODIO] [error] Omitting PODIO collection 'InclusiveKinematicsJB' due to exception: JOmniFactory: Failed to get collection HadronicFinalState: round_beam_four_momentum: no match for beam momentum 5.000 GeV within 10% of any of the allowed values.
[e:0] [JEventProcessorPODIO] [error] Omitting PODIO collection 'InclusiveKinematicsML' due to exception: JOmniFactory: Failed to get collection InclusiveKinematicsElectron: JOmniFactory: Failed to get collection HadronicFinalState: round_beam_four_momentum: no match for beam momentum 5.000 GeV within 10% of any of the allowed values.
[e:0] [JEventProcessorPODIO] [error] Omitting PODIO collection 'InclusiveKinematicsSigma' due to exception: JOmniFactory: Failed to get collection HadronicFinalState: round_beam_four_momentum: no match for beam momentum 5.000 GeV within 10% of any of the allowed values.
[e:0] [JEventProcessorPODIO] [error] Omitting PODIO collection 'InclusiveKinematicseSigma' due to exception: JOmniFactory: Failed to get collection InclusiveKinematicsESigma: JOmniFactory: Failed to get collection HadronicFinalState: round_beam_four_momentum: no match for beam momentum 5.000 GeV within 10% of any of the allowed values.
[e:0] [JEventProcessorPODIO] [error] Omitting PODIO collection 'ReconstructedBreitFrameParticles' due to exception: JOmniFactory: Failed to get collection InclusiveKinematicsElectron: JOmniFactory: Failed to get collection HadronicFinalState: round_beam_four_momentum: no match for beam momentum 5.000 GeV within 10% of any of the allowed values.
[e:0] [JEventProcessorPODIO] [error] Omitting PODIO collection 'ReconstructedCentauroJets' due to exception: JOmniFactory: Failed to get collection ReconstructedBreitFrameParticles: JOmniFactory: Failed to get collection InclusiveKinematicsElectron: JOmniFactory: Failed to get collection HadronicFinalState: round_beam_four_momentum: no match for beam momentum 5.000 GeV within 10% of any of the allowed values.
11:12:58.893  [info] Status: 90 events processed at 10.0 Hz (10.6 Hz avg)
[e:0] [FOFFMTRK:ForwardOffMRecParticles] [error] No beam protons found
[e:0] [JEventProcessorPODIO] [error] Omitting PODIO collection 'ForwardOffMRecParticles' due to exception: No beam protons found.
[e:0] [RPOTS:ForwardRomanPotRecParticles] [error] No beam protons found
[e:0] [JEventProcessorPODIO] [error] Omitting PODIO collection 'ForwardRomanPotRecParticles' due to exception: No beam protons found.
[e:0] [RPOTS:ForwardRomanPotStaticRecParticles] [error] No beam protons found
[e:0] [JEventProcessorPODIO] [error] Omitting PODIO collection 'ForwardRomanPotStaticRecParticles' due to exception: No beam protons found.
[e:0] [JEventProcessorPODIO] [error] Omitting PODIO collection 'GeneratedBreitFrameParticles' due to exception: JOmniFactory: Failed to get collection InclusiveKinematicsElectron: JOmniFactory: Failed to get collection HadronicFinalState: round_beam_four_momentum: no match for beam momentum 5.000 GeV within 10% of any of the allowed values.
[e:0] [JEventProcessorPODIO] [error] Omitting PODIO collection 'GeneratedCentauroJets' due to exception: JOmniFactory: Failed to get collection GeneratedBreitFrameParticles: JOmniFactory: Failed to get collection InclusiveKinematicsElectron: JOmniFactory: Failed to get collection HadronicFinalState: round_beam_four_momentum: no match for beam momentum 5.000 GeV within 10% of any of the allowed values.
[e:0] [JEventProcessorPODIO] [error] Omitting PODIO collection 'HadronicFinalState' due to exception: round_beam_four_momentum: no match for beam momentum 5.000 GeV within 10% of any of the allowed values.
[e:0] [JEventProcessorPODIO] [error] Omitting PODIO collection 'InclusiveKinematicsDA' due to exception: JOmniFactory: Failed to get collection HadronicFinalState: round_beam_four_momentum: no match for beam momentum 5.000 GeV within 10% of any of the allowed values.
[e:0] [JEventProcessorPODIO] [error] Omitting PODIO collection 'InclusiveKinematicsESigma' due to exception: JOmniFactory: Failed to get collection HadronicFinalState: round_beam_four_momentum: no match for beam momentum 5.000 GeV within 10% of any of the allowed values.
[e:0] [JEventProcessorPODIO] [error] Omitting PODIO collection 'InclusiveKinematicsElectron' due to exception: JOmniFactory: Failed to get collection HadronicFinalState: round_beam_four_momentum: no match for beam momentum 5.000 GeV within 10% of any of the allowed values.
[e:0] [JEventProcessorPODIO] [error] Omitting PODIO collection 'InclusiveKinematicsJB' due to exception: JOmniFactory: Failed to get collection HadronicFinalState: round_beam_four_momentum: no match for beam momentum 5.000 GeV within 10% of any of the allowed values.
[e:0] [JEventProcessorPODIO] [error] Omitting PODIO collection 'InclusiveKinematicsML' due to exception: JOmniFactory: Failed to get collection InclusiveKinematicsElectron: JOmniFactory: Failed to get collection HadronicFinalState: round_beam_four_momentum: no match for beam momentum 5.000 GeV within 10% of any of the allowed values.
[e:0] [JEventProcessorPODIO] [error] Omitting PODIO collection 'InclusiveKinematicsSigma' due to exception: JOmniFactory: Failed to get collection HadronicFinalState: round_beam_four_momentum: no match for beam momentum 5.000 GeV within 10% of any of the allowed values.
[e:0] [JEventProcessorPODIO] [error] Omitting PODIO collection 'InclusiveKinematicseSigma' due to exception: JOmniFactory: Failed to get collection InclusiveKinematicsESigma: JOmniFactory: Failed to get collection HadronicFinalState: round_beam_four_momentum: no match for beam momentum 5.000 GeV within 10% of any of the allowed values.
[e:0] [JEventProcessorPODIO] [error] Omitting PODIO collection 'ReconstructedBreitFrameParticles' due to exception: JOmniFactory: Failed to get collection InclusiveKinematicsElectron: JOmniFactory: Failed to get collection HadronicFinalState: round_beam_four_momentum: no match for beam momentum 5.000 GeV within 10% of any of the allowed values.
[e:0] [JEventProcessorPODIO] [error] Omitting PODIO collection 'ReconstructedCentauroJets' due to exception: JOmniFactory: Failed to get collection ReconstructedBreitFrameParticles: JOmniFactory: Failed to get collection InclusiveKinematicsElectron: JOmniFactory: Failed to get collection HadronicFinalState: round_beam_four_momentum: no match for beam momentum 5.000 GeV within 10% of any of the allowed values.
[e:0] [FOFFMTRK:ForwardOffMRecParticles] [error] No beam protons found
[e:0] [JEventProcessorPODIO] [error] Omitting PODIO collection 'ForwardOffMRecParticles' due to exception: No beam protons found.
[e:0] [RPOTS:ForwardRomanPotRecParticles] [error] No beam protons found
[e:0] [JEventProcessorPODIO] [error] Omitting PODIO collection 'ForwardRomanPotRecParticles' due to exception: No beam protons found.
[e:0] [RPOTS:ForwardRomanPotStaticRecParticles] [error] No beam protons found
[e:0] [JEventProcessorPODIO] [error] Omitting PODIO collection 'ForwardRomanPotStaticRecParticles' due to exception: No beam protons found.
[e:0] [JEventProcessorPODIO] [error] Omitting PODIO collection 'GeneratedBreitFrameParticles' due to exception: JOmniFactory: Failed to get collection InclusiveKinematicsElectron: JOmniFactory: Failed to get collection HadronicFinalState: round_beam_four_momentum: no match for beam momentum 5.000 GeV within 10% of any of the allowed values.
[e:0] [JEventProcessorPODIO] [error] Omitting PODIO collection 'GeneratedCentauroJets' due to exception: JOmniFactory: Failed to get collection GeneratedBreitFrameParticles: JOmniFactory: Failed to get collection InclusiveKinematicsElectron: JOmniFactory: Failed to get collection HadronicFinalState: round_beam_four_momentum: no match for beam momentum 5.000 GeV within 10% of any of the allowed values.
[e:0] [JEventProcessorPODIO] [error] Omitting PODIO collection 'HadronicFinalState' due to exception: round_beam_four_momentum: no match for beam momentum 5.000 GeV within 10% of any of the allowed values.
[e:0] [JEventProcessorPODIO] [error] Omitting PODIO collection 'InclusiveKinematicsDA' due to exception: JOmniFactory: Failed to get collection HadronicFinalState: round_beam_four_momentum: no match for beam momentum 5.000 GeV within 10% of any of the allowed values.
[e:0] [JEventProcessorPODIO] [error] Omitting PODIO collection 'InclusiveKinematicsESigma' due to exception: JOmniFactory: Failed to get collection HadronicFinalState: round_beam_four_momentum: no match for beam momentum 5.000 GeV within 10% of any of the allowed values.
[e:0] [JEventProcessorPODIO] [error] Omitting PODIO collection 'InclusiveKinematicsElectron' due to exception: JOmniFactory: Failed to get collection HadronicFinalState: round_beam_four_momentum: no match for beam momentum 5.000 GeV within 10% of any of the allowed values.
[e:0] [JEventProcessorPODIO] [error] Omitting PODIO collection 'InclusiveKinematicsJB' due to exception: JOmniFactory: Failed to get collection HadronicFinalState: round_beam_four_momentum: no match for beam momentum 5.000 GeV within 10% of any of the allowed values.
[e:0] [JEventProcessorPODIO] [error] Omitting PODIO collection 'InclusiveKinematicsML' due to exception: JOmniFactory: Failed to get collection InclusiveKinematicsElectron: JOmniFactory: Failed to get collection HadronicFinalState: round_beam_four_momentum: no match for beam momentum 5.000 GeV within 10% of any of the allowed values.
[e:0] [JEventProcessorPODIO] [error] Omitting PODIO collection 'InclusiveKinematicsSigma' due to exception: JOmniFactory: Failed to get collection HadronicFinalState: round_beam_four_momentum: no match for beam momentum 5.000 GeV within 10% of any of the allowed values.
[e:0] [JEventProcessorPODIO] [error] Omitting PODIO collection 'InclusiveKinematicseSigma' due to exception: JOmniFactory: Failed to get collection InclusiveKinematicsESigma: JOmniFactory: Failed to get collection HadronicFinalState: round_beam_four_momentum: no match for beam momentum 5.000 GeV within 10% of any of the allowed values.
[e:0] [JEventProcessorPODIO] [error] Omitting PODIO collection 'ReconstructedBreitFrameParticles' due to exception: JOmniFactory: Failed to get collection InclusiveKinematicsElectron: JOmniFactory: Failed to get collection HadronicFinalState: round_beam_four_momentum: no match for beam momentum 5.000 GeV within 10% of any of the allowed values.
[e:0] [JEventProcessorPODIO] [error] Omitting PODIO collection 'ReconstructedCentauroJets' due to exception: JOmniFactory: Failed to get collection ReconstructedBreitFrameParticles: JOmniFactory: Failed to get collection InclusiveKinematicsElectron: JOmniFactory: Failed to get collection HadronicFinalState: round_beam_four_momentum: no match for beam momentum 5.000 GeV within 10% of any of the allowed values.
[e:0] [FOFFMTRK:ForwardOffMRecParticles] [error] No beam protons found
[e:0] [JEventProcessorPODIO] [error] Omitting PODIO collection 'ForwardOffMRecParticles' due to exception: No beam protons found.
[e:0] [RPOTS:ForwardRomanPotRecParticles] [error] No beam protons found
[e:0] [JEventProcessorPODIO] [error] Omitting PODIO collection 'ForwardRomanPotRecParticles' due to exception: No beam protons found.
[e:0] [RPOTS:ForwardRomanPotStaticRecParticles] [error] No beam protons found
[e:0] [JEventProcessorPODIO] [error] Omitting PODIO collection 'ForwardRomanPotStaticRecParticles' due to exception: No beam protons found.
[e:0] [JEventProcessorPODIO] [error] Omitting PODIO collection 'GeneratedBreitFrameParticles' due to exception: JOmniFactory: Failed to get collection InclusiveKinematicsElectron: JOmniFactory: Failed to get collection HadronicFinalState: round_beam_four_momentum: no match for beam momentum 5.000 GeV within 10% of any of the allowed values.
[e:0] [JEventProcessorPODIO] [error] Omitting PODIO collection 'GeneratedCentauroJets' due to exception: JOmniFactory: Failed to get collection GeneratedBreitFrameParticles: JOmniFactory: Failed to get collection InclusiveKinematicsElectron: JOmniFactory: Failed to get collection HadronicFinalState: round_beam_four_momentum: no match for beam momentum 5.000 GeV within 10% of any of the allowed values.
[e:0] [JEventProcessorPODIO] [error] Omitting PODIO collection 'HadronicFinalState' due to exception: round_beam_four_momentum: no match for beam momentum 5.000 GeV within 10% of any of the allowed values.
[e:0] [JEventProcessorPODIO] [error] Omitting PODIO collection 'InclusiveKinematicsDA' due to exception: JOmniFactory: Failed to get collection HadronicFinalState: round_beam_four_momentum: no match for beam momentum 5.000 GeV within 10% of any of the allowed values.
[e:0] [JEventProcessorPODIO] [error] Omitting PODIO collection 'InclusiveKinematicsESigma' due to exception: JOmniFactory: Failed to get collection HadronicFinalState: round_beam_four_momentum: no match for beam momentum 5.000 GeV within 10% of any of the allowed values.
[e:0] [JEventProcessorPODIO] [error] Omitting PODIO collection 'InclusiveKinematicsElectron' due to exception: JOmniFactory: Failed to get collection HadronicFinalState: round_beam_four_momentum: no match for beam momentum 5.000 GeV within 10% of any of the allowed values.
[e:0] [JEventProcessorPODIO] [error] Omitting PODIO collection 'InclusiveKinematicsJB' due to exception: JOmniFactory: Failed to get collection HadronicFinalState: round_beam_four_momentum: no match for beam momentum 5.000 GeV within 10% of any of the allowed values.
[e:0] [JEventProcessorPODIO] [error] Omitting PODIO collection 'InclusiveKinematicsML' due to exception: JOmniFactory: Failed to get collection InclusiveKinematicsElectron: JOmniFactory: Failed to get collection HadronicFinalState: round_beam_four_momentum: no match for beam momentum 5.000 GeV within 10% of any of the allowed values.
[e:0] [JEventProcessorPODIO] [error] Omitting PODIO collection 'InclusiveKinematicsSigma' due to exception: JOmniFactory: Failed to get collection HadronicFinalState: round_beam_four_momentum: no match for beam momentum 5.000 GeV within 10% of any of the allowed values.
[e:0] [JEventProcessorPODIO] [error] Omitting PODIO collection 'InclusiveKinematicseSigma' due to exception: JOmniFactory: Failed to get collection InclusiveKinematicsESigma: JOmniFactory: Failed to get collection HadronicFinalState: round_beam_four_momentum: no match for beam momentum 5.000 GeV within 10% of any of the allowed values.
[e:0] [JEventProcessorPODIO] [error] Omitting PODIO collection 'ReconstructedBreitFrameParticles' due to exception: JOmniFactory: Failed to get collection InclusiveKinematicsElectron: JOmniFactory: Failed to get collection HadronicFinalState: round_beam_four_momentum: no match for beam momentum 5.000 GeV within 10% of any of the allowed values.
[e:0] [JEventProcessorPODIO] [error] Omitting PODIO collection 'ReconstructedCentauroJets' due to exception: JOmniFactory: Failed to get collection ReconstructedBreitFrameParticles: JOmniFactory: Failed to get collection InclusiveKinematicsElectron: JOmniFactory: Failed to get collection HadronicFinalState: round_beam_four_momentum: no match for beam momentum 5.000 GeV within 10% of any of the allowed values.
[e:0] [FOFFMTRK:ForwardOffMRecParticles] [error] No beam protons found
[e:0] [JEventProcessorPODIO] [error] Omitting PODIO collection 'ForwardOffMRecParticles' due to exception: No beam protons found.
[e:0] [RPOTS:ForwardRomanPotRecParticles] [error] No beam protons found
[e:0] [JEventProcessorPODIO] [error] Omitting PODIO collection 'ForwardRomanPotRecParticles' due to exception: No beam protons found.
[e:0] [RPOTS:ForwardRomanPotStaticRecParticles] [error] No beam protons found
[e:0] [JEventProcessorPODIO] [error] Omitting PODIO collection 'ForwardRomanPotStaticRecParticles' due to exception: No beam protons found.
[e:0] [JEventProcessorPODIO] [error] Omitting PODIO collection 'GeneratedBreitFrameParticles' due to exception: JOmniFactory: Failed to get collection InclusiveKinematicsElectron: JOmniFactory: Failed to get collection HadronicFinalState: round_beam_four_momentum: no match for beam momentum 5.000 GeV within 10% of any of the allowed values.
[e:0] [JEventProcessorPODIO] [error] Omitting PODIO collection 'GeneratedCentauroJets' due to exception: JOmniFactory: Failed to get collection GeneratedBreitFrameParticles: JOmniFactory: Failed to get collection InclusiveKinematicsElectron: JOmniFactory: Failed to get collection HadronicFinalState: round_beam_four_momentum: no match for beam momentum 5.000 GeV within 10% of any of the allowed values.
[e:0] [JEventProcessorPODIO] [error] Omitting PODIO collection 'HadronicFinalState' due to exception: round_beam_four_momentum: no match for beam momentum 5.000 GeV within 10% of any of the allowed values.
[e:0] [JEventProcessorPODIO] [error] Omitting PODIO collection 'InclusiveKinematicsDA' due to exception: JOmniFactory: Failed to get collection HadronicFinalState: round_beam_four_momentum: no match for beam momentum 5.000 GeV within 10% of any of the allowed values.
[e:0] [JEventProcessorPODIO] [error] Omitting PODIO collection 'InclusiveKinematicsESigma' due to exception: JOmniFactory: Failed to get collection HadronicFinalState: round_beam_four_momentum: no match for beam momentum 5.000 GeV within 10% of any of the allowed values.
[e:0] [JEventProcessorPODIO] [error] Omitting PODIO collection 'InclusiveKinematicsElectron' due to exception: JOmniFactory: Failed to get collection HadronicFinalState: round_beam_four_momentum: no match for beam momentum 5.000 GeV within 10% of any of the allowed values.
[e:0] [JEventProcessorPODIO] [error] Omitting PODIO collection 'InclusiveKinematicsJB' due to exception: JOmniFactory: Failed to get collection HadronicFinalState: round_beam_four_momentum: no match for beam momentum 5.000 GeV within 10% of any of the allowed values.
[e:0] [JEventProcessorPODIO] [error] Omitting PODIO collection 'InclusiveKinematicsML' due to exception: JOmniFactory: Failed to get collection InclusiveKinematicsElectron: JOmniFactory: Failed to get collection HadronicFinalState: round_beam_four_momentum: no match for beam momentum 5.000 GeV within 10% of any of the allowed values.
[e:0] [JEventProcessorPODIO] [error] Omitting PODIO collection 'InclusiveKinematicsSigma' due to exception: JOmniFactory: Failed to get collection HadronicFinalState: round_beam_four_momentum: no match for beam momentum 5.000 GeV within 10% of any of the allowed values.
[e:0] [JEventProcessorPODIO] [error] Omitting PODIO collection 'InclusiveKinematicseSigma' due to exception: JOmniFactory: Failed to get collection InclusiveKinematicsESigma: JOmniFactory: Failed to get collection HadronicFinalState: round_beam_four_momentum: no match for beam momentum 5.000 GeV within 10% of any of the allowed values.
[e:0] [JEventProcessorPODIO] [error] Omitting PODIO collection 'ReconstructedBreitFrameParticles' due to exception: JOmniFactory: Failed to get collection InclusiveKinematicsElectron: JOmniFactory: Failed to get collection HadronicFinalState: round_beam_four_momentum: no match for beam momentum 5.000 GeV within 10% of any of the allowed values.
[e:0] [JEventProcessorPODIO] [error] Omitting PODIO collection 'ReconstructedCentauroJets' due to exception: JOmniFactory: Failed to get collection ReconstructedBreitFrameParticles: JOmniFactory: Failed to get collection InclusiveKinematicsElectron: JOmniFactory: Failed to get collection HadronicFinalState: round_beam_four_momentum: no match for beam momentum 5.000 GeV within 10% of any of the allowed values.
[e:0] [FOFFMTRK:ForwardOffMRecParticles] [error] No beam protons found
[e:0] [JEventProcessorPODIO] [error] Omitting PODIO collection 'ForwardOffMRecParticles' due to exception: No beam protons found.
[e:0] [RPOTS:ForwardRomanPotRecParticles] [error] No beam protons found
[e:0] [JEventProcessorPODIO] [error] Omitting PODIO collection 'ForwardRomanPotRecParticles' due to exception: No beam protons found.
[e:0] [RPOTS:ForwardRomanPotStaticRecParticles] [error] No beam protons found
[e:0] [JEventProcessorPODIO] [error] Omitting PODIO collection 'ForwardRomanPotStaticRecParticles' due to exception: No beam protons found.
[e:0] [JEventProcessorPODIO] [error] Omitting PODIO collection 'GeneratedBreitFrameParticles' due to exception: JOmniFactory: Failed to get collection InclusiveKinematicsElectron: JOmniFactory: Failed to get collection HadronicFinalState: round_beam_four_momentum: no match for beam momentum 5.000 GeV within 10% of any of the allowed values.
[e:0] [JEventProcessorPODIO] [error] Omitting PODIO collection 'GeneratedCentauroJets' due to exception: JOmniFactory: Failed to get collection GeneratedBreitFrameParticles: JOmniFactory: Failed to get collection InclusiveKinematicsElectron: JOmniFactory: Failed to get collection HadronicFinalState: round_beam_four_momentum: no match for beam momentum 5.000 GeV within 10% of any of the allowed values.
[e:0] [JEventProcessorPODIO] [error] Omitting PODIO collection 'HadronicFinalState' due to exception: round_beam_four_momentum: no match for beam momentum 5.000 GeV within 10% of any of the allowed values.
[e:0] [JEventProcessorPODIO] [error] Omitting PODIO collection 'InclusiveKinematicsDA' due to exception: JOmniFactory: Failed to get collection HadronicFinalState: round_beam_four_momentum: no match for beam momentum 5.000 GeV within 10% of any of the allowed values.
[e:0] [JEventProcessorPODIO] [error] Omitting PODIO collection 'InclusiveKinematicsESigma' due to exception: JOmniFactory: Failed to get collection HadronicFinalState: round_beam_four_momentum: no match for beam momentum 5.000 GeV within 10% of any of the allowed values.
[e:0] [JEventProcessorPODIO] [error] Omitting PODIO collection 'InclusiveKinematicsElectron' due to exception: JOmniFactory: Failed to get collection HadronicFinalState: round_beam_four_momentum: no match for beam momentum 5.000 GeV within 10% of any of the allowed values.
[e:0] [JEventProcessorPODIO] [error] Omitting PODIO collection 'InclusiveKinematicsJB' due to exception: JOmniFactory: Failed to get collection HadronicFinalState: round_beam_four_momentum: no match for beam momentum 5.000 GeV within 10% of any of the allowed values.
[e:0] [JEventProcessorPODIO] [error] Omitting PODIO collection 'InclusiveKinematicsML' due to exception: JOmniFactory: Failed to get collection InclusiveKinematicsElectron: JOmniFactory: Failed to get collection HadronicFinalState: round_beam_four_momentum: no match for beam momentum 5.000 GeV within 10% of any of the allowed values.
[e:0] [JEventProcessorPODIO] [error] Omitting PODIO collection 'InclusiveKinematicsSigma' due to exception: JOmniFactory: Failed to get collection HadronicFinalState: round_beam_four_momentum: no match for beam momentum 5.000 GeV within 10% of any of the allowed values.
[e:0] [JEventProcessorPODIO] [error] Omitting PODIO collection 'InclusiveKinematicseSigma' due to exception: JOmniFactory: Failed to get collection InclusiveKinematicsESigma: JOmniFactory: Failed to get collection HadronicFinalState: round_beam_four_momentum: no match for beam momentum 5.000 GeV within 10% of any of the allowed values.
[e:0] [JEventProcessorPODIO] [error] Omitting PODIO collection 'ReconstructedBreitFrameParticles' due to exception: JOmniFactory: Failed to get collection InclusiveKinematicsElectron: JOmniFactory: Failed to get collection HadronicFinalState: round_beam_four_momentum: no match for beam momentum 5.000 GeV within 10% of any of the allowed values.
[e:0] [JEventProcessorPODIO] [error] Omitting PODIO collection 'ReconstructedCentauroJets' due to exception: JOmniFactory: Failed to get collection ReconstructedBreitFrameParticles: JOmniFactory: Failed to get collection InclusiveKinematicsElectron: JOmniFactory: Failed to get collection HadronicFinalState: round_beam_four_momentum: no match for beam momentum 5.000 GeV within 10% of any of the allowed values.
[e:0] [FOFFMTRK:ForwardOffMRecParticles] [error] No beam protons found
[e:0] [JEventProcessorPODIO] [error] Omitting PODIO collection 'ForwardOffMRecParticles' due to exception: No beam protons found.
[e:0] [RPOTS:ForwardRomanPotRecParticles] [error] No beam protons found
11:12:59.393  [info] Status: 96 events processed at 12.0 Hz (10.7 Hz avg)
[e:0] [RPOTS:ForwardRomanPotStaticRecParticles] [error] No beam protons found
[e:0] [JEventProcessorPODIO] [error] Omitting PODIO collection 'ForwardRomanPotStaticRecParticles' due to exception: No beam protons found.
[e:0] [JEventProcessorPODIO] [error] Omitting PODIO collection 'GeneratedBreitFrameParticles' due to exception: JOmniFactory: Failed to get collection InclusiveKinematicsElectron: JOmniFactory: Failed to get collection HadronicFinalState: round_beam_four_momentum: no match for beam momentum 5.000 GeV within 10% of any of the allowed values.
[e:0] [JEventProcessorPODIO] [error] Omitting PODIO collection 'GeneratedCentauroJets' due to exception: JOmniFactory: Failed to get collection GeneratedBreitFrameParticles: JOmniFactory: Failed to get collection InclusiveKinematicsElectron: JOmniFactory: Failed to get collection HadronicFinalState: round_beam_four_momentum: no match for beam momentum 5.000 GeV within 10% of any of the allowed values.
[e:0] [JEventProcessorPODIO] [error] Omitting PODIO collection 'HadronicFinalState' due to exception: round_beam_four_momentum: no match for beam momentum 5.000 GeV within 10% of any of the allowed values.
[e:0] [JEventProcessorPODIO] [error] Omitting PODIO collection 'InclusiveKinematicsDA' due to exception: JOmniFactory: Failed to get collection HadronicFinalState: round_beam_four_momentum: no match for beam momentum 5.000 GeV within 10% of any of the allowed values.
[e:0] [JEventProcessorPODIO] [error] Omitting PODIO collection 'InclusiveKinematicsESigma' due to exception: JOmniFactory: Failed to get collection HadronicFinalState: round_beam_four_momentum: no match for beam momentum 5.000 GeV within 10% of any of the allowed values.
[e:0] [JEventProcessorPODIO] [error] Omitting PODIO collection 'InclusiveKinematicsElectron' due to exception: JOmniFactory: Failed to get collection HadronicFinalState: round_beam_four_momentum: no match for beam momentum 5.000 GeV within 10% of any of the allowed values.
[e:0] [JEventProcessorPODIO] [error] Omitting PODIO collection 'InclusiveKinematicsJB' due to exception: JOmniFactory: Failed to get collection HadronicFinalState: round_beam_four_momentum: no match for beam momentum 5.000 GeV within 10% of any of the allowed values.
[e:0] [JEventProcessorPODIO] [error] Omitting PODIO collection 'InclusiveKinematicsML' due to exception: JOmniFactory: Failed to get collection InclusiveKinematicsElectron: JOmniFactory: Failed to get collection HadronicFinalState: round_beam_four_momentum: no match for beam momentum 5.000 GeV within 10% of any of the allowed values.
[e:0] [JEventProcessorPODIO] [error] Omitting PODIO collection 'InclusiveKinematicsSigma' due to exception: JOmniFactory: Failed to get collection HadronicFinalState: round_beam_four_momentum: no match for beam momentum 5.000 GeV within 10% of any of the allowed values.
[e:0] [JEventProcessorPODIO] [error] Omitting PODIO collection 'InclusiveKinematicseSigma' due to exception: JOmniFactory: Failed to get collection InclusiveKinematicsESigma: JOmniFactory: Failed to get collection HadronicFinalState: round_beam_four_momentum: no match for beam momentum 5.000 GeV within 10% of any of the allowed values.
[e:0] [JEventProcessorPODIO] [error] Omitting PODIO collection 'ReconstructedBreitFrameParticles' due to exception: JOmniFactory: Failed to get collection InclusiveKinematicsElectron: JOmniFactory: Failed to get collection HadronicFinalState: round_beam_four_momentum: no match for beam momentum 5.000 GeV within 10% of any of the allowed values.
[e:0] [JEventProcessorPODIO] [error] Omitting PODIO collection 'ReconstructedCentauroJets' due to exception: JOmniFactory: Failed to get collection ReconstructedBreitFrameParticles: JOmniFactory: Failed to get collection InclusiveKinematicsElectron: JOmniFactory: Failed to get collection HadronicFinalState: round_beam_four_momentum: no match for beam momentum 5.000 GeV within 10% of any of the allowed values.
[e:0] [FOFFMTRK:ForwardOffMRecParticles] [error] No beam protons found
[e:0] [JEventProcessorPODIO] [error] Omitting PODIO collection 'ForwardOffMRecParticles' due to exception: No beam protons found.
[e:0] [RPOTS:ForwardRomanPotRecParticles] [error] No beam protons found
[e:0] [JEventProcessorPODIO] [error] Omitting PODIO collection 'ForwardRomanPotRecParticles' due to exception: No beam protons found.
[e:0] [RPOTS:ForwardRomanPotStaticRecParticles] [error] No beam protons found
[e:0] [JEventProcessorPODIO] [error] Omitting PODIO collection 'ForwardRomanPotStaticRecParticles' due to exception: No beam protons found.
[e:0] [JEventProcessorPODIO] [error] Omitting PODIO collection 'GeneratedBreitFrameParticles' due to exception: JOmniFactory: Failed to get collection InclusiveKinematicsElectron: JOmniFactory: Failed to get collection HadronicFinalState: round_beam_four_momentum: no match for beam momentum 5.000 GeV within 10% of any of the allowed values.
[e:0] [JEventProcessorPODIO] [error] Omitting PODIO collection 'GeneratedCentauroJets' due to exception: JOmniFactory: Failed to get collection GeneratedBreitFrameParticles: JOmniFactory: Failed to get collection InclusiveKinematicsElectron: JOmniFactory: Failed to get collection HadronicFinalState: round_beam_four_momentum: no match for beam momentum 5.000 GeV within 10% of any of the allowed values.
[e:0] [JEventProcessorPODIO] [error] Omitting PODIO collection 'HadronicFinalState' due to exception: round_beam_four_momentum: no match for beam momentum 5.000 GeV within 10% of any of the allowed values.
[e:0] [JEventProcessorPODIO] [error] Omitting PODIO collection 'InclusiveKinematicsDA' due to exception: JOmniFactory: Failed to get collection HadronicFinalState: round_beam_four_momentum: no match for beam momentum 5.000 GeV within 10% of any of the allowed values.
[e:0] [JEventProcessorPODIO] [error] Omitting PODIO collection 'InclusiveKinematicsESigma' due to exception: JOmniFactory: Failed to get collection HadronicFinalState: round_beam_four_momentum: no match for beam momentum 5.000 GeV within 10% of any of the allowed values.
[e:0] [JEventProcessorPODIO] [error] Omitting PODIO collection 'InclusiveKinematicsElectron' due to exception: JOmniFactory: Failed to get collection HadronicFinalState: round_beam_four_momentum: no match for beam momentum 5.000 GeV within 10% of any of the allowed values.
[e:0] [JEventProcessorPODIO] [error] Omitting PODIO collection 'InclusiveKinematicsJB' due to exception: JOmniFactory: Failed to get collection HadronicFinalState: round_beam_four_momentum: no match for beam momentum 5.000 GeV within 10% of any of the allowed values.
[e:0] [JEventProcessorPODIO] [error] Omitting PODIO collection 'InclusiveKinematicsML' due to exception: JOmniFactory: Failed to get collection InclusiveKinematicsElectron: JOmniFactory: Failed to get collection HadronicFinalState: round_beam_four_momentum: no match for beam momentum 5.000 GeV within 10% of any of the allowed values.
[e:0] [JEventProcessorPODIO] [error] Omitting PODIO collection 'InclusiveKinematicsSigma' due to exception: JOmniFactory: Failed to get collection HadronicFinalState: round_beam_four_momentum: no match for beam momentum 5.000 GeV within 10% of any of the allowed values.
[e:0] [JEventProcessorPODIO] [error] Omitting PODIO collection 'InclusiveKinematicseSigma' due to exception: JOmniFactory: Failed to get collection InclusiveKinematicsESigma: JOmniFactory: Failed to get collection HadronicFinalState: round_beam_four_momentum: no match for beam momentum 5.000 GeV within 10% of any of the allowed values.
[e:0] [JEventProcessorPODIO] [error] Omitting PODIO collection 'ReconstructedBreitFrameParticles' due to exception: JOmniFactory: Failed to get collection InclusiveKinematicsElectron: JOmniFactory: Failed to get collection HadronicFinalState: round_beam_four_momentum: no match for beam momentum 5.000 GeV within 10% of any of the allowed values.
[e:0] [JEventProcessorPODIO] [error] Omitting PODIO collection 'ReconstructedCentauroJets' due to exception: JOmniFactory: Failed to get collection ReconstructedBreitFrameParticles: JOmniFactory: Failed to get collection InclusiveKinematicsElectron: JOmniFactory: Failed to get collection HadronicFinalState: round_beam_four_momentum: no match for beam momentum 5.000 GeV within 10% of any of the allowed values.
[e:0] [LUMISPECCAL:EcalLumiSpecTruthClustersWithoutShapes] [warning] zero total weights encountered, you may want to adjust your weighting parameter.
[e:0] [FOFFMTRK:ForwardOffMRecParticles] [error] No beam protons found
[e:0] [JEventProcessorPODIO] [error] Omitting PODIO collection 'ForwardOffMRecParticles' due to exception: No beam protons found.
[e:0] [RPOTS:ForwardRomanPotRecParticles] [error] No beam protons found
[e:0] [JEventProcessorPODIO] [error] Omitting PODIO collection 'ForwardRomanPotRecParticles' due to exception: No beam protons found.
[e:0] [RPOTS:ForwardRomanPotStaticRecParticles] [error] No beam protons found
[e:0] [JEventProcessorPODIO] [error] Omitting PODIO collection 'ForwardRomanPotStaticRecParticles' due to exception: No beam protons found.
[e:0] [JEventProcessorPODIO] [error] Omitting PODIO collection 'GeneratedBreitFrameParticles' due to exception: JOmniFactory: Failed to get collection InclusiveKinematicsElectron: JOmniFactory: Failed to get collection HadronicFinalState: round_beam_four_momentum: no match for beam momentum 5.000 GeV within 10% of any of the allowed values.
[e:0] [JEventProcessorPODIO] [error] Omitting PODIO collection 'GeneratedCentauroJets' due to exception: JOmniFactory: Failed to get collection GeneratedBreitFrameParticles: JOmniFactory: Failed to get collection InclusiveKinematicsElectron: JOmniFactory: Failed to get collection HadronicFinalState: round_beam_four_momentum: no match for beam momentum 5.000 GeV within 10% of any of the allowed values.
[e:0] [JEventProcessorPODIO] [error] Omitting PODIO collection 'HadronicFinalState' due to exception: round_beam_four_momentum: no match for beam momentum 5.000 GeV within 10% of any of the allowed values.
[e:0] [JEventProcessorPODIO] [error] Omitting PODIO collection 'InclusiveKinematicsDA' due to exception: JOmniFactory: Failed to get collection HadronicFinalState: round_beam_four_momentum: no match for beam momentum 5.000 GeV within 10% of any of the allowed values.
[e:0] [JEventProcessorPODIO] [error] Omitting PODIO collection 'InclusiveKinematicsESigma' due to exception: JOmniFactory: Failed to get collection HadronicFinalState: round_beam_four_momentum: no match for beam momentum 5.000 GeV within 10% of any of the allowed values.
[e:0] [JEventProcessorPODIO] [error] Omitting PODIO collection 'InclusiveKinematicsElectron' due to exception: JOmniFactory: Failed to get collection HadronicFinalState: round_beam_four_momentum: no match for beam momentum 5.000 GeV within 10% of any of the allowed values.
[e:0] [JEventProcessorPODIO] [error] Omitting PODIO collection 'InclusiveKinematicsJB' due to exception: JOmniFactory: Failed to get collection HadronicFinalState: round_beam_four_momentum: no match for beam momentum 5.000 GeV within 10% of any of the allowed values.
[e:0] [JEventProcessorPODIO] [error] Omitting PODIO collection 'InclusiveKinematicsML' due to exception: JOmniFactory: Failed to get collection InclusiveKinematicsElectron: JOmniFactory: Failed to get collection HadronicFinalState: round_beam_four_momentum: no match for beam momentum 5.000 GeV within 10% of any of the allowed values.
[e:0] [JEventProcessorPODIO] [error] Omitting PODIO collection 'InclusiveKinematicsSigma' due to exception: JOmniFactory: Failed to get collection HadronicFinalState: round_beam_four_momentum: no match for beam momentum 5.000 GeV within 10% of any of the allowed values.
[e:0] [JEventProcessorPODIO] [error] Omitting PODIO collection 'InclusiveKinematicseSigma' due to exception: JOmniFactory: Failed to get collection InclusiveKinematicsESigma: JOmniFactory: Failed to get collection HadronicFinalState: round_beam_four_momentum: no match for beam momentum 5.000 GeV within 10% of any of the allowed values.
[e:0] [JEventProcessorPODIO] [error] Omitting PODIO collection 'ReconstructedBreitFrameParticles' due to exception: JOmniFactory: Failed to get collection InclusiveKinematicsElectron: JOmniFactory: Failed to get collection HadronicFinalState: round_beam_four_momentum: no match for beam momentum 5.000 GeV within 10% of any of the allowed values.
[e:0] [JEventProcessorPODIO] [error] Omitting PODIO collection 'ReconstructedCentauroJets' due to exception: JOmniFactory: Failed to get collection ReconstructedBreitFrameParticles: JOmniFactory: Failed to get collection InclusiveKinematicsElectron: JOmniFactory: Failed to get collection HadronicFinalState: round_beam_four_momentum: no match for beam momentum 5.000 GeV within 10% of any of the allowed values.
[e:0] [FOFFMTRK:ForwardOffMRecParticles] [error] No beam protons found
[e:0] [JEventProcessorPODIO] [error] Omitting PODIO collection 'ForwardOffMRecParticles' due to exception: No beam protons found.
[e:0] [RPOTS:ForwardRomanPotRecParticles] [error] No beam protons found
[e:0] [JEventProcessorPODIO] [error] Omitting PODIO collection 'ForwardRomanPotRecParticles' due to exception: No beam protons found.
[e:0] [RPOTS:ForwardRomanPotStaticRecParticles] [error] No beam protons found
[e:0] [JEventProcessorPODIO] [error] Omitting PODIO collection 'ForwardRomanPotStaticRecParticles' due to exception: No beam protons found.
[e:0] [JEventProcessorPODIO] [error] Omitting PODIO collection 'GeneratedBreitFrameParticles' due to exception: JOmniFactory: Failed to get collection InclusiveKinematicsElectron: JOmniFactory: Failed to get collection HadronicFinalState: round_beam_four_momentum: no match for beam momentum 5.000 GeV within 10% of any of the allowed values.
[e:0] [JEventProcessorPODIO] [error] Omitting PODIO collection 'GeneratedCentauroJets' due to exception: JOmniFactory: Failed to get collection GeneratedBreitFrameParticles: JOmniFactory: Failed to get collection InclusiveKinematicsElectron: JOmniFactory: Failed to get collection HadronicFinalState: round_beam_four_momentum: no match for beam momentum 5.000 GeV within 10% of any of the allowed values.
[e:0] [JEventProcessorPODIO] [error] Omitting PODIO collection 'HadronicFinalState' due to exception: round_beam_four_momentum: no match for beam momentum 5.000 GeV within 10% of any of the allowed values.
[e:0] [JEventProcessorPODIO] [error] Omitting PODIO collection 'InclusiveKinematicsDA' due to exception: JOmniFactory: Failed to get collection HadronicFinalState: round_beam_four_momentum: no match for beam momentum 5.000 GeV within 10% of any of the allowed values.
[e:0] [JEventProcessorPODIO] [error] Omitting PODIO collection 'InclusiveKinematicsESigma' due to exception: JOmniFactory: Failed to get collection HadronicFinalState: round_beam_four_momentum: no match for beam momentum 5.000 GeV within 10% of any of the allowed values.
[e:0] [JEventProcessorPODIO] [error] Omitting PODIO collection 'InclusiveKinematicsElectron' due to exception: JOmniFactory: Failed to get collection HadronicFinalState: round_beam_four_momentum: no match for beam momentum 5.000 GeV within 10% of any of the allowed values.
[e:0] [JEventProcessorPODIO] [error] Omitting PODIO collection 'InclusiveKinematicsJB' due to exception: JOmniFactory: Failed to get collection HadronicFinalState: round_beam_four_momentum: no match for beam momentum 5.000 GeV within 10% of any of the allowed values.
[e:0] [JEventProcessorPODIO] [error] Omitting PODIO collection 'InclusiveKinematicsML' due to exception: JOmniFactory: Failed to get collection InclusiveKinematicsElectron: JOmniFactory: Failed to get collection HadronicFinalState: round_beam_four_momentum: no match for beam momentum 5.000 GeV within 10% of any of the allowed values.
[e:0] [JEventProcessorPODIO] [error] Omitting PODIO collection 'InclusiveKinematicsSigma' due to exception: JOmniFactory: Failed to get collection HadronicFinalState: round_beam_four_momentum: no match for beam momentum 5.000 GeV within 10% of any of the allowed values.
[e:0] [JEventProcessorPODIO] [error] Omitting PODIO collection 'InclusiveKinematicseSigma' due to exception: JOmniFactory: Failed to get collection InclusiveKinematicsESigma: JOmniFactory: Failed to get collection HadronicFinalState: round_beam_four_momentum: no match for beam momentum 5.000 GeV within 10% of any of the allowed values.
[e:0] [JEventProcessorPODIO] [error] Omitting PODIO collection 'ReconstructedBreitFrameParticles' due to exception: JOmniFactory: Failed to get collection InclusiveKinematicsElectron: JOmniFactory: Failed to get collection HadronicFinalState: round_beam_four_momentum: no match for beam momentum 5.000 GeV within 10% of any of the allowed values.
[e:0] [JEventProcessorPODIO] [error] Omitting PODIO collection 'ReconstructedCentauroJets' due to exception: JOmniFactory: Failed to get collection ReconstructedBreitFrameParticles: JOmniFactory: Failed to get collection InclusiveKinematicsElectron: JOmniFactory: Failed to get collection HadronicFinalState: round_beam_four_momentum: no match for beam momentum 5.000 GeV within 10% of any of the allowed values.
11:12:59.696  [info] Closed JEventSource 'JEventSourcePODIO' ('/work/eic/users/aabhishe/EIC_3He_5x41_bc.hepmc3.tree_sim_output.root')
11:12:59.894  [info] Processing paused.
11:12:59.894  [info] Detailed report:
11:12:59.894  [info] 
11:12:59.894  [info]   Avg throughput [Hz]:         10.7
11:12:59.894  [info]   Completed events [count]:    100
11:12:59.895  [info]   Total uptime [s]:            9.315
11:12:59.895  [info]   Thread team size [count]:    1
11:12:59.895  [info] 
11:12:59.895  [info]   Arrow-level metrics:
11:12:59.895  [info] 
11:12:59.896  [info]   - Arrow name:                 PhysicsEventSource
11:12:59.896  [info]     Parallel:                   0
11:12:59.896  [info]     Events completed:           100
11:12:59.896  [info]     Avg latency [ms/event]:     3.32
11:12:59.896  [info]     Throughput bottleneck [Hz]: 301.205
11:12:59.897  [info] 
11:12:59.897  [info]   - Arrow name:                 PhysicsEventMap1
11:12:59.898  [info]     Parallel:                   1
11:12:59.898  [info]     Events completed:           100
11:12:59.898  [info]     Avg latency [ms/event]:     87.19
11:12:59.898  [info]     Throughput bottleneck [Hz]: 11.4692
11:12:59.898  [info] 
11:12:59.898  [info]   Total useful time [s]:     9.051
11:12:59.899  [info]   Total scheduler time [s]:  0.263
11:12:59.899  [info]   Total idle time [s]:       0
11:12:59.899  [info] 
11:12:59.899  [info] Final report: 100 events processed at 10.7 Hz
[] [JEventProcessorPODIO] [info] Propagated 1 'meta' frame(s) to output file
[] [JEventProcessorPODIO] [info] Propagated 1 'metadata' frame(s) to output file
[] [JEventProcessorPODIO] [info] Propagated 1 'runs' frame(s) to output file
11:13:00.566  [info] Finalized JEventProcessor JEventProcessorPODIO
Links:
100 calls, 0.85 s ( 14.4%) :CentralWithoutTOFTrackerMeasurements -> :CentralTrackingRecHits
100 calls, 1.25 s ( 21.2%) :CentralTrackerMeasurements -> :CentralWithoutTOFTrackerMeasurements
100 calls, 1.26 s ( 21.3%) :CentralCKFTrajectories -> :CentralTrackerMeasurements
200 calls, 1.34 s ( 22.7%) :CentralCKFActsTrackStates -> :CentralCKFActsTrackStatesUnfiltered
200 calls, 1.34 s ( 22.7%) :CentralCKFTrajectories -> :CentralCKFActsTrackStates
100 calls, 3.34 s ( 56.6%) :CalorimeterTrackProjections -> :CentralCKFTrajectories
100 calls, 3.42 s ( 57.9%) :EcalBarrelTrackClusterMatches -> :CalorimeterTrackProjections
100 calls, 3.53 s ( 59.8%) :BarrelTrackClusterMatches -> :EcalBarrelTrackClusterMatches
100 calls, 3.55 s ( 60.1%) :BarrelChargedCandidateParticlesAlpha -> :BarrelTrackClusterMatches
100 calls, 3.55 s ( 60.1%) JEventProcessorPODIO -> :BarrelChargedCandidateParticlesAlpha
Factories:
0.20 s (  3.5%) :SiEndcapTrackerRecHits
0.26 s (  4.4%) :SiBarrelTrackerRecHits
0.35 s (  6.0%) :ReconstructedNeutralJets
0.39 s (  6.6%) :ReconstructedChargedJets
0.40 s (  6.7%) :ReconstructedJets
0.40 s (  6.8%) :CentralWithoutTOFTrackerMeasurements
0.41 s (  6.9%) :GeneratedJets
0.42 s (  7.1%) :GeneratedChargedJets
0.60 s ( 10.2%) :CentralTrackSeeds
1.34 s ( 22.7%) :CentralCKFActsTrackStatesUnfiltered
11:13:00.571  [info] Finalized JEventProcessor JEventProcessorJANATOP
11:13:00.572  [info] Finished processing.
[] [JEventSourcePODIO] [info] Closing Event Source for /work/eic/users/aabhishe/EIC_3He_5x41_bc.hepmc3.tree_sim_output.root
